age,sex,race,education,income_ratio,smoke,active_min,met_guideline,prior_disease,bmi,died,follow_months
62,female,5,3,1.83,never,0,0,0,58.04,0,146
71,male,3,3,1.5,former,0,0,0,30.05,0,146
52,male,1,1,2.2,never,0,0,0,27.56,0,143
64,male,1,2,4.01,former,90,0,0,33.64,0,135
66,male,4,4,1.14,never,0,0,0,44.06,0,140
61,female,1,1,1.75,never,0,0,1,31.21,0,142
40,female,1,3,2.15,never,0,0,0,36.59,0,143
66,female,4,4,4.09,former,0,0,0,27.69,0,134
72,male,3,1,1.02,never,0,0,0,29.02,0,145
77,female,3,2,1.57,current,0,0,1,19.96,1,27
40,male,1,3,1.3,current,0,0,0,25.46,0,139
61,male,3,5,5,former,0,0,0,25.53,0,148
64,female,1,1,0.59,never,0,0,0,28.37,1,81
68,male,4,1,1.63,never,0,0,0,28.16,0,150
70,male,3,1,4.6,former,180,1,1,36.27,1,142
63,male,3,5,3.29,former,150,1,1,23.32,0,138
77,male,3,4,4.38,never,0,0,1,NA,0,147
48,male,2,4,1.14,current,360,1,0,34.28,0,141
80,female,3,4,1.24,current,0,0,0,18.47,1,94
80,female,2,1,1.34,never,0,0,0,22.4,1,72
70,male,3,5,4.33,former,720,1,0,29.65,0,151
74,female,3,1,1.68,former,0,0,1,36.95,1,126
50,male,3,5,5,never,900,1,0,29.12,0,135
70,male,4,3,2.04,current,135,0,1,28.35,0,139
72,male,3,4,1.21,never,100,0,0,26.28,0,137
80,female,3,5,2.19,former,90,0,0,NA,0,137
51,male,4,3,2.84,former,0,0,0,25.22,0,153
64,female,3,3,2.4,former,90,0,1,25.84,0,143
44,male,3,3,0.82,never,6720,1,0,26.89,0,146
63,male,5,2,NA,former,0,0,1,31.09,0,144
43,male,2,2,1.81,never,120,0,0,26.2,0,137
44,female,3,4,5,never,45,0,0,28.83,0,133
43,female,3,5,4.72,never,0,0,0,35.7,0,149
60,female,4,3,1.16,never,0,0,0,32.83,0,132
40,female,1,1,1.27,current,0,0,0,28.36,0,136
45,female,3,4,4.95,never,10,0,0,30.81,0,135
49,male,3,4,4.24,never,120,0,0,32.7,0,146
61,female,4,3,0.29,never,540,1,0,35.01,0,135
45,male,1,3,0.47,former,900,1,0,23.26,0,137
54,male,3,4,0.73,former,0,0,1,21.34,0,134
78,female,4,1,0.6,never,0,0,0,37.82,0,153
50,female,4,2,1.22,current,0,0,0,31.72,0,142
50,male,3,4,5,never,0,0,0,36.8,0,149
46,female,3,5,5,never,180,1,0,29.54,0,153
72,male,3,3,1.46,current,105,0,0,24.46,1,144
51,male,2,4,2.92,current,140,0,0,25.47,0,137
55,male,3,1,0.76,current,0,0,1,20.62,1,7
57,male,3,4,5,current,0,0,0,25.16,0,149
76,male,1,1,3.43,former,0,0,0,27.77,0,152
68,male,4,2,3,current,0,0,1,34.2,0,142
67,female,3,5,5,never,0,0,1,19.69,0,147
71,female,3,3,3,former,540,1,0,19.12,0,133
60,male,4,3,2.77,current,0,0,0,26.16,0,131
66,female,2,1,NA,never,0,0,0,35.87,0,154
44,female,4,4,0.86,never,0,0,0,26.34,0,155
76,male,1,5,1.4,former,0,0,0,29.83,1,65
76,female,3,2,1.03,current,0,0,0,18.49,0,146
61,male,2,1,0.47,current,0,0,0,23.6,0,144
52,female,2,4,2.64,never,480,1,0,31.63,0,134
46,female,3,3,5,former,180,1,0,26.7,0,149
67,female,2,3,0.63,former,120,0,1,26.31,1,47
75,female,3,3,0.8,former,1260,1,1,25.23,1,131
80,female,3,2,2.14,never,0,0,1,28.65,1,32
71,male,4,5,5,former,0,0,0,32.42,0,133
67,female,4,2,1.11,former,0,0,0,33.37,0,144
80,female,3,3,1.47,former,0,0,NA,23.74,1,4
46,female,3,4,5,never,300,1,0,37.79,0,148
41,female,3,3,1.04,never,0,0,0,42.69,0,151
68,female,2,1,2.71,never,240,1,0,25.83,0,148
80,female,3,3,5,former,210,1,1,24.04,0,138
61,female,1,3,1.81,never,140,0,0,26.44,0,135
80,female,3,4,NA,never,120,0,0,34.1,0,136
73,female,3,3,1.57,never,960,1,0,27.16,0,133
58,male,3,3,5,never,180,1,0,28.51,0,137
70,female,5,5,3.21,never,90,0,0,26.43,0,140
80,female,3,1,3.93,never,0,0,1,24.56,0,139
64,male,3,4,1.27,current,0,0,0,29.12,1,145
43,female,3,4,2.9,former,720,1,0,32.41,0,133
66,male,4,5,5,never,60,0,0,28.28,0,157
80,male,3,3,1.92,never,0,0,1,25.76,1,73
63,female,1,2,2.56,never,225,1,0,23.42,0,133
71,female,3,3,1.15,current,0,0,1,24.53,1,51
61,female,3,4,1.96,former,1020,1,0,23.31,0,151
71,male,3,3,3.02,never,170,1,0,36.98,1,96
63,male,4,3,1.24,never,0,0,0,51.91,0,148
44,female,3,5,NA,former,60,0,0,29.41,0,133
72,male,3,4,5,never,360,1,1,27.19,0,157
49,male,3,2,1.9,current,0,0,0,29.28,0,146
52,male,1,5,5,former,1920,1,0,30.95,0,135
60,male,3,3,5,never,660,1,0,31.98,0,149
50,male,4,4,5,current,360,1,0,35.12,0,146
60,female,2,4,NA,former,90,0,0,26.06,0,136
42,male,3,4,4.14,never,0,0,0,34.52,0,136
51,male,4,4,4.75,former,1800,1,0,41.12,1,79
55,male,3,2,1.28,current,0,0,0,26.47,1,100
55,female,4,3,3.43,never,0,0,0,45.13,0,133
62,male,4,3,2.42,current,1680,1,0,23.29,0,140
73,female,3,3,3.65,never,0,0,0,29.08,0,155
42,male,3,4,1.28,current,0,0,0,17.89,0,146
74,female,3,3,1.46,never,0,0,0,24.33,0,145
72,female,3,2,2.34,former,150,1,0,23.87,0,145
50,female,1,1,0.64,never,0,0,0,35.28,0,143
77,female,3,3,1.05,never,360,1,0,26.36,0,142
47,female,3,5,5,never,450,1,0,18.2,0,134
53,male,3,2,5,former,30,0,0,38.63,0,149
46,female,1,3,0.51,never,75,0,0,31.91,0,152
64,female,3,5,5,never,0,0,1,25.4,0,158
69,male,4,1,0.99,never,0,0,0,30.93,1,37
79,male,4,5,2.88,never,120,0,1,28.18,1,22
62,female,1,3,0.73,never,0,0,1,28.91,0,141
73,female,3,3,2.56,never,90,0,0,40.45,0,138
78,male,3,4,2.88,former,0,0,0,37.68,1,50
79,female,3,2,1.76,former,0,0,0,25.79,1,145
60,female,1,1,2.27,never,0,0,0,29.56,0,133
41,male,3,2,1.01,current,0,0,0,24,0,140
73,female,3,3,1.57,never,0,0,0,28.2,0,147
54,female,3,5,5,never,420,1,0,23.05,0,149
54,male,3,5,4.84,former,60,0,0,26.09,0,147
57,female,1,5,5,never,0,0,0,28.5,0,138
71,female,2,1,1.24,never,0,0,0,31.13,0,150
80,female,2,2,2.45,never,2100,1,0,26.75,1,136
69,male,2,2,2.86,former,0,0,0,25.95,0,136
61,female,4,2,1.39,never,0,0,0,34.75,0,137
48,female,1,4,1.64,never,0,0,0,24.24,0,153
64,female,3,2,0.98,never,0,0,1,47.06,1,143
66,male,3,3,4.38,current,0,0,1,32.03,0,151
80,female,3,5,1.57,never,0,0,1,26.65,1,106
78,male,3,2,2.56,former,135,0,1,35.68,1,99
43,male,3,3,1.18,never,75,0,0,39.23,0,148
44,male,3,3,1.61,current,0,0,0,30.29,0,151
60,female,4,3,1.35,never,0,0,0,NA,1,4
69,male,3,3,2.08,former,150,1,1,28.15,1,52
61,male,4,4,5,former,0,0,1,24.2,0,143
68,female,3,3,3.65,never,0,0,0,23.48,0,146
80,male,3,2,1.44,former,420,1,0,27.97,1,107
79,female,1,1,1.33,never,0,0,1,29.97,1,134
63,female,4,5,2.06,current,720,1,0,24.65,0,134
78,male,3,5,4.38,never,0,0,1,25.65,0,133
43,male,3,5,5,current,540,1,0,27.36,0,144
58,female,3,1,1.18,never,0,0,0,36.21,0,157
43,female,1,2,0.63,never,100,0,0,28.36,0,135
75,female,3,2,1.2,never,0,0,0,30.19,1,116
70,female,3,5,4.38,former,0,0,0,NA,1,37
76,male,3,4,2.14,never,0,0,1,NA,1,13
65,male,3,3,1.79,former,0,0,0,25.09,0,138
52,male,3,4,NA,never,0,0,0,24.26,0,151
69,male,4,3,3.32,former,0,0,1,28.12,1,17
60,male,3,4,0.19,current,360,1,1,20.83,0,134
48,female,4,3,3.22,former,0,0,0,29.9,0,136
44,male,1,4,2.95,never,0,0,0,32.64,0,140
76,male,4,5,5,former,300,1,0,28.03,0,153
78,male,3,1,1.61,former,0,0,0,29.9,0,133
59,male,1,2,0.91,former,0,0,0,NA,1,20
65,female,3,4,NA,never,180,1,0,19.65,0,157
78,female,3,3,5,never,120,0,0,24.31,0,135
51,female,2,2,2.34,never,0,0,0,30.82,0,134
42,female,4,4,2.19,never,0,0,0,21.87,0,132
46,female,3,3,1.19,current,0,0,1,27.03,0,134
80,female,3,4,1.31,former,0,0,1,31.63,1,46
70,male,3,3,5,former,420,1,1,29.87,0,134
59,female,1,1,1.58,former,0,0,0,34.91,0,153
42,female,2,4,2.84,never,0,0,0,59.13,0,152
71,male,3,3,1.18,current,120,0,0,28.65,0,142
47,female,1,5,0.92,former,0,0,0,19.03,0,134
53,male,3,3,0.48,current,0,0,1,20.41,1,61
77,male,3,5,1.65,former,0,0,1,30.81,0,148
54,female,4,5,5,never,0,0,0,29.9,0,134
68,male,4,1,1.43,never,0,0,0,25.95,0,154
70,female,3,3,3.71,former,60,0,1,38.48,0,155
55,female,1,1,2.56,never,0,0,0,33.64,0,143
69,male,1,1,0.8,never,0,0,1,36.04,1,97
56,female,4,5,4.13,never,0,0,0,46.52,0,150
63,female,3,5,3.93,former,0,0,0,26.65,0,157
53,female,3,2,0.9,current,0,0,1,24.18,0,146
53,female,1,4,4.09,never,0,0,0,24.88,0,142
60,male,2,1,0,never,0,0,0,27.65,0,141
60,female,3,5,3.92,never,180,1,NA,25.77,0,133
49,male,3,3,5,current,300,1,0,28.44,0,142
44,female,4,4,5,current,660,1,0,40.25,0,155
41,male,4,4,0.88,current,140,0,0,24.52,0,151
44,female,3,4,3.77,current,360,1,0,23.66,0,148
65,female,4,3,1.83,former,0,0,0,32.26,0,149
71,female,3,5,5,former,90,0,1,34.22,0,139
80,female,3,4,5,never,0,0,0,32.25,1,63
80,female,3,3,5,never,0,0,0,25.8,1,81
46,male,3,3,4.72,never,0,0,0,30.45,0,147
48,male,3,3,5,never,180,1,0,29.51,0,134
66,male,1,2,0.06,former,0,0,0,24.84,1,22
42,male,3,4,1.96,former,0,0,0,36.47,0,137
62,male,5,3,2.05,former,0,0,1,21.36,1,52
61,female,3,3,2.71,never,0,0,0,32.58,0,154
66,male,4,3,0.88,current,120,0,0,19.93,1,107
71,male,3,4,2.35,current,0,0,1,32.71,1,108
55,female,1,5,5,never,0,0,0,48.47,0,139
71,female,3,3,1.02,never,0,0,0,23.48,0,132
78,female,2,4,0.8,never,0,0,0,34.91,0,150
52,female,3,2,0.97,current,0,0,0,23.95,0,149
45,male,1,1,1.99,former,0,0,0,37.86,0,133
66,male,1,1,0.35,former,0,0,0,27.24,0,149
59,female,3,5,5,current,180,1,0,19.67,0,157
51,male,3,5,5,former,90,0,0,22.48,0,137
52,male,4,5,5,never,510,1,0,31.25,0,134
68,male,1,1,0.33,never,45,0,0,25.31,1,38
52,male,1,3,5,never,120,0,0,33.05,0,155
80,male,3,4,4.9,current,0,0,1,29.44,1,28
79,female,3,4,3.75,never,840,1,0,20.31,1,103
62,male,1,1,1.01,former,0,0,0,27.64,0,144
44,male,1,1,1.74,former,360,1,0,26.03,0,141
43,female,4,3,1.93,current,0,0,0,29.95,0,145
71,male,3,1,4.37,never,90,0,0,35.84,1,130
45,male,4,3,3.38,never,0,0,0,17.96,0,136
71,female,3,2,1.25,never,0,0,0,27.94,0,158
63,male,4,1,0.1,never,0,0,0,39.98,1,81
51,male,2,5,1.13,never,600,1,0,34.4,0,137
75,male,3,5,NA,never,0,0,1,NA,1,32
80,male,3,1,1.31,never,0,0,1,22.62,1,44
76,male,2,1,1.7,never,0,0,0,23.6,1,57
53,male,3,4,5,former,60,0,0,26.3,0,136
52,female,3,3,3.69,never,135,0,0,36.27,0,158
50,male,5,3,0.98,current,0,0,0,32.97,0,144
44,male,3,4,5,never,0,0,0,28.09,0,148
52,male,3,5,5,never,2040,1,0,26.49,0,155
57,female,3,4,1.29,former,0,0,0,33.81,0,148
46,male,3,4,5,never,240,1,0,24.76,0,136
48,female,4,4,1.71,never,240,1,0,31.02,0,141
59,female,1,3,5,never,90,0,0,28.02,0,143
63,male,3,4,1,former,315,1,0,31.66,0,133
44,female,3,3,1.99,current,0,0,0,27.06,0,146
42,male,1,2,1.93,never,160,1,0,28.13,0,153
77,male,3,5,NA,former,360,1,1,25.47,0,147
46,male,3,3,3.77,current,0,0,0,33.09,0,148
49,male,3,3,5,current,360,1,0,28.05,0,132
80,male,3,5,3.65,former,210,1,1,20.71,1,36
57,female,3,2,0.43,current,0,0,0,17.85,0,153
55,female,4,2,0.77,never,100,0,0,31.09,0,141
66,male,3,5,4.38,former,480,1,0,36.66,0,147
58,female,4,2,2.43,never,0,0,0,33.63,0,142
67,female,4,3,3.07,former,0,0,0,29.17,0,134
71,female,3,4,2.14,never,90,0,0,29.04,0,153
46,male,4,5,5,never,100,0,0,33.97,0,153
78,male,3,5,4.38,former,240,1,1,25.7,0,138
44,female,3,3,0.79,current,0,0,0,34.99,0,158
52,female,2,2,3.57,never,60,0,0,35.28,0,154
72,male,5,5,5,never,720,1,0,23.57,0,145
61,male,2,4,1.25,never,840,1,0,26.51,0,152
66,male,4,4,5,former,230,1,0,28.14,0,152
80,male,4,1,2.36,never,0,0,0,31.14,1,20
50,male,3,4,5,current,20,0,0,31.38,0,133
60,female,2,2,1.26,never,60,0,0,28.77,0,146
41,female,3,3,5,never,75,0,0,23.33,0,157
63,female,1,4,5,never,100,0,0,31.03,0,143
50,male,3,2,2.88,former,0,0,0,23.72,1,90
53,female,3,2,4.64,current,0,0,0,28.82,0,148
51,female,1,2,0.58,current,0,0,0,23.74,0,155
55,male,1,1,NA,former,0,0,0,24.4,0,143
72,female,1,1,0.61,never,0,0,0,42.03,0,143
49,female,4,2,1.51,never,0,0,0,32.06,0,153
75,male,3,1,NA,never,0,0,0,25.31,1,92
67,female,3,5,5,never,120,0,0,28.42,0,151
43,female,3,5,5,never,600,1,0,24.19,0,137
43,female,1,1,0.03,never,180,1,1,30.47,0,136
72,male,3,3,0.81,never,960,1,1,28.9,1,96
60,male,1,4,1.18,former,0,0,0,29.11,1,136
67,male,4,1,0.71,current,0,0,0,36.16,0,133
80,female,3,3,2.84,former,0,0,1,NA,1,119
79,male,3,2,1.2,never,0,0,0,28.96,1,56
41,male,2,3,2.36,never,0,0,0,37.71,0,136
71,female,4,3,3.65,never,120,0,0,34.31,0,141
50,male,5,5,5,never,180,1,0,27.14,0,149
74,male,3,3,3.57,never,0,0,0,37.21,0,135
80,male,3,1,NA,never,0,0,1,25.47,0,155
41,female,3,3,4.38,current,720,1,0,26.91,0,133
57,male,3,4,1.96,former,0,0,1,29.78,1,143
52,female,4,3,1.96,current,0,0,0,24.33,0,143
50,male,1,1,1.41,never,420,1,0,25.76,0,137
80,male,3,3,1.31,never,0,0,1,28.6,1,86
61,male,3,4,5,former,0,0,0,37.8,0,134
65,male,1,4,2.19,never,260,1,1,28.47,0,154
65,male,3,3,1.71,never,0,0,0,33.45,0,145
56,female,1,4,1.24,current,0,0,0,31.78,0,142
61,female,3,5,3.65,former,0,0,0,25.57,0,146
50,male,3,4,5,never,0,0,0,32.02,0,151
77,male,2,2,0.18,former,0,0,0,30.89,0,144
80,female,3,3,3.37,never,0,0,0,26.5,0,141
69,male,3,4,1.61,former,540,1,1,28.57,0,146
61,female,2,4,1.36,never,0,0,0,31.77,0,145
56,male,3,5,5,never,240,1,0,NA,0,151
63,male,5,5,2.92,never,60,0,0,23.77,0,137
58,male,3,5,5,never,460,1,0,31.55,0,136
46,female,3,5,5,never,135,0,0,29.06,0,134
40,male,2,3,2.04,never,270,1,0,25.05,0,144
43,male,1,1,NA,never,0,0,0,27.23,0,136
68,male,3,3,1,former,0,0,0,25.03,1,54
59,male,3,1,NA,former,0,0,1,31.96,0,134
50,male,3,3,5,never,45,0,1,29.78,0,137
50,female,3,4,5,never,0,0,1,42.86,0,149
60,male,2,3,5,former,0,0,0,31.22,0,135
69,female,2,1,2.43,never,0,0,0,27.88,0,139
63,female,2,5,1.02,never,420,1,0,25.41,0,150
67,female,3,2,1.06,never,20,0,0,27.76,1,13
58,female,3,3,3.65,never,0,0,0,19.81,0,134
41,female,1,3,NA,former,120,0,0,34.91,0,145
51,female,1,1,3.4,current,0,0,0,24.13,0,134
61,female,2,5,1.66,never,0,0,0,27.04,0,149
66,female,4,4,2.6,current,225,1,0,24.83,0,146
51,female,2,2,5,current,90,0,0,20.88,0,144
70,female,3,5,4.64,never,300,1,1,38.2,0,148
60,female,3,5,5,current,120,0,0,29.79,0,143
63,male,1,4,1.71,former,0,0,1,22.56,0,136
75,female,4,3,4.09,former,0,0,1,27.52,0,145
80,female,3,3,NA,never,140,0,0,21.55,1,58
65,female,3,3,4.67,never,0,0,0,26.59,1,74
57,female,1,3,1.71,never,180,1,0,23.83,0,138
40,male,4,3,2.19,current,780,1,0,28.47,0,137
75,female,5,5,0.58,never,270,1,0,27.46,0,151
66,female,3,3,1.71,former,0,0,0,33.36,0,133
58,female,1,3,3.13,never,0,0,0,33.16,0,140
53,male,3,5,5,former,840,1,1,29.62,0,134
67,female,3,4,5,former,450,1,0,25.48,1,83
79,male,4,1,0.99,current,0,0,0,24.92,0,147
62,female,3,4,4.95,never,0,0,0,29.21,0,140
80,male,3,3,0.96,never,0,0,0,22.77,1,45
80,female,3,2,5,former,0,0,1,25.07,1,94
61,female,4,4,5,never,360,1,0,28.04,0,137
64,male,4,4,2.14,former,0,0,0,47.09,0,152
60,female,1,1,0.87,never,0,0,0,32.35,0,143
80,male,3,4,2.23,former,0,0,0,29.27,1,15
54,male,3,3,5,never,180,1,0,30.3,0,155
47,female,3,4,1.75,current,60,0,0,21.86,0,142
42,female,3,5,3.77,never,0,0,0,28.07,0,139
64,female,1,1,NA,former,0,0,0,30.6,0,135
77,male,1,1,1.81,never,0,0,0,27.91,0,153
58,female,3,4,3.86,never,0,0,1,33.98,0,136
47,female,3,5,5,never,1320,1,0,24.18,0,153
60,male,2,1,1.67,former,420,1,0,27.7,0,144
80,female,4,1,0.75,never,0,0,1,24.85,0,133
78,female,2,1,NA,current,0,0,0,26.84,0,149
62,female,2,4,1.23,never,390,1,0,28.57,0,153
46,female,3,3,3.69,never,180,1,0,27.56,0,155
64,female,3,3,NA,current,90,0,0,22.11,0,150
65,female,4,2,0.81,never,0,0,0,49.76,0,144
56,male,2,3,2.14,never,0,0,0,31.16,1,115
54,male,5,1,NA,current,240,1,0,27.99,0,144
61,female,1,4,2.5,never,0,0,0,24.28,0,136
79,male,3,3,5,former,0,0,0,23.67,1,62
71,female,3,3,1.31,former,630,1,1,29.05,0,148
62,male,4,3,0.65,former,0,0,1,26.26,1,3
62,female,4,2,1.15,former,0,0,0,18.66,0,154
62,male,4,4,2.29,former,300,1,0,35.07,0,134
57,male,3,3,5,current,180,1,0,22.16,0,134
55,male,1,3,1.83,never,0,0,1,29.61,0,140
51,male,1,1,2.26,former,0,0,1,23.68,1,46
64,female,4,4,1.07,former,90,0,1,30.81,0,153
46,female,3,4,4.12,never,360,1,0,33.21,0,144
73,female,3,4,1.86,former,0,0,0,22.19,0,152
44,female,3,2,5,current,0,0,0,NA,0,148
53,male,3,4,NA,current,0,0,0,28.31,0,136
42,male,3,1,0.96,never,0,0,0,29.28,0,144
53,male,1,1,0.73,current,0,0,1,27.31,0,143
52,male,3,3,0.55,never,0,0,0,44.17,0,144
67,female,1,3,1.14,former,160,1,0,28.48,0,136
64,male,5,3,2.9,current,840,1,0,30.77,0,136
68,female,3,3,NA,never,0,0,1,26.37,0,147
80,male,3,1,0.69,former,0,0,0,23.75,1,27
80,female,4,2,1.59,former,0,0,0,30,1,97
54,male,5,4,2.7,former,120,0,0,31.58,0,147
74,male,3,2,1.06,former,0,0,0,35.15,0,147
80,female,3,2,1.15,never,0,0,0,21,1,53
57,female,3,5,5,never,180,1,0,27,0,137
59,male,4,5,5,never,0,0,0,41.79,0,140
52,female,1,5,4.24,former,0,0,0,30.24,0,136
50,male,3,5,5,never,300,1,0,27.38,0,134
53,male,3,5,5,never,480,1,0,20.86,0,143
47,female,1,3,2.5,former,60,0,0,39.49,0,137
55,female,4,3,3.09,never,0,0,0,43.5,0,151
59,male,1,4,4.38,former,0,0,0,26.12,0,153
72,female,3,4,5,never,0,0,1,42.44,1,127
46,male,3,5,1.25,never,0,0,0,31.09,0,134
60,female,2,1,NA,never,0,0,0,34.31,0,152
71,male,4,1,1.51,never,0,0,0,29.62,0,132
57,male,3,5,5,current,0,0,0,25.8,0,147
48,male,4,3,4.29,current,0,0,0,33.71,0,142
43,male,1,3,2.5,current,0,0,0,30.12,0,135
41,male,5,1,1.08,current,0,0,0,23.6,0,148
64,male,2,4,5,never,0,0,0,35.89,0,149
63,male,3,2,2.5,current,60,0,0,25.24,0,143
45,female,1,2,0.04,former,0,0,0,25.8,0,140
60,female,4,5,5,former,90,0,0,29.13,0,138
62,male,1,1,2.5,current,0,0,0,23.92,0,137
43,female,1,5,4.29,never,0,0,0,28.06,0,138
40,female,4,4,1.07,never,0,0,0,28.9,0,146
64,male,3,3,4.67,former,0,0,1,28.03,1,129
65,male,3,4,3.41,never,0,0,0,26.85,0,134
53,female,2,2,NA,never,90,0,0,32.26,0,144
41,female,3,2,2.19,current,210,1,0,35.24,0,154
71,male,3,2,2.5,current,0,0,1,39.7,1,29
63,female,4,5,0.98,former,0,0,1,NA,0,146
67,female,1,3,2.61,current,420,1,0,28.39,1,104
66,female,3,2,4.65,never,0,0,0,24.8,0,139
62,female,4,4,2.19,never,0,0,0,29.85,0,132
50,male,3,5,5,never,240,1,0,27.9,0,154
72,female,1,1,3.82,never,0,0,0,42.29,0,134
45,male,3,5,1.96,former,180,1,0,18.51,0,136
67,female,1,1,2.19,never,140,0,0,35.99,0,154
74,female,3,3,3.65,never,0,0,0,36.97,0,132
51,male,3,2,2.48,former,0,0,0,42.4,0,147
79,female,3,3,2.18,never,360,1,0,21.34,0,144
68,female,3,3,1.1,never,0,0,1,46.97,1,7
79,male,3,4,5,former,0,0,0,27.97,1,70
41,female,3,5,2.56,never,0,0,0,20.91,0,147
59,male,3,4,1.76,current,0,0,0,21.94,0,146
48,female,5,2,1.08,never,0,0,0,26.67,0,143
62,male,3,2,4.55,never,0,0,0,32.22,0,139
42,male,2,4,2.12,never,180,1,0,30.56,0,137
41,female,3,3,3.77,current,180,1,0,26.88,0,157
69,female,4,1,1.28,never,0,0,0,31.84,1,95
80,female,3,3,2.35,never,0,0,0,22.79,1,80
44,female,4,3,NA,former,720,1,0,25.22,0,145
48,male,3,3,5,former,0,0,0,29.12,0,151
52,male,3,5,4.48,former,40,0,0,29.31,0,156
48,female,3,5,NA,never,90,0,0,20.92,0,143
59,male,3,4,1.46,current,0,0,0,42.61,0,155
68,female,4,5,4.38,never,240,1,0,23.65,0,150
53,female,1,3,2.04,current,0,0,0,28.44,0,142
64,male,3,3,4.64,former,60,0,0,33.64,0,138
59,female,2,1,1.47,never,0,0,0,31.8,0,136
67,female,3,3,2.14,former,0,0,0,29.61,0,133
44,female,2,1,0.91,never,0,0,0,25.27,0,147
80,male,3,4,3.43,former,0,0,1,34.74,1,76
43,female,3,5,3.57,former,840,1,0,25.57,0,134
53,male,1,5,5,never,600,1,0,30.8,0,142
52,male,1,1,5,current,0,0,0,38.61,0,142
71,male,5,5,3.21,never,90,0,1,23.43,0,141
54,male,3,3,0.71,never,0,0,0,34.62,1,102
55,female,4,2,4.29,former,45,0,0,42.1,0,152
80,male,1,1,0.94,former,0,0,1,NA,1,34
41,male,3,5,5,never,90,0,0,26.74,0,136
60,female,1,1,1.02,never,0,0,0,36.06,0,142
65,female,3,4,5,never,150,1,1,27.38,0,146
55,male,2,4,5,never,0,0,0,34.17,0,152
48,female,4,3,1.16,former,0,0,0,67.27,1,12
79,female,3,4,1.57,never,0,0,1,25.28,1,2
58,female,3,4,1.64,never,60,0,0,35.22,0,141
48,male,1,4,5,never,0,0,0,26.45,0,134
44,male,3,2,0.58,never,360,1,0,24.24,0,146
49,female,4,4,1.24,former,0,0,0,42.05,0,139
76,male,3,3,1.18,former,0,0,0,30,0,147
49,male,3,2,3.92,former,0,0,0,34.72,0,141
55,female,1,3,5,never,840,1,0,35.94,0,152
44,female,2,4,4.08,never,0,0,0,30.67,0,150
60,female,2,5,1.61,former,0,0,0,28.44,0,150
40,male,1,1,1.94,never,0,0,0,28.69,0,135
53,male,4,4,1.55,current,0,0,1,22.24,0,137
75,female,3,1,1.43,never,0,0,0,33.2,0,133
78,male,4,2,0.69,former,0,0,1,38.48,1,84
65,female,3,3,5,never,0,0,0,21.93,0,137
62,female,3,3,2.92,current,180,1,0,29.29,0,133
64,female,4,2,1.45,former,0,0,0,22.15,0,133
65,female,4,2,3.86,never,0,0,0,27.57,0,141
80,male,3,5,4.38,former,0,0,1,27.62,1,18
50,female,5,2,1.08,never,0,0,0,27.28,0,139
59,male,4,3,0,never,0,0,0,30.08,0,142
80,male,3,1,2.06,never,0,0,1,26.09,1,45
75,male,3,5,5,former,0,0,0,33.98,0,144
49,female,3,5,5,former,0,0,0,32.65,0,146
46,female,4,5,4.8,never,0,0,0,22.87,0,138
63,female,1,1,1.83,never,0,0,0,31.09,0,140
49,male,3,4,5,never,600,1,1,23.8,0,147
50,male,5,3,5,never,0,0,0,23.37,0,153
78,male,3,3,2.24,former,60,0,0,28.82,1,89
57,female,2,3,3.79,former,0,0,0,NA,0,138
62,male,3,1,0.96,never,45,0,0,36.94,1,36
64,male,5,5,1.44,never,1260,1,0,28.25,0,154
70,female,3,3,1.1,current,0,0,0,35.76,0,147
42,female,2,1,2.02,never,0,0,0,25.76,0,152
45,male,1,2,2.18,never,0,0,0,25.4,0,139
54,female,4,5,5,never,60,0,0,40.85,1,119
63,female,4,4,5,never,720,1,0,26.98,1,41
80,female,3,5,1.92,never,0,0,0,33.42,1,78
51,male,3,5,5,former,20,0,0,37.6,0,158
65,male,2,2,3.79,former,0,0,0,NA,0,138
47,male,3,2,1.13,current,0,0,0,24.47,1,58
43,female,4,4,4.84,never,0,0,0,43.27,0,140
68,male,4,2,2.83,never,0,0,0,44.78,1,41
61,male,1,1,1.02,never,0,0,1,28.19,0,141
75,male,1,3,0.73,never,300,1,0,22.67,1,49
73,male,3,5,2.14,never,120,0,0,27.93,0,158
58,male,1,4,5,current,180,1,0,22.5,0,148
51,female,1,5,2.68,never,0,0,1,40.53,0,143
69,female,3,5,4.75,never,160,1,1,21.22,0,147
80,female,1,1,1.25,never,0,0,0,23.1,0,135
77,female,3,3,1.18,never,0,0,0,21.56,1,68
76,male,3,3,5,former,0,0,1,34.52,0,146
63,female,4,1,NA,former,0,0,0,36.65,1,149
43,female,4,4,4.38,current,120,0,0,28.51,0,140
80,male,3,5,5,never,0,0,1,NA,1,0
43,male,3,2,2.14,current,0,0,0,27.58,0,153
62,male,2,3,1.36,former,0,0,0,35.1,0,145
46,male,4,2,3.49,current,0,0,0,20.19,0,147
68,female,4,2,0.71,current,180,1,0,23.56,0,148
51,male,3,5,1.5,never,1260,1,0,25.38,0,146
80,male,3,2,1.92,never,0,0,0,43.28,1,35
73,female,3,4,3.27,former,80,0,1,26.7,0,157
54,male,4,2,1.57,current,0,0,0,22.57,0,134
65,female,3,3,1.43,never,0,0,0,36.37,0,143
71,female,3,5,5,former,1200,1,1,34.06,0,142
66,male,3,3,NA,former,120,0,1,26.4,0,149
76,female,4,3,1.08,never,0,0,0,24.51,1,101
63,male,1,1,0.69,former,0,0,0,27.69,0,148
50,female,3,3,2.14,current,0,0,0,26.01,0,148
62,male,1,3,4.55,never,0,0,0,36.8,0,136
58,female,1,1,1.75,never,0,0,1,33.97,0,141
80,male,3,4,1.79,never,300,1,0,24.21,1,105
80,female,4,3,2.07,never,0,0,1,32.31,1,65
51,male,1,3,3.71,former,0,0,0,26.13,0,149
77,female,3,1,NA,current,180,1,0,23.77,1,139
68,male,3,2,1.86,former,240,1,1,19.88,1,64
49,male,2,1,NA,current,0,0,0,26.75,0,158
61,male,3,3,2.71,former,0,0,0,28.01,0,155
47,female,4,2,0.17,current,0,0,0,19.74,0,137
69,female,1,4,5,never,225,1,1,29,1,143
65,female,4,2,1.69,former,0,0,0,38.88,0,138
65,female,3,4,3.85,never,270,1,0,32.05,0,137
45,male,3,5,4.83,never,40,0,0,37.05,0,149
64,male,3,1,2.31,former,0,0,0,27.47,0,139
54,female,5,3,1.29,current,90,0,1,31.73,0,139
45,female,2,5,1.75,current,0,0,0,31.99,0,146
56,male,4,2,1.41,current,0,0,0,28.8,0,151
63,female,3,4,5,former,150,1,0,27.58,0,147
80,female,3,3,NA,never,10,0,1,37.35,1,53
53,male,3,2,4.5,current,0,0,0,25.65,0,138
80,female,3,2,2.14,never,360,1,0,38.47,1,115
68,male,4,4,3.41,current,0,0,0,25.27,1,117
43,male,3,5,3.78,never,0,0,0,43.7,0,133
64,female,3,3,1.18,current,0,0,1,29.28,1,34
80,female,5,1,0.61,never,280,1,NA,31.97,0,144
80,female,3,3,NA,never,0,0,1,29.98,1,131
45,male,3,1,0.68,never,0,0,0,22.21,0,139
63,female,4,3,5,current,60,0,0,30.75,0,138
63,male,4,5,5,never,945,1,0,36.77,1,139
47,female,1,2,2.14,never,0,0,0,21.3,0,148
56,male,3,4,4.57,former,0,0,0,29.15,0,147
80,female,3,4,1.73,never,0,0,1,27.38,0,134
46,male,2,3,1.69,never,180,1,0,28.8,0,150
43,male,5,1,2.73,former,900,1,0,26.54,0,134
60,female,1,2,0.46,never,0,0,0,32.54,0,142
80,male,3,5,2.14,never,0,0,1,24.34,1,106
70,male,2,3,3.53,former,225,1,0,29.2,0,153
61,female,1,4,NA,former,0,0,0,24.03,0,154
42,female,3,5,5,never,1620,1,0,23.17,0,134
59,female,3,5,5,former,0,0,0,28.31,0,144
71,female,3,2,0.69,current,0,0,0,25.02,0,151
70,female,3,3,1.42,never,360,1,1,28.34,0,152
67,male,4,3,2.42,former,0,0,1,21.84,1,8
66,male,3,1,5,former,120,0,0,21.11,0,153
41,male,3,4,4.75,never,175,1,0,32.93,0,133
60,female,3,4,5,never,120,0,0,28.68,0,147
40,female,3,4,5,former,45,0,0,36.25,0,149
59,female,3,3,5,never,160,1,0,24.75,0,146
80,female,3,1,2.59,never,0,0,0,29.77,1,19
80,male,3,3,2.76,never,0,0,0,25.78,1,45
79,male,3,1,1.1,never,0,0,1,26.35,1,63
44,male,1,2,0,never,0,0,0,28.02,0,154
65,female,1,2,NA,former,0,0,0,28.62,0,154
58,male,3,4,5,never,100,0,1,23.97,0,146
63,male,3,2,0.95,former,0,0,0,25.75,1,16
61,female,3,5,4.38,former,90,0,1,32.38,0,133
55,male,2,3,2.36,current,0,0,0,33,1,132
57,female,4,4,1.17,never,240,1,0,19.91,0,132
64,female,3,1,1.62,never,150,1,0,38.93,0,146
80,female,3,2,0.14,NA,0,0,0,25.19,1,80
47,male,5,5,5,never,420,1,0,23.74,0,142
80,male,3,3,1.92,never,0,0,1,25,1,128
73,female,3,3,2.1,former,0,0,1,21.92,0,147
55,female,3,3,1.15,current,0,0,0,NA,0,139
68,female,1,1,0.7,never,0,0,0,35,0,141
60,male,3,1,1.46,never,0,0,0,30.22,1,98
80,female,3,2,NA,former,0,0,0,34.33,0,143
46,female,4,2,0.8,former,0,0,0,25.45,0,147
61,female,1,3,4.75,never,0,0,1,31.71,0,146
50,female,2,4,5,current,0,0,0,30.56,0,148
80,female,3,4,0.88,former,0,0,0,25.11,1,128
80,male,2,5,2.05,former,40,0,1,27.28,1,79
72,male,3,3,1.15,never,0,0,0,30.89,0,142
80,female,1,1,3.43,never,0,0,0,19.5,1,1
56,female,4,4,1.69,never,0,0,0,64.8,0,145
71,female,5,3,NA,former,140,0,1,22.15,1,44
73,female,4,2,1.1,never,0,0,0,40.26,1,108
44,female,4,3,3.57,never,120,0,0,27.67,0,133
46,female,4,2,NA,never,0,0,0,36.24,0,148
46,male,1,5,1.47,former,180,1,0,29.37,0,144
44,male,3,5,5,never,1140,1,0,25.9,0,134
66,male,2,1,0.59,current,0,0,1,NA,0,151
40,male,2,1,2.29,never,600,1,NA,29.64,0,157
75,male,3,3,1.57,former,0,0,0,26.23,1,134
43,male,3,4,1.99,current,180,1,0,24.03,0,147
62,female,1,2,0.95,never,0,0,0,32.22,0,154
44,male,3,3,5,former,960,1,0,27.89,0,133
68,male,3,5,4.9,never,280,1,0,27.28,0,134
80,female,3,5,2.19,never,245,1,0,22.38,1,137
68,male,3,3,1.83,former,0,0,1,32.06,1,66
73,male,4,2,2.54,former,0,0,0,30.04,0,140
42,female,3,5,5,never,220,1,0,24.91,0,138
47,female,1,4,1.45,never,0,0,0,31.91,0,141
48,female,5,4,0.58,never,0,0,0,31.11,0,145
57,female,1,3,NA,never,0,0,0,32.84,0,150
50,male,3,4,5,former,0,0,0,24.66,0,153
80,female,3,3,1.16,never,0,0,1,NA,1,30
70,male,3,2,2.14,former,0,0,1,27.53,1,117
46,male,3,1,0.07,never,0,0,0,30.74,0,139
62,male,2,1,0.93,former,120,0,0,34.02,0,144
80,female,3,5,5,former,0,0,1,23.18,1,35
46,female,3,2,1.15,never,0,0,0,44.4,0,153
53,female,4,4,0.97,never,0,0,0,29.04,0,134
61,male,4,3,2.37,current,0,0,0,20.56,0,145
64,male,3,3,2.22,former,180,1,1,33.9,0,149
46,male,3,4,2.19,current,0,0,0,28.45,0,146
46,male,4,5,0.23,never,0,0,0,25.35,1,65
41,male,3,3,3.57,never,0,0,0,40.26,0,138
48,male,1,2,2.26,former,180,1,0,29.89,0,146
80,female,4,2,1.26,never,0,0,0,NA,0,143
50,male,4,3,5,current,0,0,0,26.73,0,139
64,male,4,1,1.57,current,0,0,0,31.98,1,22
52,female,2,1,0,current,0,0,0,22.69,0,152
49,female,3,3,1.14,current,1080,1,0,25.05,0,137
54,male,3,5,5,never,0,0,1,29.78,0,136
78,male,1,1,1.28,former,0,0,0,30.78,0,143
52,male,3,4,3.65,current,0,0,0,22.6,0,138
50,male,3,5,5,former,0,0,0,29.21,0,153
48,male,3,5,5,never,420,1,0,28.93,0,153
49,male,5,4,5,current,90,0,0,30.42,0,147
64,female,4,4,4.96,never,0,0,0,35.64,0,139
77,male,3,5,3.85,former,0,0,0,20.59,1,107
67,male,3,4,2.43,former,0,0,1,32.72,1,36
80,male,3,5,5,never,585,1,1,25.64,1,129
48,male,3,5,5,former,0,0,0,28.6,0,138
53,male,1,1,2.12,former,150,1,0,25.11,0,134
56,female,2,1,NA,never,0,0,0,25.35,0,149
52,female,4,5,1.66,never,0,0,0,24.1,1,126
80,female,1,2,NA,former,0,0,0,24.66,1,99
71,male,5,3,3.57,former,0,0,1,24.9,1,27
80,female,3,2,0.69,never,0,0,0,26.32,1,30
54,female,3,5,4.75,former,0,0,0,37.15,0,132
48,male,2,3,1.16,current,0,0,0,24.94,0,150
42,female,3,5,3.57,never,0,0,0,33.41,0,138
53,male,5,5,1.45,current,0,0,0,28.27,0,142
46,male,3,5,5,never,2100,1,0,25.65,0,154
40,male,1,4,4.29,current,0,0,0,28.34,0,134
44,male,4,3,0.49,current,0,0,0,30.24,0,141
66,male,1,4,3.57,never,0,0,0,32.46,1,41
68,male,3,3,2.45,former,840,1,0,23.35,0,138
48,male,3,2,0.99,current,0,0,0,25.54,0,146
72,female,2,2,3.29,former,70,0,0,32.79,1,116
47,female,1,4,NA,never,0,0,0,21.16,0,134
53,male,3,2,1.57,never,0,0,0,21.7,0,138
57,male,3,5,4.75,never,0,0,0,33.18,0,145
77,female,4,1,NA,never,0,0,0,30.56,1,127
62,male,3,2,1.07,current,0,0,1,39.03,0,139
52,male,1,3,0.98,never,0,0,0,21.06,0,154
67,female,3,3,1.46,never,45,0,0,28.4,0,147
71,male,3,4,2.5,former,0,0,0,23.79,0,134
53,female,1,1,0.58,never,0,0,0,31.6,0,142
62,male,4,4,3.69,former,0,0,1,30.14,1,48
46,female,2,5,5,former,240,1,0,26.2,0,139
70,female,1,2,0,current,0,0,0,25.19,0,134
65,female,3,3,1.16,never,0,0,1,36.76,0,153
53,female,3,4,0.69,former,0,0,0,46.09,0,150
68,male,4,4,1.61,former,0,0,0,28.18,0,150
45,female,3,5,5,current,0,0,1,20.06,0,150
46,male,3,4,1.65,never,0,0,0,30.37,1,42
53,male,1,1,NA,former,0,0,0,25.3,0,152
55,male,1,1,0.15,former,0,0,0,26.96,0,142
50,male,4,3,3.03,never,0,0,0,37.29,1,18
61,female,3,3,1.07,current,0,0,0,NA,0,151
51,female,2,1,0.73,never,0,0,0,37.54,0,136
52,female,1,1,2.42,former,0,0,0,28.12,0,140
63,female,1,4,NA,never,50,0,0,36.67,0,153
65,female,3,3,2.59,never,0,0,0,21.4,0,144
67,male,1,1,1.75,never,0,0,0,31.5,0,142
45,female,4,2,3.49,never,60,0,0,30.23,0,138
66,female,1,1,1.45,never,0,0,0,32,1,97
68,female,3,3,2.83,former,0,0,0,39.98,0,133
55,female,3,4,NA,former,0,0,0,24.23,0,143
77,female,3,2,NA,current,0,0,1,31.37,1,59
78,male,3,2,1.42,former,75,0,0,34.44,1,12
47,male,1,4,1.07,never,0,0,0,24.56,0,144
68,female,3,5,4.62,never,420,1,0,24.96,0,146
80,female,4,1,1.21,former,0,0,1,21.21,1,19
49,female,1,3,4.72,never,0,0,0,26.49,0,140
60,female,3,3,NA,former,240,1,0,22.96,0,149
63,female,3,4,5,current,0,0,0,25.47,0,147
69,male,2,1,0.85,former,0,0,1,33.19,1,79
52,male,5,4,2.42,never,120,0,0,42.91,0,156
72,female,3,1,1.14,former,0,0,0,39.45,1,106
50,female,3,4,1.5,never,0,0,0,NA,1,42
54,female,3,4,5,never,120,0,0,31.39,0,138
56,male,3,4,3.57,former,540,1,0,26.36,0,148
66,male,2,1,1.46,former,150,1,0,23.17,1,147
59,female,2,1,NA,never,0,0,1,31.8,0,153
42,male,3,4,0.81,never,70,0,0,31.79,0,139
63,male,1,1,1.81,never,100,0,0,25.77,0,146
80,female,3,5,4.37,never,0,0,0,28.83,1,77
71,female,3,3,2.92,former,420,1,0,17.52,1,87
71,male,4,2,NA,former,0,0,1,29.37,0,152
56,male,1,2,0.58,former,0,0,1,22.7,1,32
61,female,1,1,1.26,never,0,0,0,32.79,0,142
41,female,3,5,4.83,current,60,0,0,20.72,0,148
47,female,3,4,5,former,270,1,0,30.23,0,153
52,male,3,3,5,never,210,1,0,29.34,0,137
46,female,3,5,NA,never,360,1,0,31.55,0,137
60,female,3,5,5,never,30,0,0,27.6,0,141
70,male,4,1,1.01,former,0,0,0,27.81,0,140
80,male,4,5,1.66,former,60,0,1,20.51,0,153
45,male,3,2,4.26,former,0,0,0,43.9,0,136
71,male,3,1,3.41,former,0,0,0,31.6,0,141
58,female,4,3,NA,never,0,0,1,32.57,1,15
48,male,3,5,5,never,300,1,0,25.1,0,140
40,female,3,4,1.76,current,0,0,0,20.68,0,140
55,female,1,2,2.15,former,0,0,0,24.87,0,143
47,male,4,2,4.66,former,0,0,0,23.57,0,143
61,female,3,4,0.58,current,0,0,0,33.55,0,138
67,male,4,4,0.81,current,1680,1,0,21.93,1,5
52,male,3,3,5,never,0,0,0,34.21,0,150
63,female,4,4,1.31,former,270,1,1,33.01,0,144
46,female,4,4,2.78,never,0,0,0,50.79,0,139
74,male,3,2,1.44,former,0,0,0,32.47,0,147
64,male,3,4,2.27,former,300,1,0,27.61,0,153
55,female,3,4,3.33,never,120,0,0,21.77,0,139
77,female,3,1,0.88,current,0,0,1,30.26,1,8
42,male,2,3,1.45,never,0,0,0,27.66,0,145
63,female,3,2,1.64,former,0,0,1,32.66,0,139
54,female,4,5,0.73,never,60,0,0,38.91,0,139
50,male,1,1,1.13,current,0,0,0,26.73,0,136
76,female,3,5,5,former,315,1,0,22.49,0,143
80,female,4,2,2.36,former,0,0,0,29.12,1,137
40,male,1,2,0.5,never,0,0,0,37.7,0,153
43,male,3,3,2.12,current,360,1,0,21.88,0,149
62,female,1,1,4.01,never,0,0,0,27.58,0,135
76,male,3,4,5,never,180,1,1,27.02,1,108
49,female,4,2,2.83,never,0,0,0,23.31,0,148
47,female,3,5,5,never,480,1,0,29.94,0,135
47,male,3,2,5,never,0,0,1,27.31,1,71
78,male,3,3,1.46,never,0,0,0,29.49,1,80
69,female,3,4,1.25,never,60,0,0,31.14,0,148
50,male,3,3,5,former,0,0,0,23.96,0,150
63,male,2,3,4.25,never,0,0,0,26.65,0,144
46,female,4,4,0.43,never,0,0,0,29.17,0,134
61,female,4,2,0.79,current,0,0,0,25.67,0,140
64,female,4,2,NA,never,120,0,0,23.02,0,144
51,female,3,4,3.71,former,0,0,0,25.39,0,147
60,female,1,1,0.96,never,0,0,0,41.75,0,137
43,male,4,3,3.3,never,480,1,0,30.47,0,146
78,male,2,1,1.1,former,0,0,1,27.46,1,99
63,male,3,4,5,former,1920,1,1,27.68,0,136
58,female,4,4,NA,former,0,0,0,25.81,0,148
47,female,4,5,3.91,never,0,0,0,28.67,0,147
40,male,4,2,0.57,current,0,0,0,25.55,0,146
80,male,2,1,2.48,never,0,0,1,25.08,1,32
56,female,4,3,5,current,0,0,1,34.07,0,144
45,female,3,1,0.82,current,360,1,0,26.74,0,151
68,female,4,4,1.46,current,0,0,0,25.28,1,92
74,female,4,1,2.29,former,0,0,1,26.18,1,25
72,male,2,2,NA,never,0,0,0,21.58,0,149
67,male,1,5,2.94,current,1050,1,0,30.95,0,155
52,male,1,2,0.7,current,0,0,0,27.86,0,136
80,male,3,1,2.14,former,1080,1,0,24.23,1,45
69,male,4,2,1.61,former,90,0,0,31.31,0,134
45,female,3,3,5,never,120,0,0,22.2,0,134
71,male,3,5,5,former,80,0,1,30.97,1,119
65,female,1,2,NA,never,0,0,0,28.21,0,142
74,male,3,5,0.87,current,240,1,0,31.13,0,157
60,female,3,5,NA,never,0,0,0,21.14,1,91
67,male,1,3,5,never,0,0,0,33.25,0,146
72,female,4,4,1.47,never,0,0,1,23.88,0,141
74,male,4,4,4.04,former,0,0,0,40.41,1,75
45,female,3,4,2.59,current,0,0,0,23.48,0,154
63,male,4,3,1.27,current,840,1,1,18.36,1,23
69,male,3,5,5,former,0,0,0,24.15,0,149
47,female,4,4,1.46,current,0,0,0,17.93,0,142
45,male,2,4,3.57,former,60,0,0,27.72,0,152
79,female,3,3,1.81,never,0,0,NA,30.87,1,136
49,male,4,2,0.85,current,360,1,0,22.95,0,137
70,female,3,3,4.72,never,30,0,0,29.01,0,137
45,female,3,1,NA,current,0,0,0,25.68,0,138
77,male,3,3,NA,former,1680,1,0,26.26,1,105
50,male,3,3,3.23,current,0,0,1,34.98,0,132
47,female,4,3,1.51,former,60,0,0,50.82,0,132
40,male,1,2,2.27,current,0,0,0,22.77,0,155
46,male,2,4,2.66,never,0,0,0,30.98,0,150
45,female,1,3,2.04,current,60,0,0,37.12,0,134
42,female,3,4,1.17,current,0,0,1,46.33,0,147
51,male,3,4,1.92,former,150,1,0,33,0,133
44,female,3,3,5,never,0,0,0,54.9,0,146
78,male,3,1,0.77,current,0,0,1,20.15,1,1
80,male,3,3,1.83,former,0,0,NA,25.33,1,110
75,male,1,1,1.54,former,0,0,0,38.9,0,135
69,female,3,3,1.29,former,315,1,0,27.09,0,134
58,male,4,3,NA,never,480,1,0,28.05,0,152
55,male,1,3,1.69,never,0,0,0,31.4,0,143
49,male,3,5,5,former,720,1,1,29.17,1,56
65,male,2,1,0.29,former,0,0,0,29.06,1,20
77,female,4,3,2.36,never,0,0,1,NA,1,8
48,male,3,3,3.75,current,720,1,0,18.4,1,70
54,female,3,4,3.93,never,0,0,0,26.75,0,158
55,female,3,4,1.1,never,0,0,1,NA,1,3
80,female,3,3,1.35,former,0,0,1,32.08,1,18
54,female,3,4,3.93,never,1080,1,0,36.23,0,155
51,male,1,4,2.41,former,0,0,0,43.72,0,145
56,female,4,2,1.57,current,0,0,0,26.88,0,134
64,male,3,3,1.35,former,0,0,0,25.91,1,115
80,male,3,5,3.86,former,105,0,1,22.62,1,88
47,female,4,4,1.71,current,0,0,0,34.07,0,149
58,female,2,1,NA,never,0,0,0,26.33,0,149
61,male,1,3,5,current,0,0,0,21.58,0,148
53,male,4,2,4.29,never,0,0,0,37.79,0,153
65,female,2,3,0.53,never,30,0,1,35.33,0,144
41,male,1,3,1.16,never,120,0,0,29.04,1,120
64,female,1,1,1.97,never,180,1,0,29.91,0,155
77,male,3,4,1.46,former,0,0,1,29.3,1,52
50,male,1,1,0.44,never,0,0,0,26.43,0,145
80,male,4,2,3.49,never,0,0,1,27.07,1,62
44,male,1,1,1.15,current,0,0,0,25.28,0,134
75,male,3,2,1.21,never,0,0,1,37.63,1,17
63,female,3,5,NA,never,720,1,0,19.08,0,149
57,female,4,2,4.02,never,0,0,0,38.93,0,133
43,male,3,4,1.4,never,0,0,0,38.85,0,146
56,male,3,5,4.38,former,30,0,0,27.16,0,146
57,female,2,5,5,never,360,1,0,31.17,0,133
80,female,3,3,2.02,former,0,0,0,29.83,0,149
54,male,3,4,5,never,60,0,0,25.56,0,146
67,male,1,1,1.71,never,0,0,0,26.38,0,134
47,female,1,5,5,never,50,0,0,22.1,0,142
77,male,4,1,1.91,former,0,0,1,42.42,1,53
44,female,3,2,0.59,never,0,0,0,20.77,0,145
47,female,4,2,1.3,never,0,0,0,29.12,1,47
79,male,3,5,1.97,former,120,0,1,25.3,1,145
61,male,4,3,3.37,never,360,1,0,17.75,0,158
80,female,4,1,NA,never,0,0,1,22.35,1,16
80,male,4,2,NA,former,0,0,1,31.27,1,43
51,male,2,4,5,former,720,1,0,33.08,1,26
51,male,1,2,1.04,former,0,0,1,34.52,0,143
50,male,3,5,4.72,never,125,0,1,38.22,0,149
61,male,4,2,2.88,former,0,0,1,45.66,1,102
64,male,4,4,5,current,0,0,0,41.02,0,141
51,female,3,2,4.48,never,0,0,0,25.94,0,155
76,female,4,4,3.29,never,0,0,1,30.46,1,27
46,female,2,1,0.66,never,0,0,0,33.1,0,137
63,female,2,3,NA,never,0,0,0,42.18,1,121
49,female,1,4,5,never,0,0,0,29.15,0,146
80,male,3,1,1.09,never,0,0,0,23.2,1,44
80,male,3,5,3.92,never,0,0,0,29.36,1,51
80,female,3,2,1.62,never,30,0,1,30.43,0,137
63,male,2,3,1.97,current,0,0,0,21.04,0,133
64,male,1,1,0.65,former,0,0,0,29.69,0,136
62,female,1,1,0.35,never,0,0,1,29.92,0,148
54,male,3,5,5,never,210,1,0,25.3,0,147
42,male,4,4,5,never,420,1,0,24.85,0,146
60,male,4,2,1.21,never,0,0,0,27.02,0,149
67,female,3,4,1.96,never,140,0,0,21.02,0,132
58,female,3,3,1.19,current,0,0,1,26.94,1,124
80,female,3,1,1.18,former,0,0,1,27.02,1,93
43,female,3,5,5,former,970,1,0,25.19,0,153
68,female,1,3,1.28,never,0,0,1,26.8,0,142
58,female,3,3,1.19,never,120,0,0,29.02,1,70
80,male,3,5,5,former,240,1,1,22.92,1,89
50,female,1,4,5,never,135,0,0,35.58,0,134
48,male,1,4,5,never,0,0,0,41.63,0,139
53,male,3,4,NA,current,0,0,1,24.11,0,149
48,male,3,5,2.46,current,480,1,0,34.6,1,91
71,male,1,5,3.41,former,0,0,0,23.73,0,134
54,male,3,2,0.87,current,0,0,0,18.2,1,70
75,male,3,5,4.09,former,0,0,0,30.33,1,90
70,female,2,5,1.18,former,0,0,0,44.11,1,73
67,female,4,1,0.59,never,0,0,0,32.08,0,138
56,male,4,2,0.88,current,0,0,0,16.84,0,144
72,male,3,4,3.85,former,0,0,0,29.81,1,74
64,male,4,3,0.95,former,150,1,1,22.96,0,132
80,male,3,1,1.71,never,0,0,1,26.2,1,27
73,male,3,5,4.64,never,225,1,1,27.56,0,149
77,female,3,4,1.46,former,0,0,1,36,1,73
49,female,3,5,4.64,current,0,0,0,31.01,0,156
79,female,3,3,2.86,never,160,1,0,26.08,0,136
49,male,4,2,2.83,former,0,0,1,28.87,0,148
60,male,3,4,NA,former,0,0,0,26.87,0,153
60,male,3,4,3.86,never,0,0,1,29,1,43
73,female,4,2,NA,never,0,0,1,NA,1,77
44,female,1,4,5,current,0,0,0,34.2,0,154
77,male,3,5,4.75,never,0,0,0,36.37,0,142
52,male,4,5,5,never,900,1,0,24.22,0,137
67,female,3,4,NA,former,660,1,0,21.53,1,112
80,female,3,1,0.77,never,0,0,0,26.05,1,90
74,female,3,5,4.6,former,0,0,1,NA,1,85
62,male,2,5,2.14,never,0,0,0,30.19,0,142
61,female,3,4,NA,never,300,1,0,30.69,0,146
65,female,1,2,1.22,former,0,0,0,33.47,0,155
44,male,1,3,1.4,never,120,0,0,26.36,0,132
52,female,4,2,0.52,never,0,0,0,50.47,0,133
77,male,2,1,1.46,former,0,0,0,29.09,1,72
48,female,1,1,1.21,current,0,0,0,33.11,0,139
79,male,3,2,0.8,former,0,0,1,33.46,1,93
80,female,3,4,1.92,never,0,0,0,28.86,1,91
53,male,4,3,1.99,former,0,0,0,30.45,0,139
65,female,3,3,1.46,former,120,0,0,23.18,0,148
52,female,4,4,NA,never,0,0,0,30.05,0,139
63,male,3,3,1.02,never,0,0,0,27.14,0,151
58,female,4,5,5,never,240,1,0,31.43,0,132
80,male,3,4,5,former,150,1,1,30.73,1,88
64,male,3,5,5,never,0,0,0,30.34,0,146
50,female,4,3,2.84,former,105,0,0,28.86,1,26
80,female,1,1,1.86,never,0,0,0,21.64,1,19
43,female,2,1,NA,never,0,0,0,23.88,0,149
80,male,3,5,5,never,20,0,1,26.94,1,70
66,male,4,3,1.93,current,0,0,0,16.88,1,68
45,female,4,4,1.69,never,0,0,1,39.41,1,38
50,female,3,4,5,former,720,1,0,36.39,0,136
48,female,3,4,NA,current,210,1,0,30.51,0,136
41,female,3,5,0.58,former,360,1,0,19.58,0,146
80,male,3,5,1.67,former,0,0,0,21.3,1,70
70,male,3,2,0.97,never,0,0,0,25.44,1,16
73,female,3,5,2.64,never,0,0,1,34.2,0,154
68,male,4,2,1.42,former,0,0,1,43.69,0,145
55,female,3,4,5,former,780,1,0,23.96,0,154
53,male,1,1,1.16,former,0,0,0,28.2,0,155
60,male,3,4,0.29,current,0,0,0,28.58,0,139
54,female,2,4,0.69,never,0,0,1,33.47,0,155
55,female,3,2,2.14,current,0,0,0,24.31,0,139
43,female,4,5,3.69,never,60,0,0,27.12,0,154
67,male,1,1,0.91,never,150,1,1,28.61,1,123
45,female,3,4,2.92,never,240,1,0,29.09,0,133
71,male,3,4,1.42,never,0,0,0,24.42,1,10
80,female,2,2,2.35,never,0,0,0,22.7,1,131
80,male,3,3,5,never,0,0,1,33.7,1,87
47,female,3,1,1.61,current,0,0,1,24.9,0,150
80,female,4,1,0.63,former,0,0,0,NA,1,1
62,male,3,4,5,current,30,0,0,31.22,1,97
70,male,3,3,2.86,never,0,0,1,31.12,0,139
41,male,2,3,NA,current,140,0,0,40.72,0,154
80,female,5,1,1.39,never,0,0,0,18.07,1,67
44,male,2,5,NA,never,720,1,0,28.83,0,152
57,female,3,3,3.37,former,360,1,0,24.18,0,136
43,male,1,3,1.68,never,300,1,0,33.66,0,143
74,male,3,3,2.19,former,0,0,0,27.59,0,148
78,male,3,1,0.88,former,0,0,1,32.69,1,64
71,female,3,3,2.67,never,360,1,0,19.53,0,152
52,male,3,4,1.01,former,0,0,0,25.03,0,149
52,female,5,4,5,never,0,0,0,24.92,0,135
44,male,1,2,2.34,never,120,0,0,32.92,0,155
60,female,1,2,2.86,never,0,0,1,33.61,0,135
62,female,3,2,0.84,current,0,0,1,26.06,0,151
53,male,1,2,0.7,former,0,0,0,26.57,0,154
45,female,3,2,0.61,current,0,0,0,28.96,0,134
61,female,2,1,1.05,never,0,0,0,41.43,0,134
80,female,3,3,1.35,never,0,0,1,NA,1,75
46,male,3,3,4.62,current,0,0,NA,24.67,0,132
80,female,3,2,1.83,never,0,0,1,30.54,1,139
60,male,2,5,2.14,never,0,0,0,31.09,0,155
51,female,1,2,0.48,never,0,0,0,NA,1,60
49,female,4,5,5,never,0,0,0,28.91,0,141
51,male,4,5,NA,former,0,0,0,32,0,135
72,female,1,1,1.42,never,0,0,0,33.93,0,137
48,female,3,3,1.41,former,0,0,1,35.13,0,150
51,female,3,3,NA,current,0,0,0,25.57,0,149
44,male,3,3,0.52,current,0,0,0,29.8,0,146
42,male,3,3,2.91,never,0,0,0,25.61,0,135
71,female,3,3,3.65,former,840,1,0,24.76,0,139
44,female,4,5,1.45,former,780,1,0,27.3,0,143
76,male,3,1,3.65,former,0,0,0,26.28,1,124
70,female,3,5,3.85,never,210,1,0,26.1,0,135
47,female,4,4,3.58,former,120,0,0,38.43,0,146
47,female,3,5,5,never,0,0,0,23.49,0,149
49,female,3,5,5,former,360,1,0,19.64,0,144
57,female,2,1,0.87,never,0,0,0,52.59,0,144
42,male,5,3,0.98,never,0,0,0,27.9,0,144
60,male,4,5,5,never,360,1,0,30.79,1,95
52,male,1,1,2.54,current,0,0,0,26.53,0,143
65,male,3,2,5,current,0,0,0,23.49,1,17
41,female,1,4,2.54,never,0,0,0,35.88,0,142
80,female,3,3,1.86,never,225,1,0,25.05,0,133
80,female,3,1,2.27,never,0,0,1,33.49,1,8
52,female,3,4,5,former,180,1,0,26.83,0,133
69,female,3,5,4.13,never,60,0,0,25.3,1,132
80,female,3,5,NA,never,0,0,1,24.41,1,131
77,male,1,1,1.04,former,0,0,0,31.56,0,146
40,female,3,3,4.19,former,0,0,0,32.59,0,147
55,female,1,1,0.58,never,0,0,0,35.53,0,141
60,female,1,3,3.41,never,0,0,0,31.47,0,135
76,female,4,3,3.32,never,600,1,0,32.29,0,137
43,female,3,5,3.13,never,90,0,0,33.87,0,141
54,female,4,5,3.49,never,60,0,0,22.25,0,134
80,male,3,5,1.17,never,0,0,1,31.69,1,54
79,male,3,3,2.19,former,420,1,1,19.73,1,122
50,male,4,3,NA,never,30,0,0,34.42,0,148
68,female,4,2,1.16,never,105,0,0,33.76,1,71
44,female,5,1,0.98,current,1080,1,NA,20.12,0,146
66,female,3,1,0.9,former,0,0,0,35.09,0,157
49,female,2,1,0.87,never,0,0,0,29.89,0,144
47,male,3,2,1.21,current,0,0,0,24.41,1,16
64,male,2,1,1.16,current,0,0,0,24.96,0,150
70,male,3,5,3.57,never,300,1,1,NA,1,2
80,female,3,4,NA,never,315,1,0,32.07,0,134
80,female,3,1,1.46,never,10,0,1,22.17,1,13
42,male,4,2,0.35,current,0,0,0,27.78,0,140
45,male,2,5,4.44,current,0,0,0,25.28,0,153
80,female,1,1,2.5,never,0,0,0,21,1,85
67,female,4,2,1.46,never,0,0,0,24.19,0,132
71,female,2,5,0.88,never,0,0,0,35.59,1,110
54,male,3,3,0.72,current,0,0,0,20.09,1,32
60,male,3,5,5,current,0,0,0,31.87,0,134
51,female,2,4,1.66,never,0,0,0,26.19,0,146
53,male,5,5,NA,never,0,0,0,25.41,0,141
57,female,4,2,1.53,never,0,0,0,NA,0,132
47,female,3,4,2.92,current,30,0,0,23.44,0,153
77,female,1,1,1.33,never,0,0,0,25.1,0,139
80,female,3,3,5,former,0,0,0,24.6,1,121
48,male,3,2,0.65,current,420,1,0,26.72,0,137
71,female,4,3,1.91,former,0,0,0,32.59,0,142
49,male,1,1,1.44,former,0,0,0,27.02,1,100
76,female,1,4,1.4,never,0,0,0,29.91,1,117
72,female,3,4,1.65,current,0,0,0,25.45,0,146
45,female,3,1,1.25,current,0,0,0,21.02,0,136
80,female,3,1,1.31,never,0,0,0,25.9,0,134
49,female,1,5,5,never,90,0,0,33.77,0,147
73,male,3,1,1.07,former,225,1,NA,35.67,1,125
40,female,1,1,0.18,never,0,0,0,26.17,0,136
45,male,2,4,2.35,never,180,1,0,35.53,0,143
59,male,2,2,4.5,never,0,0,0,36.89,0,136
49,male,3,2,3.71,former,0,0,0,66.16,0,138
58,male,1,4,NA,never,0,0,0,30.38,0,146
46,male,3,2,1.41,current,960,1,0,33.02,0,157
55,female,3,3,5,former,0,0,0,23.49,0,154
71,female,4,2,2.92,never,0,0,0,21.89,0,141
80,male,4,4,1.36,never,0,0,0,21.46,1,17
69,male,2,1,0.47,never,0,0,0,38.94,1,100
40,male,1,1,1.53,current,0,0,0,34.05,0,144
80,male,3,5,5,never,0,0,0,25.56,0,152
76,male,3,4,1.14,former,0,0,0,21.02,1,116
45,male,1,1,1.99,former,0,0,0,27.38,0,134
67,male,4,4,3.86,former,600,1,0,33.24,0,140
59,male,5,4,1.16,current,0,0,0,31.11,0,148
71,male,3,5,2.92,former,0,0,1,28.9,0,146
50,female,3,5,5,never,270,1,1,22.59,0,142
73,male,3,4,0.84,former,50,0,0,27.3,1,20
53,female,4,4,5,former,720,1,0,24.11,0,133
64,male,2,3,2.56,never,0,0,0,34.89,1,89
57,male,1,1,0.8,former,0,0,0,35.33,0,149
54,male,3,3,NA,current,0,0,0,22.64,0,148
72,female,3,3,2.41,never,240,1,0,25.04,0,150
65,male,1,2,1.69,former,180,1,0,27.46,0,137
61,male,3,5,2.98,former,210,1,0,30.08,0,154
72,male,3,4,1.86,former,245,1,0,38.78,0,146
46,male,3,4,5,current,45,0,1,22.73,0,134
60,male,1,5,5,former,60,0,1,33.8,0,138
40,female,3,4,3.64,never,0,0,0,23.25,0,137
40,female,3,3,1.25,current,0,0,1,38.73,1,7
57,male,2,1,1.96,former,105,0,0,28.73,1,100
58,female,2,1,0.71,never,0,0,1,27.78,0,145
60,female,3,5,5,never,240,1,0,30.94,0,149
50,male,3,5,4.84,never,780,1,1,35.81,0,136
62,male,3,3,NA,never,30,0,1,25.08,0,138
77,female,2,4,3.37,former,40,0,0,31.84,1,134
45,male,3,3,1.45,never,0,0,0,39.99,0,147
40,male,3,3,NA,current,180,1,0,28.28,0,148
79,male,1,1,1.16,never,0,0,1,NA,0,142
40,female,3,2,0.58,current,0,0,0,23.4,0,151
47,male,1,1,1.19,never,0,0,0,26.67,0,139
62,male,4,4,0.77,current,0,0,0,21.99,1,91
76,male,3,2,0.77,former,0,0,0,39.19,0,139
74,female,1,1,0.68,never,0,0,0,25.06,0,142
55,male,4,3,1.44,never,0,0,0,30.95,1,32
46,male,1,1,3.23,former,180,1,0,30.01,0,152
51,female,1,4,4.36,former,180,1,0,33.77,0,144
51,male,4,2,0.84,current,0,0,0,24.24,1,66
41,female,4,2,3.3,former,0,0,0,21.81,0,141
71,male,4,1,1.2,former,0,0,0,NA,1,90
65,female,3,1,2.55,former,0,0,0,28.19,1,122
73,female,3,3,2.14,never,60,0,0,33.43,0,149
61,male,4,2,NA,never,0,0,0,31.62,0,148
67,male,1,3,5,never,1800,1,0,25.01,1,82
72,female,1,1,0.23,never,0,0,1,18.04,0,142
53,male,3,4,4.75,current,0,0,0,26.36,0,133
57,female,2,3,1.71,never,100,0,0,29.96,0,151
62,male,5,3,5,never,0,0,0,23.5,0,134
66,male,2,3,2.86,former,0,0,0,34.06,0,156
45,male,4,4,4.96,never,0,0,0,30.66,0,137
48,male,3,4,1.62,never,120,0,0,28.58,0,150
80,female,2,3,2.45,never,0,0,0,24.07,0,152
40,female,3,2,2.91,never,0,0,0,30.28,0,146
54,female,5,1,NA,never,90,0,0,26.66,0,144
66,male,2,5,5,former,0,0,1,22.24,1,20
41,male,5,4,2.69,never,300,1,0,26.22,0,144
78,female,3,5,4.9,never,60,0,1,38.76,1,142
78,female,3,5,1.31,former,0,0,1,18.87,1,42
44,female,3,1,1.26,current,0,0,0,30.02,0,133
68,male,3,3,1.18,current,0,0,0,30.63,1,12
68,male,3,5,NA,current,0,0,0,NA,1,2
74,female,3,3,3.65,never,120,0,0,20.08,0,146
46,female,3,3,1.79,current,30,0,0,24.52,0,149
57,male,3,5,5,never,0,0,0,24.45,0,145
80,female,3,3,NA,never,0,0,1,27.81,1,100
80,female,3,3,1.11,former,0,0,0,19.14,1,60
46,female,3,4,0.73,never,0,0,1,35.6,0,150
60,female,2,1,NA,never,0,0,0,19.27,1,73
46,male,1,2,1.45,never,0,0,0,34.69,0,139
75,female,3,5,5,never,90,0,1,29.44,0,147
80,male,4,3,2.4,former,0,0,0,NA,1,113
60,male,3,5,4.38,former,90,0,0,34.44,0,133
67,male,3,4,1.96,former,0,0,0,31.43,0,133
56,female,3,4,5,never,150,1,0,33.49,0,133
44,male,1,4,5,current,840,1,0,31.79,0,147
53,male,3,4,4.64,current,0,0,0,34.69,0,149
54,male,2,1,0.73,former,0,0,0,29.83,0,141
75,male,3,3,1.43,never,15,0,1,28.93,0,154
78,male,2,1,NA,former,0,0,0,34.64,1,66
51,female,3,3,4.64,never,0,0,0,35.46,0,148
43,female,3,5,2.54,never,0,0,0,23.84,0,144
60,female,4,3,1.59,never,0,0,0,51.17,1,7
55,female,4,4,2.45,former,60,0,0,22.13,0,134
60,male,3,5,1.92,former,80,0,1,24.1,1,120
52,female,1,3,NA,never,0,0,0,45,0,144
50,male,3,4,2.88,current,0,0,0,20.19,0,133
64,female,1,1,2.62,never,0,0,0,32.04,0,143
41,female,3,5,2.98,former,1020,1,0,22.73,0,157
65,female,4,2,2.56,current,0,0,0,21.44,0,152
50,male,4,2,0,current,840,1,0,45.81,0,151
53,male,1,1,0.1,never,210,1,0,32.97,0,132
48,female,3,5,5,never,150,1,0,20.74,0,132
43,male,3,5,5,never,1020,1,0,27.36,0,152
80,male,3,1,1.44,never,0,0,0,29.69,0,155
62,female,4,3,2.69,never,0,0,0,37.38,0,141
78,female,1,2,NA,current,0,0,0,21.42,1,9
45,male,4,3,1.93,former,0,0,0,31.4,0,145
47,female,2,1,1.75,current,0,0,0,39.62,0,144
66,male,3,3,3.15,former,225,1,1,29.39,0,152
47,female,5,3,1.43,never,0,0,0,22.15,0,144
65,male,3,4,5,never,150,1,0,30.43,0,145
40,female,2,3,1.45,never,0,0,0,21.69,0,145
45,female,4,3,4.86,former,0,0,0,23.02,0,142
58,male,5,4,0.67,never,420,1,0,22.14,0,153
48,male,4,4,1.27,current,120,0,0,28.63,0,140
62,female,2,1,1.52,current,0,0,0,23.32,1,68
42,female,5,2,0.47,former,360,1,0,21.2,0,147
64,female,3,3,NA,never,780,1,0,31.42,0,136
43,male,3,5,4.83,never,0,0,0,29.65,0,149
61,male,3,5,4.02,former,0,0,0,31.28,0,147
75,female,1,4,0.7,never,0,0,1,37.07,0,148
75,male,3,5,4.64,current,0,0,1,33.2,0,140
63,female,2,5,2.31,former,120,0,0,38.45,0,135
80,female,3,3,1.25,former,420,1,1,29.05,1,120
73,female,2,4,0.88,never,0,0,1,26.46,0,150
44,male,1,1,0.82,former,120,0,0,26.46,0,141
80,male,3,1,NA,former,0,0,0,NA,1,80
65,female,1,2,1.41,former,0,0,0,37.85,0,153
50,male,3,4,1.13,never,0,0,0,29.32,0,148
51,female,2,1,1.96,never,0,0,0,25.61,0,140
62,male,3,5,5,former,0,0,0,31.37,0,134
68,female,3,2,NA,former,0,0,0,32.3,0,137
69,female,4,3,0.87,former,0,0,1,34.31,0,140
80,male,3,5,3.65,never,644,1,1,26,0,146
80,female,4,1,NA,never,0,0,0,47,1,97
80,female,3,3,2.5,never,0,0,1,40.35,1,100
58,female,3,5,5,never,420,1,0,24.44,0,145
80,female,3,3,3.08,never,0,0,0,19.78,1,23
61,male,3,5,4.84,never,0,0,0,32.31,0,155
80,female,3,2,NA,former,0,0,NA,27.91,1,35
72,female,4,3,NA,never,0,0,0,34.85,0,134
41,female,3,2,1.13,never,0,0,0,46.25,0,133
61,male,1,1,0.88,never,0,0,1,34.93,0,149
79,male,4,1,3.29,former,0,0,1,30.03,1,62
63,male,3,5,5,never,480,1,1,26.25,0,141
41,female,4,4,3.49,never,0,0,0,27.76,0,141
54,female,3,5,NA,former,0,0,1,34.07,0,154
63,female,3,3,2.64,never,120,0,1,23.24,0,134
66,female,2,4,1.14,never,600,1,0,29.71,0,137
64,male,1,1,0.8,former,0,0,1,30.52,1,68
45,female,2,2,1.21,never,0,0,0,30.56,0,142
40,female,3,4,2.59,never,390,1,0,36.22,0,151
66,male,3,3,1.49,never,180,1,0,26.49,0,148
60,female,4,2,4.43,never,0,0,0,27.14,0,136
80,male,3,3,2.57,former,0,0,1,21.22,1,5
40,female,1,3,NA,never,40,0,0,25.71,0,143
45,female,1,2,2.27,never,0,0,0,31.66,0,155
53,male,3,3,3.39,current,0,0,0,26.13,1,43
59,male,4,3,0.57,never,0,0,0,26.09,1,59
80,female,3,3,1.24,never,0,0,0,22.53,1,99
75,female,4,1,2.02,former,0,0,0,25.65,0,152
53,male,3,4,4.97,former,450,1,1,38.25,0,144
80,female,3,3,2.14,former,40,0,0,24.89,0,136
40,female,2,5,3.87,former,0,0,0,36.47,0,144
73,female,3,3,NA,former,0,0,1,35.71,0,152
80,female,3,4,4.13,former,135,0,0,26.87,0,151
62,male,4,5,1.23,former,0,0,0,22.75,1,54
60,female,4,2,NA,current,0,0,0,36.61,0,144
52,female,4,2,0.46,current,0,0,1,30.93,1,114
41,female,4,5,5,never,360,1,0,21.3,0,139
62,female,4,2,0.88,current,0,0,0,26.01,1,90
53,female,4,5,5,former,120,0,0,33.6,0,134
55,female,4,5,5,never,285,1,0,29.51,0,144
80,female,3,4,1.47,never,0,0,0,23.16,1,70
52,male,3,2,0.93,current,0,0,1,20.37,0,139
60,male,3,5,5,former,840,1,0,29.94,0,152
80,female,3,4,1.98,never,0,0,1,33.58,1,97
57,male,4,1,3.57,current,0,0,1,20.3,0,149
60,male,3,5,5,never,0,0,1,27.49,0,147
74,male,4,1,1.02,current,0,0,1,23.02,1,2
48,male,4,5,3.11,never,210,1,0,21.81,0,140
63,male,4,2,1.16,never,1560,1,0,22.99,0,132
80,male,1,2,2.63,never,0,0,0,27.9,0,153
56,female,3,5,3.92,never,180,1,0,21.04,0,133
42,female,3,3,1.18,never,150,1,0,27.46,0,151
42,male,4,3,2.55,never,0,0,0,27.7,0,138
80,male,3,2,1.68,former,0,0,0,29.6,1,48
72,female,3,3,NA,never,90,0,1,20.93,0,145
66,male,4,4,NA,former,50,0,0,39.01,0,142
48,male,4,4,5,former,0,0,0,28.15,0,153
60,female,3,4,0.33,never,0,0,0,34.2,0,152
41,female,2,5,3.35,current,810,1,0,23.57,0,150
46,male,3,5,4.66,never,285,1,1,23.75,0,155
76,female,3,4,1.18,never,0,0,0,30.04,0,151
48,male,4,5,4.55,former,270,1,0,28.47,0,135
59,female,3,3,0.5,never,0,0,1,33.88,0,134
64,female,3,3,2.41,never,0,0,0,31.44,0,130
45,male,1,5,5,former,240,1,0,25.51,0,143
59,female,4,3,NA,never,0,0,1,33.97,1,45
80,female,3,3,1.92,never,0,0,1,25.84,1,24
65,female,4,1,0.59,former,0,0,0,46.13,1,69
53,female,1,5,3.49,never,480,1,0,25.33,0,144
50,female,5,3,5,never,0,0,0,19.78,0,152
61,male,4,1,1.57,current,0,0,0,42.45,0,142
57,male,3,4,5,never,90,0,0,45.44,0,135
80,male,2,3,0.59,never,0,0,0,18.41,1,63
60,male,4,3,2.17,current,0,0,0,27.28,0,133
49,female,3,3,1.67,current,0,0,0,16.42,0,148
41,female,4,5,4.84,never,780,1,0,41.76,0,134
56,female,5,5,NA,never,0,0,0,22.74,1,87
74,male,3,2,1.51,never,315,1,1,24.34,0,133
44,male,3,3,0.57,current,0,0,0,23.94,1,89
80,male,3,4,1.83,former,0,0,1,29.57,1,84
50,male,1,3,NA,never,0,0,0,26.95,0,136
44,female,2,1,1.65,never,60,0,0,38.22,0,153
48,female,2,2,NA,never,0,0,0,29.59,0,156
76,female,2,2,1.1,never,0,0,0,26.55,1,12
58,male,3,4,5,former,150,1,1,31.38,0,133
51,female,3,4,0.71,current,0,0,1,24.02,0,147
80,male,3,4,2.92,former,0,0,1,24.98,1,68
60,female,2,4,1.31,never,0,0,0,29.95,1,110
53,female,2,5,NA,current,0,0,0,26.71,0,156
44,female,3,3,1.28,current,360,1,0,25.72,0,146
48,male,3,3,5,never,60,0,0,22.63,0,156
52,male,2,3,1.71,never,175,1,0,29.38,0,150
73,female,3,3,0.53,former,0,0,0,23.78,0,141
53,female,4,3,2.15,former,0,0,0,31.79,0,141
59,female,4,3,0.97,current,0,0,0,15.44,0,153
49,female,3,3,2.02,current,0,0,0,35.09,0,139
59,female,2,2,4.25,never,0,0,0,29.5,0,144
46,male,2,3,2.18,never,0,0,0,30.16,0,136
68,female,3,5,3.67,never,300,1,1,21.77,0,147
67,female,3,5,5,former,360,1,1,24.27,0,144
78,female,3,3,3.65,former,225,1,0,36.21,1,110
68,female,3,3,1.18,never,60,0,0,26.44,0,144
53,female,3,3,0.73,never,0,0,0,29.25,0,142
49,female,3,3,5,never,60,0,0,42.18,0,136
58,female,1,3,1.28,never,0,0,0,30.89,0,134
53,male,2,5,5,former,0,0,0,23.65,0,136
52,female,3,2,5,former,0,0,0,26.38,0,133
46,male,4,5,5,never,0,0,0,32.87,0,138
80,male,3,3,2.5,never,90,0,1,26.08,1,105
50,female,3,4,5,current,210,1,0,23.95,0,150
64,male,2,4,NA,never,0,0,0,28.31,0,153
53,female,3,3,1.03,current,0,0,1,18.43,0,151
51,female,5,3,5,never,1155,1,0,28.55,0,135
61,male,3,5,1.7,never,0,0,0,34.76,0,138
80,male,2,3,2.18,never,0,0,0,23.94,1,118
49,female,3,5,5,current,840,1,0,26.32,0,156
80,female,3,3,2.31,never,0,0,1,21.88,1,16
56,female,4,3,NA,current,225,1,1,32.9,0,148
67,female,3,2,2.16,never,0,0,1,37.92,0,134
46,male,5,2,1.18,current,0,0,0,23.42,0,144
70,female,2,5,4.64,never,90,0,0,24.15,0,139
41,female,4,2,0.61,current,45,0,0,35.25,0,153
67,male,3,3,1.46,current,50,0,1,20.73,1,142
79,male,3,3,1.92,former,60,0,1,34.01,0,151
50,female,3,3,2.95,current,0,0,0,20.07,0,150
66,male,4,2,1.31,current,100,0,1,29.82,1,116
48,male,3,5,2.54,never,0,0,0,23.26,0,144
71,female,3,3,1.17,current,90,0,0,22.97,0,151
75,female,5,1,1.11,never,0,0,1,30.42,1,63
73,female,3,2,5,current,0,0,1,25.31,0,155
70,male,4,3,5,former,0,0,0,30.15,1,99
80,female,4,1,1.24,never,0,0,0,37.12,1,88
40,male,1,2,2.02,never,0,0,0,30.25,0,141
72,male,3,2,1.08,never,150,1,0,27.24,0,141
42,female,3,4,2.27,never,0,0,0,30.24,0,149
52,male,5,2,4.26,former,0,0,0,24.45,0,146
80,female,1,1,1.18,never,0,0,0,21.17,0,142
64,female,3,4,1.96,never,60,0,0,33.93,0,142
41,male,4,3,1.69,never,0,0,0,25.93,0,138
70,male,3,4,5,former,0,0,1,32.4,0,138
49,female,3,2,5,current,0,0,0,22.44,0,149
59,male,3,3,0.7,current,0,0,0,22,1,122
45,female,3,3,0.25,current,0,0,1,29.53,0,139
62,female,3,3,1.75,never,30,0,0,26.94,0,147
52,female,2,4,2.5,former,0,0,0,50.43,0,137
80,male,3,4,NA,former,360,1,1,24.9,1,38
80,male,3,3,NA,former,80,0,NA,27.36,0,147
55,female,1,2,0.8,current,0,0,0,25.35,0,140
57,female,4,5,5,never,0,0,0,39.71,0,134
71,male,3,5,4.38,former,2520,1,0,17.79,0,146
47,male,3,1,1.02,former,0,0,1,50.46,1,64
50,male,4,2,4.72,never,30,0,0,31.97,0,153
65,female,3,3,3.72,never,90,0,0,30.19,0,132
51,male,5,3,1.96,current,0,0,0,20.31,1,63
50,female,3,5,5,former,360,1,0,35.62,0,153
45,male,1,3,1.48,never,0,0,0,24.07,0,147
44,female,3,4,0.27,former,45,0,0,33.11,0,151
53,female,4,2,3.63,never,0,0,0,40.68,0,150
76,female,3,3,NA,never,0,0,0,29.57,0,151
57,male,4,4,0.77,never,0,0,0,30.55,1,6
74,female,3,4,1.18,never,0,0,0,22.96,1,78
70,male,3,3,3.36,former,150,1,1,30.03,0,148
62,male,1,1,1.29,never,0,0,0,24.26,0,135
59,female,3,5,NA,never,900,1,0,22.33,0,139
69,male,4,4,0.83,former,0,0,1,29.28,1,15
71,female,4,2,0.83,former,0,0,0,46.01,0,154
80,female,4,3,0.54,former,0,0,0,23.92,1,17
41,female,1,1,NA,never,0,0,0,37.81,0,145
77,male,4,3,4.09,former,720,1,NA,30.08,0,145
48,female,3,4,NA,never,1260,1,0,28.44,0,135
50,female,3,4,0.71,current,0,0,0,29.23,0,139
49,female,3,3,0.25,current,0,0,1,38.18,0,152
56,female,3,3,5,never,945,1,0,21.46,0,150
56,male,3,4,5,former,123,0,0,29.93,0,140
40,male,2,4,2.94,former,210,1,0,29.02,0,139
64,female,3,5,3.86,never,0,0,1,23.87,1,134
60,male,4,4,2.54,former,150,1,0,28.44,0,133
43,male,3,5,3.13,current,1440,1,0,30.9,0,148
62,male,3,1,0.8,current,0,0,1,18.97,0,139
43,female,5,3,1.27,never,0,0,0,23.49,0,134
56,female,3,5,2.14,never,0,0,0,48.94,0,139
74,female,4,1,0.95,never,180,1,0,28.67,0,157
44,male,4,4,2.98,never,540,1,1,34.38,0,137
47,female,1,2,0.15,never,0,0,0,28.35,0,145
76,male,3,4,1.68,former,0,0,0,36.53,1,130
80,female,2,3,0.59,never,0,0,0,17.8,1,136
71,male,3,5,2.63,never,60,0,1,24.83,0,146
76,female,3,4,NA,former,0,0,0,21.87,1,49
79,male,3,4,1.83,former,0,0,1,27.35,1,104
41,female,2,3,1.45,former,60,0,0,31.28,0,138
46,female,2,4,5,current,270,1,0,27.25,0,145
80,male,3,3,5,former,0,0,0,NA,1,38
49,male,4,4,2.88,never,180,1,0,35.51,0,154
60,female,3,2,0.9,never,0,0,1,30.39,1,16
44,female,3,5,0.81,former,90,0,0,30.05,0,145
67,female,3,3,2.63,never,0,0,NA,26.59,0,146
71,male,4,2,1.46,never,1200,1,0,25.86,1,42
40,female,4,2,3.23,current,0,0,0,18.45,1,122
59,female,3,5,4.52,never,135,0,0,39.81,1,34
52,female,3,3,5,never,0,0,0,35.89,0,150
67,male,3,2,1.12,former,0,0,0,31.5,1,130
61,male,3,5,5,never,120,0,0,34.08,0,147
68,female,1,1,1.65,never,0,0,0,31.87,0,146
50,female,1,4,3.82,never,0,0,0,30.41,0,135
47,female,3,2,5,never,0,0,0,27.73,0,134
45,female,4,4,2.14,never,0,0,NA,29.62,0,154
42,female,3,5,4.55,former,0,0,0,23.02,0,153
42,female,3,1,2.33,current,360,1,0,31.4,0,151
45,female,2,3,3.24,never,0,0,0,32.59,0,154
76,male,3,4,1.99,former,225,1,1,32.64,1,105
57,male,4,4,0.68,never,240,1,0,33.21,0,142
40,female,3,4,1.93,never,0,0,0,26.38,0,138
60,female,3,2,1.44,former,0,0,0,42.67,0,148
79,male,1,5,5,former,150,1,1,28.17,1,130
77,male,2,2,1.02,former,0,0,0,19.3,1,128
66,male,3,3,2.41,never,0,0,1,26.3,1,73
43,male,3,3,1.1,current,0,0,0,23.87,0,147
80,male,3,4,0.96,former,20,0,0,25.62,1,13
44,male,2,5,5,current,0,0,0,32.07,0,142
75,male,2,2,NA,never,0,0,0,31.21,0,134
56,female,2,5,5,former,300,1,1,31.09,0,155
78,male,3,4,2.12,former,0,0,0,24.38,1,101
68,male,2,4,NA,never,2400,1,0,31.87,0,155
43,male,1,4,2.04,former,240,1,0,40.03,1,61
63,female,5,5,1.18,never,0,0,0,34.83,0,140
73,female,3,4,4.75,never,0,0,0,37.85,0,142
79,male,3,1,1.47,current,0,0,NA,29.34,1,70
58,female,3,4,1.7,never,420,1,0,34.74,0,139
70,female,4,3,1.76,never,0,0,0,35.52,0,133
40,male,3,3,2.56,former,1440,1,0,33.38,0,153
40,male,4,4,1.02,never,0,0,0,37.31,0,140
63,male,1,4,NA,former,180,1,1,24.08,0,136
52,male,1,4,3.4,former,0,0,0,28.31,0,151
78,female,3,4,2.29,never,120,0,0,31.52,1,80
80,male,3,5,2.29,never,180,1,1,24.92,1,114
43,female,1,5,3.63,never,45,0,0,23.05,0,148
77,female,3,3,1.2,former,0,0,1,34.63,1,96
72,female,3,4,1.64,never,300,1,1,23.67,0,147
80,male,3,5,2.63,former,225,1,1,23.78,1,138
66,male,4,3,NA,current,0,0,0,47.11,0,148
41,male,3,3,0.87,never,0,0,0,31.6,0,139
44,female,4,2,NA,current,0,0,0,18.61,1,49
51,female,4,2,3.39,never,100,0,0,33.72,0,145
61,female,3,2,0.81,current,60,0,1,20.7,0,147
46,female,2,4,0.73,never,0,0,0,40.44,0,142
53,male,3,3,1.17,never,0,0,0,27.9,0,141
80,male,3,1,2.5,former,300,1,0,27.24,1,69
72,male,1,3,2.15,never,0,0,1,26.92,0,142
56,female,5,1,0.88,never,0,0,0,20.79,0,145
64,female,2,1,1.69,never,420,1,0,27.15,0,134
63,female,3,4,2.45,current,10,0,0,36.13,0,148
61,male,3,2,0.96,never,0,0,0,50.05,0,139
49,female,1,1,0.73,never,0,0,0,31.87,0,143
59,male,4,2,1.39,current,0,0,0,19.4,0,144
80,female,2,4,1.89,former,0,0,1,34.55,1,22
60,male,3,4,5,former,0,0,1,33.69,0,150
61,male,3,4,5,never,150,1,1,25.06,0,135
73,male,3,3,1.62,former,0,0,1,28.76,1,75
74,female,3,3,1.75,former,525,1,1,18.81,1,70
65,male,3,2,0.74,current,0,0,0,24.49,1,74
63,female,3,4,2.27,never,0,0,0,21.52,0,153
80,male,3,5,5,former,0,0,1,23.49,1,37
69,male,3,4,5,former,120,0,1,30.06,0,151
63,female,4,4,5,former,0,0,0,42.39,1,124
53,male,4,2,NA,never,0,0,0,33.67,0,139
60,female,4,4,3.85,former,120,0,0,36.98,0,136
40,male,3,3,0.58,current,0,0,0,26.01,1,86
46,male,3,4,3.02,current,120,0,0,31.54,0,149
43,female,4,4,2.11,never,1440,1,0,26.57,0,138
80,male,3,5,2.55,never,210,1,1,20.98,1,88
72,male,3,5,5,never,240,1,0,27.5,1,95
43,male,1,2,0.95,never,0,0,0,24.78,0,135
62,male,2,1,NA,never,540,1,0,36.29,0,136
80,male,3,3,1.81,former,0,0,1,32.81,1,55
41,female,3,5,4.66,never,270,1,0,27.95,0,147
71,male,3,4,NA,current,0,0,1,24.81,1,11
41,male,3,2,0.74,former,0,0,0,31.05,0,139
57,male,1,4,4.31,current,180,1,0,31.08,1,109
61,female,4,2,1.05,never,0,0,1,35.79,1,102
59,male,3,3,0.88,never,180,1,1,25.44,0,134
68,male,4,2,1.93,never,180,1,1,34.54,0,153
51,female,3,3,1.36,former,0,0,0,36.6,0,146
51,female,4,4,1.63,never,180,1,0,34.93,0,154
44,male,1,1,1.81,former,0,0,0,35.34,0,154
76,female,3,2,1.96,former,0,0,1,23.19,1,60
78,female,4,2,NA,never,175,1,0,21.41,0,148
62,male,3,5,5,former,300,1,0,27.62,0,142
80,female,3,2,NA,never,0,0,1,19.38,0,142
67,male,3,2,2.86,never,0,0,0,33.59,1,19
78,female,3,5,NA,never,0,0,0,27.37,0,145
80,female,5,4,NA,former,0,0,0,27.24,1,16
42,male,1,2,4.38,current,540,1,0,21.44,0,145
61,male,4,4,2.34,former,0,0,1,41.3,1,40
50,male,1,1,1.48,current,0,0,0,32.62,0,134
69,male,3,5,5,never,0,0,0,28.93,1,27
42,female,1,2,0.7,former,0,0,0,35.05,0,141
61,male,3,5,4.99,former,10,0,0,27.84,0,143
47,female,4,4,5,never,60,0,0,29.37,0,133
50,male,4,5,5,never,90,0,0,28.05,0,140
40,female,1,4,0.7,never,0,0,0,36.71,0,147
70,male,3,4,NA,former,180,1,0,34.82,0,148
69,male,3,4,3.65,former,0,0,1,34.08,0,134
64,male,3,1,1.73,former,0,0,0,24.54,0,139
74,male,3,3,3.43,former,0,0,0,30.07,0,151
53,female,5,4,4.84,former,270,1,0,23.03,0,153
66,male,3,2,0.59,former,0,0,1,29,1,100
58,female,3,5,5,never,0,0,0,22.35,0,147
76,female,1,3,0.73,never,0,0,0,19.11,0,142
74,male,3,5,2.56,never,900,1,0,31.01,0,139
43,male,2,4,3.72,never,0,0,0,26.78,0,135
67,female,3,2,1.97,never,0,0,0,32.24,1,131
60,male,4,4,5,former,0,0,0,27.87,1,24
67,male,3,4,5,former,0,0,0,32.52,1,10
45,female,3,3,0.97,current,240,1,0,18.24,0,151
61,male,1,1,0.44,never,30,0,0,24.21,0,153
62,female,1,2,3.43,never,0,0,1,29.57,0,147
47,female,4,3,NA,former,0,0,0,24.27,0,141
68,male,4,2,2.92,former,0,0,1,35.34,1,95
51,female,1,2,5,never,0,0,0,40.25,0,142
80,female,3,4,1.65,former,0,0,0,31.84,1,23
43,female,1,3,1.07,never,0,0,0,21.64,0,144
47,female,3,4,0.5,former,120,0,0,61.7,0,148
60,male,3,5,5,never,120,0,1,40.3,0,143
46,female,4,4,NA,current,0,0,0,16.84,0,153
78,female,3,3,0.93,former,0,0,1,23,1,116
57,male,3,3,1.46,current,0,0,0,24.05,1,51
71,male,4,1,0.56,former,0,0,0,28.35,1,83
43,female,5,2,4.26,never,0,0,0,27.47,0,147
78,male,2,2,4.75,former,480,1,0,24.2,1,119
78,male,3,5,5,never,270,1,1,29.97,0,136
72,female,4,2,NA,never,0,0,1,27.56,0,143
67,female,3,5,5,never,0,0,0,24.96,0,133
76,female,2,5,NA,never,0,0,1,26.86,1,70
73,female,1,1,1.25,current,0,0,1,23.9,1,12
63,male,3,3,4.29,former,0,0,0,29.04,0,138
56,female,4,5,5,never,0,0,0,27.08,0,153
52,female,3,4,5,never,0,0,0,44.49,0,147
75,female,4,2,1.76,former,0,0,1,38.73,1,13
61,female,1,1,1.08,never,0,0,1,26.94,0,144
50,male,2,2,1.47,never,270,1,0,23.87,0,144
80,male,3,4,1.02,former,0,0,1,NA,1,141
51,male,1,1,2.46,never,0,0,1,35.3,0,153
52,male,2,2,0.28,current,60,0,0,26.77,0,136
51,female,2,4,2.88,current,300,1,0,23.74,0,137
45,male,3,3,3.17,current,0,0,0,23.17,0,148
80,female,3,5,0.87,never,0,0,1,22.68,1,104
78,female,4,3,0.63,never,0,0,0,21.27,0,132
56,male,3,3,3.57,former,0,0,0,28.77,0,141
59,female,3,3,0.66,current,0,0,0,16.86,0,147
56,female,3,3,1.24,former,0,0,1,22.43,0,147
80,male,3,2,5,former,0,0,NA,27.7,1,33
80,female,3,2,1.37,never,0,0,0,28.24,1,65
71,female,4,4,5,former,0,0,1,NA,1,140
50,female,4,4,4.75,former,30,0,1,39.09,0,140
80,female,4,2,3.49,current,0,0,1,19.54,1,80
76,female,3,4,4.38,former,175,1,0,24.5,0,138
69,female,1,3,0.88,never,300,1,0,26.19,0,142
75,male,3,3,2.1,former,1200,1,0,37.55,1,75
77,female,4,3,1.83,former,0,0,0,29.42,1,111
65,female,3,5,5,never,360,1,0,25.97,0,151
49,female,3,4,0.94,current,0,0,0,42.85,1,32
67,male,3,5,0.95,never,0,0,0,20.59,0,145
61,female,1,1,NA,never,0,0,0,33.66,0,136
43,male,3,4,4.08,never,900,1,0,30.1,0,138
43,female,4,4,1.21,current,0,0,0,25.2,0,145
73,male,3,3,0.75,former,0,0,0,26.57,0,139
78,male,3,1,1.92,former,0,0,0,32.5,1,138
75,female,3,1,NA,never,0,0,0,30.37,0,147
47,male,4,5,4.9,never,45,0,0,31.27,0,151
75,female,3,3,1.83,never,150,1,0,33.46,0,137
51,male,3,4,4.75,current,0,0,0,38.7,0,149
69,male,3,3,0.89,former,0,0,0,27.55,1,92
61,male,1,1,0.66,never,0,0,0,32.26,0,137
62,female,4,2,2.04,never,0,0,0,28.28,0,146
80,male,3,3,1.75,former,240,1,0,22.05,1,42
56,female,4,4,NA,never,120,0,0,37.7,0,145
54,female,3,4,5,former,180,1,0,20.92,0,146
77,female,2,1,3.98,never,0,0,0,30.5,0,133
65,male,3,3,1.43,never,0,0,0,33.17,1,129
56,male,2,2,1.16,former,450,1,0,43.02,0,138
74,male,1,1,2.1,former,0,0,0,26.46,0,152
41,male,4,4,NA,never,0,0,0,32.16,0,140
52,male,4,3,0.93,current,0,0,0,16.85,0,133
80,female,2,1,3.86,never,0,0,1,25.85,0,144
78,male,3,1,3.36,never,0,0,1,26.06,1,80
78,male,1,1,1.18,former,0,0,1,32.21,1,104
67,female,3,4,5,never,0,0,0,26.2,0,150
54,female,2,1,1.73,never,0,0,0,28.6,0,155
73,male,3,4,5,never,240,1,1,37.65,0,155
80,male,3,3,0.5,former,0,0,1,24.9,1,81
47,female,3,4,0.28,current,350,1,0,27.8,0,136
51,female,3,5,5,former,750,1,0,22.04,0,135
70,male,3,1,0.23,former,0,0,0,28.35,0,139
54,female,3,5,5,never,1890,1,0,23.22,0,145
78,female,3,2,2.33,never,0,0,0,29.64,1,94
71,female,4,5,0.65,never,0,0,1,29.47,1,65
49,male,1,3,NA,former,480,1,0,28.9,0,135
50,female,4,5,3.79,current,75,0,0,34.69,0,153
55,female,4,4,2.45,former,0,0,1,52.91,1,38
76,female,3,1,0.74,never,0,0,0,32.53,0,139
76,female,2,2,2.41,never,0,0,0,26.19,1,90
74,female,3,4,0.24,former,0,0,1,27.33,0,134
41,female,4,2,2.48,current,0,0,0,23.69,0,155
80,male,1,1,0.87,former,0,0,0,21.51,1,91
50,female,3,3,5,never,180,1,0,29.13,0,146
59,female,3,3,4.36,former,180,1,1,39.24,0,156
68,female,3,4,4.64,never,0,0,1,22.75,1,107
56,female,3,4,4.86,former,90,0,0,21.9,0,146
73,female,2,1,NA,former,0,0,1,37.49,0,156
79,female,3,3,1.52,never,0,0,0,31.47,1,84
42,male,1,3,1.14,never,120,0,0,31.6,0,140
58,female,3,3,NA,never,120,0,0,29.76,0,147
52,female,3,4,1.16,never,315,1,0,18.11,0,134
42,female,4,2,0.34,current,0,0,0,20.92,0,154
79,male,3,2,1.44,former,0,0,0,43.9,1,50
50,female,3,2,0.94,former,0,0,0,18.7,0,140
78,female,3,5,1.97,former,180,1,0,24.29,0,147
80,male,4,5,1.92,former,0,0,0,24.27,1,40
80,male,3,4,2.94,former,0,0,1,28.67,1,46
61,male,4,1,2.86,current,0,0,0,24.33,0,140
64,female,2,3,NA,never,0,0,0,22.54,0,138
48,female,3,4,5,never,420,1,0,32.93,0,133
42,female,4,4,2.04,never,390,1,0,22.62,0,140
68,male,4,2,2.88,current,0,0,0,30.33,0,146
45,male,3,4,NA,former,0,0,0,29.39,0,135
78,female,3,5,4.38,never,200,1,0,26.54,0,133
51,female,4,3,1.31,current,0,0,0,22,0,144
71,male,3,5,3.65,former,120,0,1,30.68,0,146
76,male,2,3,1.96,never,0,0,0,28.38,1,37
69,female,1,1,1.68,current,0,0,0,34.58,0,148
48,female,2,2,0.8,never,10,0,0,31.68,0,137
76,male,3,3,0.88,never,0,0,0,25.91,0,134
73,female,4,3,1.83,former,0,0,0,30.83,0,152
62,female,5,5,2.92,never,135,0,0,24.72,0,138
47,male,3,5,5,never,0,0,0,28.66,0,134
52,female,4,3,1.79,former,0,0,0,38.98,0,153
62,female,4,1,0.83,never,0,0,0,39.86,1,142
73,male,3,4,1.06,never,1260,1,0,27.86,0,148
46,female,4,4,0.82,never,0,0,0,33.57,1,115
42,female,3,4,3.49,former,135,0,0,26.14,0,147
57,male,2,1,0.28,never,0,0,0,29.52,0,137
65,male,3,3,5,former,0,0,1,33.64,0,134
42,female,3,3,2.46,never,100,0,0,22.23,0,140
46,female,1,2,1.73,former,0,0,0,30.03,0,134
72,female,3,3,0.87,former,180,1,0,22.12,0,140
63,male,2,2,NA,former,0,0,1,27.93,0,157
46,female,1,4,1.88,never,120,0,0,30.62,0,152
55,male,2,1,1.87,former,0,0,1,34.93,1,90
66,male,3,4,1.18,current,20,0,0,31.29,1,20
55,female,3,4,2.74,former,125,0,0,29.79,1,93
73,female,4,2,1.66,never,90,0,0,25.67,0,141
80,female,3,5,NA,former,840,1,0,22.29,1,142
60,male,3,5,4.6,former,500,1,0,26.12,0,132
44,female,2,3,0.21,former,0,0,1,28.65,0,137
55,male,4,2,0.47,never,0,0,0,26.47,0,143
66,female,3,2,4.75,former,135,0,1,28.71,1,63
56,female,3,3,NA,never,0,0,1,49.09,1,59
65,male,4,5,5,former,300,1,0,33.25,0,151
70,male,2,4,5,never,0,0,0,27.97,0,148
69,male,4,2,2.55,former,0,0,1,35.87,0,132
46,female,3,3,5,never,0,0,0,26.22,0,134
42,male,4,2,0.94,current,0,0,0,21.91,0,134
45,female,4,5,5,never,360,1,0,28.36,0,139
73,male,4,4,3.38,never,0,0,1,25.77,0,136
43,female,3,4,5,former,180,1,0,27.79,0,145
62,female,3,4,2.7,former,0,0,0,29.58,1,128
59,female,4,4,0.58,current,0,0,0,46.28,0,141
62,female,4,3,0.95,never,120,0,0,22.13,0,131
43,female,3,5,2.36,former,0,0,0,35.22,0,147
42,female,3,5,2.62,never,170,1,0,29.44,0,138
61,female,4,2,0.63,current,0,0,0,16.64,1,63
45,female,1,5,1.16,never,0,0,0,26.78,0,142
45,female,2,2,4.44,current,0,0,0,26.24,0,153
67,female,4,5,5,former,0,0,1,28.8,0,145
65,male,3,5,1.06,former,0,0,0,37.43,0,136
57,male,4,5,5,former,0,0,1,33.31,0,133
66,female,3,5,5,never,225,1,1,18.11,0,135
54,male,4,2,3.39,never,180,1,0,27.46,0,145
80,male,3,4,1.86,never,840,1,1,22.45,0,133
42,male,3,4,4.9,former,0,0,0,42.73,0,148
54,female,1,3,1.79,former,140,0,0,30.84,0,148
80,female,3,3,5,former,300,1,1,27.79,1,134
52,female,3,2,1.1,never,0,0,1,33.51,0,146
42,male,5,2,1.09,never,0,0,0,23.91,0,144
67,female,3,5,1.76,never,0,0,0,24.59,0,147
46,male,3,5,5,never,720,1,0,29.89,0,152
42,male,4,3,NA,never,0,0,0,29.37,0,133
66,male,3,5,2.92,former,1200,1,0,36.39,0,145
64,female,2,5,NA,never,0,0,0,41.05,0,140
51,male,5,3,0.53,never,0,0,0,28.92,0,142
42,male,3,4,NA,current,0,0,0,29.68,0,134
80,female,2,1,2.92,never,0,0,1,27.07,1,103
53,female,2,5,5,never,1185,1,0,21.23,0,153
80,male,3,3,3.29,never,420,1,0,25.81,1,70
64,male,3,3,1.07,current,0,0,1,NA,1,110
80,female,3,5,2.55,former,0,0,1,29.54,1,19
53,female,2,2,2.1,never,0,0,0,43.95,0,150
40,male,2,2,2.59,former,0,0,0,36.5,0,142
67,male,3,1,1.64,former,0,0,1,24.29,0,140
55,female,4,4,0.82,never,60,0,0,48.04,1,17
67,female,1,1,1.29,never,0,0,0,33.36,0,141
63,male,4,1,1.76,former,0,0,0,34.28,0,132
78,female,5,5,1.47,never,90,0,0,28.1,1,82
65,female,5,5,NA,never,0,0,0,NA,1,124
62,female,3,4,1.49,never,720,1,1,30.94,0,147
70,male,3,4,5,never,180,1,0,38.24,0,151
80,male,3,3,2.92,former,0,0,NA,20.22,1,24
62,male,4,2,2.69,never,0,0,1,28.28,0,133
44,female,3,3,3.02,current,0,0,0,27.11,0,149
80,female,3,2,1.44,former,0,0,1,21.64,1,108
72,female,3,5,2.56,current,60,0,0,23.91,0,155
53,male,2,3,4.39,never,615,1,0,30.53,0,135
52,female,3,4,5,never,180,1,0,32.42,0,132
62,female,3,4,2.14,never,0,0,0,27.02,0,144
44,female,3,3,1.23,current,0,0,0,20.21,0,146
49,male,4,5,5,never,900,1,0,35.5,0,141
80,female,4,5,1.73,current,0,0,0,26.07,1,123
75,male,3,4,2.14,former,0,0,1,31.73,0,136
60,male,2,1,0.91,current,0,0,0,23.72,0,147
53,female,5,1,5,never,210,1,0,22.35,0,140
55,female,4,2,2.73,never,0,0,0,22.57,0,153
54,male,1,1,2.56,never,0,0,0,25.95,0,142
55,female,3,3,4.11,current,180,1,0,21.91,0,146
80,female,4,3,2.43,never,0,0,1,24.4,1,7
49,male,4,2,0.77,current,0,0,0,26.51,0,148
46,female,2,1,0.83,never,720,1,0,28.99,0,137
77,male,1,1,0.68,former,0,0,0,26.31,0,142
51,female,2,2,5,never,0,0,0,27.77,0,138
67,male,3,4,4.75,former,90,0,0,35.26,0,134
65,male,2,3,3.26,never,0,0,0,25.05,0,149
76,male,1,1,0.82,current,0,0,0,28.95,1,151
45,female,3,5,3.65,current,140,0,1,29.3,0,146
73,male,3,1,2.78,former,720,1,1,31.41,1,93
49,female,3,2,1.9,current,0,0,0,19.6,0,146
67,female,1,2,0.88,never,0,0,1,26.72,0,149
71,male,4,1,1.75,never,0,0,0,NA,1,141
56,female,4,1,1.21,never,30,0,0,28.06,0,150
60,male,3,4,5,former,120,0,0,29.92,0,143
50,female,3,4,1.01,current,0,0,0,26.52,0,140
43,male,4,5,5,current,360,1,0,22.29,0,136
71,female,3,4,3.57,never,120,0,1,21.94,0,147
68,female,1,1,NA,never,0,0,0,34.77,0,140
41,female,3,4,1.47,never,0,0,0,NA,0,148
80,male,3,3,1.97,former,0,0,0,28.89,1,30
55,female,4,2,1.42,never,0,0,0,34.36,0,134
54,male,1,1,1.43,former,0,0,0,30.35,0,149
62,male,4,2,2.43,former,0,0,0,24.04,0,142
63,female,1,1,0.91,never,0,0,0,36.57,0,143
68,male,5,5,5,former,120,0,1,24.54,0,139
52,female,3,4,4.41,current,30,0,0,25.96,0,136
45,male,3,3,3.13,never,480,1,0,28.69,0,141
73,male,4,4,NA,current,0,0,0,23.64,1,76
46,male,4,4,2.45,current,0,0,1,24.36,1,87
63,female,3,4,1.18,current,0,0,0,25.82,1,85
49,female,5,3,NA,former,150,1,0,30.92,0,143
80,female,3,4,2.07,never,0,0,0,29.93,1,64
57,male,4,2,5,current,0,0,0,25.23,0,147
43,female,5,3,0.74,current,0,0,0,37.91,0,150
47,male,3,3,2.91,never,0,0,1,30.04,0,141
77,female,3,4,2.36,never,120,0,0,31.87,1,123
58,female,2,3,2.39,never,0,0,1,28.21,0,135
52,male,2,3,5,never,0,0,0,31.82,0,146
80,female,4,1,2,former,0,0,0,18.85,1,23
47,male,4,1,0.73,current,0,0,0,19.63,0,144
77,female,3,5,0.69,never,0,0,0,29.49,1,33
60,female,4,3,1.76,never,0,0,1,33.4,0,140
63,male,4,4,5,current,150,1,0,29.71,0,142
48,male,3,3,2.94,current,0,0,0,20.81,1,67
53,female,4,4,4.38,never,360,1,0,28.89,0,134
40,female,3,1,0.31,current,0,0,0,20.44,0,138
69,female,4,3,0.78,former,20,0,0,37.82,1,148
43,female,3,4,4.72,never,0,0,0,31.26,0,148
48,male,3,2,NA,current,0,0,0,17.59,1,110
53,male,2,1,1.44,never,0,0,0,23.54,0,153
41,female,1,3,0.98,never,45,0,0,29.92,0,141
48,male,5,3,1.08,never,0,0,1,31.24,0,140
80,male,4,4,3.39,former,0,0,1,33.6,1,121
67,male,3,3,2.34,former,0,0,1,42.07,0,145
80,female,3,3,1.44,never,45,0,0,29.71,0,135
52,male,3,3,1.7,current,0,0,0,23.43,0,146
75,female,3,1,NA,former,0,0,1,41.91,1,62
55,female,3,3,4.33,former,45,0,0,37.71,0,153
58,female,3,1,3,former,0,0,1,30.74,0,139
78,male,1,1,0.73,never,0,0,NA,33.49,1,104
68,female,4,3,0.88,current,0,0,0,38,1,137
74,female,3,5,4.09,never,0,0,0,22.33,0,149
42,male,3,3,0.75,current,0,0,0,22.65,0,135
41,male,3,5,5,current,0,0,0,33.91,0,150
51,female,5,3,5,never,0,0,0,40.67,0,141
62,male,1,5,0.83,never,0,0,0,37.51,0,142
80,female,3,3,1.68,never,0,0,0,28,1,28
59,female,2,3,2.56,never,0,0,0,22.35,0,136
40,female,3,4,0.82,former,0,0,NA,27.09,0,146
74,male,3,5,4.9,never,180,1,0,31.26,0,144
80,female,3,2,1.75,never,0,0,1,26.2,1,34
69,male,2,2,0.8,former,0,0,1,32.37,0,149
40,female,4,4,2.56,never,0,0,0,63.92,0,133
55,female,1,4,3.57,former,30,0,0,26.36,0,137
60,male,3,5,0.73,former,0,0,0,29.08,0,146
80,female,3,3,1.06,never,0,0,0,29.14,1,29
73,female,5,3,3.36,never,0,0,0,23.88,0,139
41,female,4,4,3.3,never,120,0,0,36.2,0,146
53,female,1,2,1.14,current,0,0,0,25.95,0,151
80,male,3,3,2.86,former,240,1,1,24.33,0,136
74,female,3,3,1.43,never,0,0,0,32.57,1,137
61,female,1,1,1.46,never,0,0,0,32.15,0,155
56,male,1,4,2.5,former,0,0,1,33.83,0,148
80,female,3,3,5,never,0,0,1,24.18,1,30
80,female,3,5,2.56,never,0,0,1,NA,1,19
67,female,1,2,NA,never,0,0,0,38.95,0,141
67,male,3,4,5,never,180,1,0,27.29,0,149
57,female,2,2,0.85,never,375,1,0,40.41,0,136
64,male,1,2,0.68,former,0,0,0,34.74,0,143
74,male,3,1,1.97,former,0,0,1,30.49,1,147
65,male,3,2,0.71,former,0,0,1,25.56,1,106
65,male,4,2,3.11,former,0,0,0,32.08,1,66
50,female,3,5,3.92,never,720,1,0,24.02,0,136
64,male,4,5,5,never,600,1,0,31.71,0,141
76,female,3,3,3.85,never,0,0,0,NA,0,147
61,male,3,5,5,former,750,1,0,27.53,0,152
69,male,3,1,0.44,former,0,0,0,41.57,0,144
65,female,3,2,1.13,current,0,0,0,26.8,0,146
64,female,2,2,1.17,never,0,0,1,39.68,1,67
55,male,3,3,5,current,120,0,0,29.17,0,133
40,male,2,1,2.02,never,0,0,0,28.49,0,152
52,male,3,1,0.58,current,0,0,0,17.2,1,135
60,female,3,2,0.44,never,0,0,0,31.01,1,83
73,male,3,4,1.14,former,0,0,0,33.7,1,44
62,female,2,3,NA,never,0,0,0,29.61,0,136
75,male,3,3,3.75,never,0,0,0,22.21,1,87
80,female,3,5,5,never,125,0,1,23,1,65
72,female,3,3,5,never,0,0,0,27.04,1,86
80,male,3,3,0.14,never,0,0,0,25.53,1,17
70,male,3,3,1.29,former,315,1,1,26.23,1,87
72,male,4,3,2.89,never,1620,1,0,26.81,0,144
75,male,3,1,0.69,current,0,0,1,25.03,1,85
55,female,3,5,5,never,0,0,1,21.03,0,150
80,female,3,3,2.14,former,90,0,1,22.71,1,4
59,female,3,3,0.64,former,180,1,0,33.35,0,143
78,male,3,3,2.16,never,1200,1,1,30.79,1,90
66,male,3,2,1.96,former,300,1,0,21.37,1,112
72,male,3,2,2.31,former,0,0,0,30.86,0,148
50,female,1,4,1.46,current,0,0,0,39.29,0,153
58,female,4,4,3.54,former,0,0,0,29.02,0,146
48,male,4,3,2.17,current,0,0,0,27.17,1,80
56,male,2,1,0.79,current,0,0,0,29.76,0,156
59,female,3,3,1.79,never,120,0,0,29.66,0,147
68,female,3,1,1.31,never,0,0,0,36.01,0,141
56,female,2,4,1.05,former,300,1,0,27.47,1,114
68,female,4,4,2.5,current,0,0,1,31.39,1,8
57,female,3,5,5,never,180,1,0,24.01,0,140
75,female,3,3,NA,never,0,0,0,27.31,0,148
45,female,3,5,3.77,never,120,0,0,24.07,0,134
79,male,3,4,2.29,former,540,1,0,25.95,0,149
50,female,1,5,5,former,360,1,0,31.64,0,134
45,male,4,4,5,never,540,1,0,32.79,0,138
64,female,4,4,0.04,current,0,0,1,29.15,0,154
80,male,3,4,2.14,former,0,0,1,27.79,1,104
80,female,4,1,1.26,never,0,0,1,NA,1,37
77,male,3,3,0.87,never,0,0,1,31.57,1,63
49,female,5,4,0.48,never,0,0,0,28.22,0,138
55,female,1,4,0.97,current,0,0,0,34.29,0,141
66,male,3,5,2.14,never,1080,1,0,28.33,0,148
55,male,3,3,1.19,current,0,0,0,37.14,1,104
70,female,3,4,0.97,current,0,0,1,27.76,1,65
58,male,2,3,2.64,never,0,0,0,35.4,0,134
80,female,5,1,1.17,never,0,0,0,27.63,1,80
56,female,3,1,0.66,current,0,0,0,17.91,1,50
61,female,3,3,5,never,180,1,0,21.61,0,141
80,male,2,5,5,former,0,0,1,29.29,1,80
62,male,3,4,5,former,90,0,0,21.72,0,147
65,male,4,4,1.61,current,0,0,0,17.85,1,76
53,male,3,4,2.22,current,120,0,0,31.44,0,154
65,female,4,1,1.7,never,0,0,0,26.16,0,141
76,male,3,4,4.29,never,270,1,0,25.82,0,133
52,male,3,3,0.73,current,0,0,0,29.42,0,140
80,female,3,3,1.5,never,0,0,1,24.01,1,40
75,male,3,2,1.54,former,0,0,1,NA,1,7
62,female,1,1,2.31,never,0,0,1,28.1,0,136
57,female,1,1,0.18,never,0,0,0,29.38,0,135
80,male,3,5,1.24,former,0,0,0,26.56,1,37
80,female,3,4,4.95,never,0,0,1,31.8,1,27
50,male,1,1,2.31,never,0,0,0,26.92,0,154
57,male,2,5,4.48,former,0,0,0,34.68,0,146
80,female,1,1,NA,never,0,0,0,25.31,0,154
73,female,4,3,1.06,never,0,0,1,29.36,1,127
47,male,3,4,5,never,600,1,0,23.93,0,152
70,male,4,5,5,former,0,0,0,34.01,0,141
60,male,4,5,5,never,0,0,0,23.44,0,145
80,female,3,1,0.77,current,0,0,1,28.29,1,108
46,male,3,4,1.26,never,0,0,0,39.93,0,133
68,male,1,1,2.71,former,480,1,1,25.37,0,148
40,male,1,3,NA,former,0,0,0,32.1,0,143
76,female,3,4,NA,never,480,1,1,32.55,0,139
73,female,3,2,1.89,never,0,0,0,28.48,0,141
71,female,4,2,2.23,never,0,0,0,35.63,1,109
45,female,4,3,3.03,never,0,0,0,31.33,0,141
80,female,3,5,5,former,240,1,1,20.65,1,25
44,female,1,3,4.94,former,0,0,0,34.02,0,142
80,male,3,3,3.92,former,210,1,0,29.64,0,139
75,female,1,4,3.23,never,240,1,0,30.29,0,154
42,male,2,1,0.21,current,360,1,0,37.89,0,137
55,male,3,2,3.07,current,0,0,1,32.95,1,3
70,female,3,4,1.83,never,280,1,0,24.06,0,146
73,male,5,5,NA,never,0,0,1,NA,1,78
65,female,4,2,2.92,former,0,0,0,42.52,0,131
59,female,1,4,5,never,225,1,0,26.89,0,142
75,male,3,3,2.41,former,180,1,1,25.87,1,42
58,male,4,2,4.37,former,0,0,0,40.6,0,138
42,female,1,1,NA,never,0,0,0,30.59,0,141
45,female,2,5,1.69,never,720,1,0,26.31,0,150
74,male,3,1,0.96,former,0,0,0,NA,1,28
48,female,3,3,3.77,former,0,0,0,37.84,0,152
63,female,3,3,1.08,current,0,0,0,21.57,1,28
68,male,4,2,5,former,720,1,0,29.64,0,148
53,male,4,4,3.37,never,0,0,0,63.92,0,148
68,female,2,5,5,never,0,0,0,33.52,0,148
62,female,3,4,5,never,0,0,1,24.24,0,140
49,male,3,4,5,never,0,0,0,29.26,0,149
80,female,5,3,0.59,never,0,0,0,25.3,1,38
49,female,4,4,2.22,current,0,0,0,24.2,0,141
54,male,4,2,2.56,never,0,0,0,20.7,0,152
42,male,3,2,5,never,140,0,0,28.72,0,148
51,male,3,5,5,never,480,1,0,26.25,0,141
71,female,3,4,2.78,never,0,0,1,NA,1,57
79,male,3,5,2.63,current,0,0,1,24.27,1,130
69,male,2,1,0.69,current,0,0,0,23.94,1,39
66,male,3,4,5,former,0,0,0,33.51,0,142
58,female,4,2,1.73,current,0,0,0,27.12,0,153
80,female,3,4,1.44,never,1015,1,0,24.89,1,112
51,male,5,5,4.84,never,270,1,0,25.35,1,103
61,female,3,3,1.08,never,0,0,0,36.91,0,132
76,male,3,3,3.65,former,480,1,1,25.46,1,62
56,male,1,2,2.68,never,60,0,0,27.29,0,143
54,female,4,2,2.1,never,0,0,0,27.53,0,149
68,female,5,1,0.58,never,210,1,0,34,0,144
72,female,1,2,0.59,never,0,0,0,30.12,0,143
73,male,1,1,NA,current,0,0,0,31.29,0,152
49,male,4,3,1.57,never,0,0,1,33.37,0,152
50,male,4,5,4.8,never,360,1,0,28.83,0,138
71,male,4,3,1.94,former,0,0,0,34.23,1,112
48,male,4,3,1.63,former,720,1,0,31.27,0,155
42,female,2,3,0.41,never,0,0,0,32.65,0,145
46,male,4,2,1.43,never,100,0,0,29.06,0,137
48,female,2,4,5,current,0,0,1,20.92,0,150
66,female,2,4,4.38,never,30,0,0,32.13,0,142
65,female,1,1,1.97,never,300,1,0,23.15,0,139
51,male,4,2,1.92,current,0,0,0,39.97,0,134
75,female,3,3,1.99,former,0,0,0,30.01,0,149
67,male,3,3,1.27,never,0,0,0,24.86,0,156
43,male,3,4,5,never,120,0,0,25.28,0,136
61,male,4,4,5,never,0,0,0,23.55,0,144
48,female,4,4,1.08,never,270,1,0,36.3,0,147
72,male,3,4,3.53,former,0,0,1,24.9,1,83
72,male,1,3,NA,former,0,0,0,24.53,0,151
60,female,4,2,2.77,never,0,0,0,24.51,0,132
66,male,3,3,NA,former,180,1,1,29.06,0,138
49,male,4,5,2.42,current,0,0,1,35.97,0,135
48,female,2,1,1.16,never,90,0,0,34.88,0,136
40,female,3,4,1.13,never,780,1,1,25.93,0,145
60,male,4,4,2.5,current,90,0,1,27.43,0,147
73,female,1,1,0.92,never,0,0,0,27.59,0,143
68,male,3,4,2.32,former,30,0,0,38.18,1,26
47,male,3,2,1.63,current,0,0,0,34.53,0,137
75,male,3,5,5,never,660,1,0,26.64,1,129
54,female,3,3,4.84,former,0,0,1,40.66,0,156
53,female,2,2,0.93,never,0,0,0,32.55,0,143
49,male,2,4,4.6,former,540,1,0,29.55,0,150
53,male,3,3,0.9,current,0,0,0,25.36,0,146
78,male,3,2,1.17,never,0,0,1,23.38,1,34
66,female,3,5,1.61,former,120,0,0,28.49,1,142
66,female,4,3,2.1,never,60,0,0,29.86,0,148
75,female,3,4,2.5,former,0,0,1,26.34,1,13
63,female,4,4,5,never,0,0,1,42.03,1,144
64,male,4,2,2.45,former,30,0,0,29.87,0,141
80,male,2,1,NA,never,0,0,0,26.3,1,58
74,female,3,2,2.01,former,0,0,0,30.74,1,10
51,male,4,2,1.37,current,0,0,0,29.57,0,145
42,female,2,3,2.66,never,0,0,0,26.82,0,150
80,male,3,5,3.14,former,0,0,1,39.1,1,132
56,male,4,4,0.49,never,0,0,0,33.41,0,144
62,female,4,4,5,never,0,0,0,21.63,0,141
61,female,3,3,2.14,former,0,0,0,25.05,0,139
61,female,3,4,5,former,0,0,0,31.09,0,135
50,male,3,4,5,former,360,1,0,48.56,0,132
55,female,3,4,5,former,360,1,0,24.39,0,147
76,male,3,4,2.78,former,440,1,1,28.12,1,127
69,male,4,2,1.04,former,0,0,1,38.38,1,72
40,male,3,4,1.16,current,0,0,0,28.57,0,134
43,female,1,3,2.36,current,0,0,0,31.91,0,136
49,male,1,5,NA,current,0,0,0,27.16,0,148
79,female,3,2,2.56,never,0,0,0,30.96,0,149
59,male,2,5,5,never,720,1,0,30.77,0,142
80,male,3,1,5,never,0,0,1,29.71,1,14
74,male,3,3,5,never,0,0,0,29.22,1,142
80,male,4,1,2,former,0,0,0,22.86,1,71
48,male,3,5,4.72,never,40,0,0,28.12,0,150
80,male,3,4,2.08,never,0,0,0,26.37,1,69
71,female,3,4,1.16,former,0,0,0,38.58,0,134
70,male,2,2,1.31,former,0,0,0,29.85,0,145
60,male,3,5,4.81,former,550,1,1,31.72,0,153
65,female,1,1,3.52,current,0,0,0,23.91,0,155
42,female,4,5,4.72,never,540,1,0,21.53,0,152
48,female,2,3,5,former,210,1,1,23.17,1,79
63,female,3,3,1.24,current,0,0,1,31.63,1,61
61,male,4,2,2.04,current,0,0,0,29.1,0,147
61,female,1,3,5,never,0,0,0,25.71,0,147
61,female,4,5,5,former,60,0,0,25.48,0,142
41,female,1,5,4.66,never,0,0,0,23.87,0,136
62,female,3,3,1.79,never,240,1,0,27.28,0,155
62,male,3,5,5,current,480,1,0,22.67,0,157
72,male,4,2,0.17,never,90,0,1,24.14,0,148
58,female,3,3,5,never,0,0,NA,41.47,0,150
63,female,5,3,5,never,0,0,1,24.31,0,135
69,male,4,1,1.45,current,0,0,0,26.42,1,53
74,female,1,NA,3.43,never,0,0,0,21.89,1,10
53,male,1,5,NA,current,0,0,0,27.52,1,65
52,female,4,3,1.8,never,0,0,0,28.58,0,140
60,female,4,3,3.86,never,0,0,0,28.36,0,140
80,female,3,2,1.2,never,0,0,0,29.58,1,138
44,male,1,3,1.14,current,45,0,0,26.21,0,135
45,male,2,2,2.42,never,0,0,0,34.76,0,156
59,female,2,2,1.31,current,0,0,0,24.3,0,149
47,female,3,5,5,current,0,0,1,26.87,0,134
73,female,3,3,1.68,never,150,1,0,30.93,1,114
62,female,4,3,3.35,never,0,0,0,54.38,0,133
59,male,3,3,3,former,0,0,0,27.57,0,138
44,male,1,4,3.24,never,720,1,0,27.08,0,153
61,female,3,4,5,never,0,0,0,23.23,0,148
60,male,3,5,NA,former,120,0,1,55.12,0,144
79,male,3,3,3.14,former,60,0,1,27.97,1,102
54,female,2,5,3.65,never,60,0,1,36.41,0,144
54,female,1,4,1.31,current,0,0,0,26.37,0,145
51,female,4,4,1.39,current,0,0,0,21.36,0,144
73,female,1,1,2.63,former,0,0,0,27.43,0,153
80,male,3,2,2.14,former,0,0,0,27.69,1,62
63,female,3,4,1.25,former,0,0,0,25.15,1,29
76,female,3,4,NA,never,0,0,0,35.57,0,133
61,male,1,1,0.46,never,840,1,0,23.22,0,142
42,female,3,5,5,former,240,1,0,22.09,0,147
80,male,1,1,0.82,former,0,0,0,34.09,1,53
59,female,2,4,1.25,never,0,0,0,NA,0,153
70,male,3,1,1.7,former,0,0,1,24.89,1,133
74,male,3,3,2.34,former,480,1,1,37.77,1,80
48,female,3,3,1.99,never,0,0,0,32.38,0,154
46,male,3,3,0.71,current,0,0,1,27.19,0,134
47,male,3,4,4.08,current,60,0,0,22.43,0,147
57,male,3,5,5,former,720,1,0,23.97,0,145
50,male,3,4,5,never,60,0,0,31.89,0,147
80,female,5,5,2.14,never,0,0,1,29.51,1,80
69,female,2,1,1.95,never,0,0,0,31.08,0,134
51,male,4,2,1.21,former,0,0,1,26.27,1,8
46,male,3,1,NA,never,0,0,0,33.85,0,154
51,female,3,4,1.83,never,0,0,0,29.97,0,143
80,female,3,3,NA,former,0,0,1,28.26,1,114
66,male,3,3,2.99,current,300,1,0,34.06,1,125
40,female,1,1,0.62,never,0,0,0,34.98,0,144
78,male,3,3,2.86,never,0,0,0,26.14,1,54
59,male,4,3,4.38,never,0,0,0,35.16,0,132
60,male,1,1,3.13,never,0,0,0,32.87,0,140
80,female,3,4,2.12,former,0,0,1,25.73,0,152
51,female,3,3,5,never,0,0,0,33.06,0,145
52,female,4,5,4.55,former,180,1,0,30.97,0,137
49,female,2,4,4.19,former,0,0,0,31.8,0,150
52,male,4,4,2.69,current,1980,1,0,23.97,0,140
73,male,2,2,0.69,former,0,0,0,29.34,1,88
62,female,1,3,NA,never,20,0,1,36.64,1,93
77,male,2,1,1.02,former,0,0,0,26.49,1,149
41,female,3,3,2.42,never,0,0,0,30.88,0,151
80,male,3,5,5,never,150,1,1,35.22,1,134
47,female,4,5,5,never,180,1,1,25.1,0,137
44,female,1,5,1.68,never,0,0,0,32.22,0,143
77,male,3,1,1.31,current,0,0,0,27.94,1,11
45,male,1,1,2.28,current,0,0,0,29.37,0,140
59,male,1,5,2.27,current,0,0,1,22.67,0,133
77,female,3,3,0.77,never,90,0,0,28.44,1,12
80,male,4,1,2.59,never,0,0,1,NA,0,146
65,female,4,4,1.68,never,0,0,0,27.17,0,136
64,female,4,4,0.88,former,0,0,1,18.47,1,75
59,female,3,5,5,current,615,1,1,26.57,0,149
70,female,3,4,0.77,current,0,0,0,28.87,0,147
73,female,3,3,5,former,0,0,1,22.06,0,145
45,female,4,4,3.69,never,0,0,0,30,0,145
73,male,3,1,0.87,never,120,0,0,26.9,0,156
80,male,4,1,1.03,never,0,0,0,25.31,0,140
57,male,3,5,5,never,180,1,1,23.54,0,138
71,female,4,2,1.42,never,0,0,0,29.79,1,121
41,female,1,2,0.47,never,0,0,0,31.27,0,136
76,male,1,2,0.99,never,0,0,1,31.03,1,62
57,female,3,5,3.57,never,120,0,0,21.45,0,140
51,female,3,4,0.17,never,0,0,0,33.98,0,150
68,male,3,5,5,never,0,0,1,31.69,0,134
40,female,4,5,1.75,never,1320,1,0,41.72,0,144
80,female,3,4,1.87,current,0,0,NA,22.68,1,14
66,male,3,2,0.94,former,0,0,1,26.72,1,17
80,male,5,4,0.28,never,0,0,NA,17.34,1,8
58,female,3,5,3.29,never,0,0,1,33.33,0,140
71,female,3,1,0.05,never,0,0,0,44.5,1,139
58,female,1,1,0.71,never,0,0,0,41.17,0,143
80,female,3,3,2.12,former,0,0,1,28.3,1,26
52,female,3,4,5,never,315,1,0,35.5,0,136
55,female,4,3,0.44,current,0,0,0,28.19,0,143
62,female,4,2,4.9,current,0,0,0,39.78,0,138
49,male,4,3,5,former,300,1,0,25.28,0,134
53,female,3,5,5,never,0,0,0,28.96,0,154
75,male,3,5,5,former,150,1,0,28.11,0,147
42,male,2,1,NA,current,160,1,0,24.1,0,141
61,female,4,4,1.01,current,0,0,0,35.18,0,152
49,female,2,3,2.54,former,0,0,0,26.13,0,149
54,male,1,1,NA,current,0,0,0,29.06,0,134
78,female,3,1,1.09,never,0,0,0,25.02,0,147
54,female,2,1,NA,former,0,0,0,32.75,0,148
61,male,3,2,5,former,0,0,0,35.1,0,150
45,female,3,4,5,never,0,0,0,37.13,0,149
44,male,4,3,4.86,never,0,0,0,33.18,0,141
72,female,3,2,3.92,former,0,0,1,28.32,0,134
48,male,3,3,1.39,current,240,1,0,31.55,0,147
63,female,3,5,3.65,current,420,1,0,24.06,0,147
50,male,3,4,5,former,720,1,0,24.37,0,146
46,female,3,4,2.49,never,0,0,0,22.41,0,143
72,male,4,3,1.57,former,40,0,0,30.21,0,146
80,female,3,3,4.75,never,0,0,1,32.25,1,126
65,male,3,3,1.79,former,120,0,1,29.1,1,73
61,female,2,3,4.5,never,0,0,0,27.53,0,137
47,female,3,4,3.65,former,360,1,0,18.33,0,132
55,female,1,2,3.13,never,90,0,0,26.92,0,149
70,female,1,1,NA,never,0,0,1,37.02,0,154
52,female,3,5,5,current,250,1,0,23.95,0,139
41,male,3,2,0.97,current,0,0,0,28.21,0,149
45,female,2,3,NA,never,0,0,0,38.49,0,141
80,female,3,2,1.44,never,0,0,0,23.55,1,42
56,male,1,5,5,former,100,0,0,30.24,0,146
54,male,3,2,1.23,current,0,0,0,27.78,0,149
40,male,2,3,3.52,never,0,0,0,26.55,0,142
70,male,3,3,2.91,former,0,0,0,39.89,1,143
41,male,2,3,NA,never,0,0,0,27.02,0,152
52,male,1,4,5,current,660,1,0,36.51,0,154
58,male,2,1,0.75,current,0,0,0,27.1,0,137
68,male,3,4,4.86,former,225,1,1,33.02,0,147
77,female,3,3,5,former,0,0,0,21.05,1,64
44,male,2,3,0.35,never,140,0,1,27.49,0,145
75,female,4,2,1.27,never,0,0,0,34.7,0,133
40,male,1,4,5,never,125,0,0,45.85,0,134
52,female,2,1,1.31,current,0,0,0,25.44,0,144
73,male,2,3,1.93,former,0,0,0,27.46,0,148
61,male,3,4,5,former,135,0,1,36.5,0,143
79,female,4,3,2.22,never,0,0,0,25.14,1,116
62,male,4,2,0.85,former,20,0,1,22.61,0,153
49,female,5,4,3.65,current,0,0,0,18.98,0,138
75,male,2,3,5,never,210,1,0,22.08,0,145
62,male,1,1,0.96,never,0,0,0,26.33,0,137
51,male,5,4,3.27,current,600,1,0,22.14,0,153
54,male,2,1,2.69,current,0,0,0,21.53,0,137
80,female,4,2,NA,never,0,0,0,31.08,0,145
74,female,2,1,0.61,never,0,0,0,31.25,0,146
78,male,3,1,1.15,current,0,0,1,15.25,1,31
54,female,4,4,5,former,360,1,0,37.11,0,134
55,male,3,2,2.34,never,600,1,0,24.54,0,135
42,female,3,5,5,never,160,1,0,21.25,0,151
74,female,3,1,1.14,former,0,0,0,36.15,1,61
80,female,4,4,1.35,never,300,1,0,30.5,0,147
44,male,3,1,1.16,current,0,0,0,24.89,0,153
45,male,5,4,1.49,never,45,0,0,37.1,1,143
67,female,3,5,3.72,former,75,0,0,24.94,0,138
66,female,3,3,1.46,never,600,1,0,22.1,1,142
68,male,2,1,0.64,current,0,0,0,25.03,1,21
61,female,3,3,2.14,never,960,1,0,28.15,0,133
64,female,4,4,3.57,never,0,0,0,34.56,0,152
70,male,3,3,1.53,never,0,0,0,31,1,114
52,female,2,4,2.99,never,720,1,0,22.75,0,135
49,male,4,2,0.71,current,0,0,1,20.17,1,80
56,male,2,1,1.27,former,0,0,0,30.78,0,154
54,female,4,5,3.02,never,0,0,0,32.52,0,141
80,female,2,5,1.76,never,0,0,0,22.88,1,33
61,male,2,4,1.45,former,0,0,1,34.49,1,51
79,female,3,5,1.96,never,210,1,0,26.87,0,146
77,female,3,4,1.3,never,0,0,0,30.87,0,155
41,female,2,2,1.45,never,0,0,0,28.62,0,151
42,male,3,3,NA,current,0,0,0,31.1,0,147
53,male,3,1,1.29,current,0,0,0,33.97,0,139
62,female,2,3,NA,never,0,0,1,32.41,0,154
61,female,3,5,5,former,300,1,0,24.28,0,143
61,male,4,4,4.72,former,900,1,0,31.36,1,69
80,female,4,2,0.79,former,0,0,0,27.23,0,140
68,female,3,1,NA,never,0,0,1,29.79,0,138
57,female,3,4,3.92,former,0,0,1,21.26,0,140
80,female,3,5,NA,former,0,0,0,32.33,1,133
47,male,2,1,1.34,never,0,0,0,29.54,0,134
80,female,2,3,1.08,never,0,0,0,23.48,1,21
50,female,3,4,0.73,current,0,0,0,22.01,0,148
54,female,3,4,0.96,current,480,1,0,24.02,0,152
66,female,3,4,2.14,former,0,0,NA,30.27,1,91
72,female,3,4,1.14,never,0,0,0,29.85,1,75
58,male,3,3,0.98,current,90,0,0,21.8,1,122
70,female,3,4,5,never,270,1,0,26.91,0,154
47,male,3,4,3.79,former,0,0,0,31,0,152
40,female,1,3,1.41,never,2400,1,0,29.12,0,153
62,female,4,2,1.15,never,0,0,1,23.88,1,117
49,male,3,3,0.51,current,0,0,0,35.42,1,84
80,female,4,4,1.14,never,0,0,0,33.05,1,122
71,male,3,3,2.86,former,0,0,1,37.8,0,156
55,male,3,2,2.95,former,0,0,0,23.54,1,49
80,male,4,3,1.24,former,0,0,0,34.94,1,117
63,female,2,5,5,never,0,0,1,31.31,0,150
63,male,1,4,4.36,former,20,0,0,23.97,0,146
46,female,3,5,4.83,never,0,0,0,22.99,0,149
60,male,2,4,1.14,former,120,0,0,29.38,0,135
72,male,4,5,2.91,never,150,1,0,35.33,1,71
63,male,4,2,0.77,current,40,0,1,16.96,0,153
47,male,3,3,2.95,current,0,0,0,22.64,0,148
63,female,3,5,5,never,90,0,1,22.71,0,134
44,female,4,4,3.47,never,720,1,0,32.78,0,153
43,female,4,2,5,current,90,0,0,48.02,0,139
56,female,1,1,1.04,current,0,0,0,36.59,0,144
53,female,3,3,NA,current,0,0,0,34.25,0,135
69,male,2,5,4.64,former,0,0,0,29.82,0,146
62,female,2,1,0.86,never,0,0,0,23.09,0,153
51,male,2,4,3.11,never,0,0,0,22.28,0,143
40,male,1,4,0.7,never,0,0,0,26.57,0,147
50,female,3,4,3.37,never,0,0,0,22.88,0,133
65,male,3,5,5,former,0,0,1,43.45,1,130
60,female,4,4,NA,former,0,0,0,42.25,1,74
70,male,3,5,5,former,720,1,0,27.99,0,154
49,male,3,5,5,former,390,1,0,27.13,0,143
47,female,5,2,4.24,current,0,0,0,37.89,0,146
43,male,2,1,0.68,never,0,0,0,29.45,0,140
80,female,2,3,NA,never,0,0,0,28.31,0,144
56,male,3,3,5,former,480,1,0,25.76,0,137
64,male,1,1,2.5,never,0,0,0,43.83,0,137
56,female,2,4,4.2,never,400,1,1,27.7,0,146
68,male,3,5,5,never,0,0,1,27.81,0,146
74,male,3,4,1.83,former,0,0,0,21.59,0,146
62,male,3,5,5,never,450,1,0,25.18,0,143
43,female,1,1,NA,never,0,0,0,32.56,0,142
60,female,4,5,2.18,current,0,0,0,23.3,0,138
65,male,3,3,NA,never,120,0,0,25.12,0,148
66,male,3,1,NA,never,0,0,1,31.76,0,146
73,male,4,5,4.29,never,900,1,1,28.47,0,144
73,female,4,1,2.04,never,30,0,0,NA,1,59
80,female,4,5,1.46,former,0,0,0,29.68,1,33
58,female,4,1,0.83,current,0,0,1,29.97,0,146
57,male,3,5,2.74,never,125,0,NA,28.02,0,147
48,male,5,2,1.47,current,60,0,0,27.75,0,143
66,female,2,2,1.46,never,0,0,0,26.46,0,145
53,male,3,2,0.71,current,0,0,1,39.77,0,137
75,female,4,2,NA,former,0,0,1,27.81,1,100
46,male,1,3,1.16,never,0,0,0,28.24,0,137
79,male,3,3,2.5,former,180,1,1,29.66,0,157
52,female,3,3,3.07,never,0,0,0,32.24,0,157
61,female,1,1,0.65,never,0,0,0,31.13,0,136
77,male,3,4,1.79,former,360,1,0,24.23,0,134
45,male,4,2,1.96,current,0,0,0,26.99,0,147
51,male,3,3,2.84,former,0,0,0,37.17,0,148
76,male,3,1,0.93,never,0,0,0,32.82,1,8
63,female,4,1,0.34,never,0,0,0,23.08,1,106
61,male,4,2,4.14,former,0,0,0,19.37,0,134
53,male,1,2,NA,former,0,0,0,34.1,0,149
80,female,3,2,2.5,never,0,0,0,22.58,1,106
69,female,2,3,1.93,former,0,0,0,25.69,0,149
48,female,3,1,0.95,current,0,0,0,37.69,1,128
80,female,3,5,3.43,current,120,0,1,28.15,1,78
78,male,3,5,3.85,never,0,0,0,26.77,1,82
62,male,1,1,1.79,current,0,0,0,NA,0,134
62,female,1,4,5,never,180,1,1,39.76,0,140
76,female,3,2,4.29,never,0,0,1,31.91,1,119
75,male,3,1,1.92,former,90,0,0,29.37,1,43
45,female,3,2,0.96,never,0,0,0,29.06,0,144
49,male,3,4,NA,current,0,0,0,31.54,0,148
80,female,3,4,1.47,former,0,0,1,26.09,1,21
60,male,4,3,1.05,current,0,0,1,27.72,1,130
40,female,4,2,0.69,current,0,0,0,22.74,0,151
79,female,3,5,4.81,former,450,1,0,21.91,1,134
71,male,3,4,5,former,0,0,0,32.53,0,156
76,male,3,2,1.61,former,0,0,1,NA,1,17
49,male,2,4,5,former,0,0,0,28.57,0,143
41,male,1,4,4.58,never,810,1,0,29.75,0,146
56,female,2,1,3.11,never,0,0,0,33.6,0,144
56,female,3,4,0.7,current,0,0,0,32.8,0,133
79,female,1,1,0.73,never,0,0,1,32.09,0,143
61,female,4,2,0.76,current,0,0,0,22.81,1,109
64,female,1,4,0,former,225,1,0,32.58,0,145
67,female,3,4,5,former,120,0,1,20.63,0,154
53,male,1,2,1.79,never,0,0,0,27.08,0,148
62,female,1,4,2.14,never,105,0,0,34.86,0,135
75,female,2,1,1.45,former,0,0,0,30.2,1,128
74,male,1,1,1.18,former,60,0,0,35.24,1,11
40,male,2,5,NA,never,720,1,0,24.13,0,154
53,male,3,4,5,former,360,1,0,27.47,0,139
53,male,3,3,5,never,0,0,0,30.16,0,149
65,male,2,1,1.27,former,0,0,0,28.27,0,145
43,male,4,4,3.77,former,0,0,0,27.39,0,154
53,male,3,4,0,current,0,0,0,28.17,1,129
76,male,3,1,0.94,current,105,0,0,24.36,1,107
48,female,4,3,0.68,former,480,1,0,44.93,0,140
49,female,3,2,1.9,never,0,0,0,38.55,0,150
80,male,3,4,1.67,former,0,0,1,32.35,0,137
61,male,1,5,5,never,0,0,0,21.94,0,142
63,male,1,5,5,former,720,1,0,26.47,0,149
54,male,1,4,5,never,390,1,0,26.91,0,136
66,female,2,1,0.88,never,0,0,0,21.33,1,66
65,male,4,4,0.97,current,0,0,0,25.06,1,116
75,female,2,1,NA,never,135,0,0,40.18,0,136
66,female,2,1,2.62,never,0,0,0,NA,0,152
52,female,4,4,NA,never,180,1,0,32.53,0,140
43,female,1,1,0.67,former,0,0,0,24.19,0,147
75,female,1,1,0.73,never,0,0,0,37,1,93
56,male,3,3,3.69,current,0,0,0,27.38,0,156
61,male,3,4,3.93,former,240,1,NA,28.62,0,157
53,male,5,5,1.39,former,300,1,0,23.31,0,142
57,male,1,2,2.69,never,0,0,0,26.91,1,128
69,female,4,3,1.31,never,0,0,0,41.02,0,149
64,male,1,1,0.7,never,60,0,0,27.13,1,85
50,male,2,3,NA,former,80,0,0,27.52,0,154
63,female,1,1,NA,current,0,0,0,27.57,1,91
60,male,4,3,5,former,60,0,0,22.48,0,137
80,male,3,1,1.24,former,0,0,0,22.89,1,110
40,male,3,5,5,never,180,1,0,25.78,0,153
75,female,2,5,1.27,never,0,0,0,23.82,0,149
62,male,3,4,5,former,420,1,1,39.95,1,139
41,female,4,4,NA,current,360,1,0,38.22,0,154
61,male,4,5,5,never,30,0,0,25.85,0,149
50,male,4,5,3.87,never,0,0,0,33.64,0,140
45,male,4,5,5,never,300,1,0,26.01,0,147
44,male,1,1,1.41,never,40,0,0,28.36,0,134
45,male,4,2,0.57,current,0,0,0,22.92,0,138
80,female,3,3,1.13,never,0,0,0,20.45,1,105
56,male,3,3,2.48,current,0,0,0,53.78,1,102
45,male,3,4,4.12,former,120,0,0,30.91,0,134
50,male,2,3,3.13,current,0,0,0,20.54,0,137
65,male,5,3,1.49,current,0,0,1,25.14,1,38
42,male,1,5,3.63,never,390,1,0,28.4,0,144
61,male,3,3,2.19,never,60,0,0,26.97,1,55
78,female,3,3,1.14,never,0,0,0,29.64,0,144
80,male,3,4,NA,former,45,0,1,24.58,1,15
43,male,4,4,5,never,120,0,0,33.4,0,153
58,female,3,5,5,never,0,0,0,30.72,0,133
40,female,3,2,1.25,never,0,0,0,23.42,0,134
60,male,3,5,5,current,240,1,0,25.09,0,137
40,male,1,5,2.49,never,540,1,0,31.42,0,143
43,male,4,5,NA,never,20,0,0,18.99,0,141
56,male,2,4,1.9,former,0,0,0,25.07,1,122
73,male,3,2,5,former,0,0,1,40.7,0,135
46,female,3,2,0.51,never,0,0,0,44.45,0,134
80,female,3,4,NA,former,0,0,1,23.18,1,112
47,female,1,3,1.73,never,0,0,0,26.58,0,134
55,male,3,4,5,former,90,0,1,33.2,0,146
80,female,3,1,2.06,never,20,0,1,26.31,1,115
44,female,3,5,3.87,never,45,0,0,26.03,0,133
59,female,3,3,2.34,never,0,0,0,27.37,0,146
44,female,5,2,0.57,current,0,0,1,15.77,0,139
61,female,3,5,5,former,90,0,0,37.84,0,147
67,female,3,4,3.85,never,225,1,1,20.92,0,136
80,male,3,4,NA,never,0,0,0,31.71,1,92
43,male,3,3,1.01,former,0,0,0,29.66,0,132
49,female,3,4,1.22,never,945,1,0,24.15,0,139
46,female,3,3,4.97,former,240,1,1,25.46,0,144
57,female,1,1,0.68,never,0,0,0,27.37,0,142
78,male,3,4,1.75,former,210,1,1,28.06,1,69
71,male,3,1,0.71,current,0,0,1,29.6,0,138
52,male,3,5,1.16,former,315,1,0,26.3,0,133
50,female,1,2,1.13,never,0,0,0,30.1,0,136
77,male,3,4,1.14,never,0,0,0,25.05,0,138
49,male,3,3,3.29,never,0,0,0,18.6,0,136
56,male,3,5,5,former,0,0,0,31.14,0,150
58,male,4,4,5,former,0,0,0,29.8,0,135
54,female,3,5,0.87,former,1680,1,0,21.87,0,140
76,male,3,1,1.21,current,0,0,0,20.23,1,65
80,male,3,5,2.78,former,60,0,0,24.76,0,142
40,female,4,5,2.5,current,390,1,0,24.26,1,113
62,female,3,4,4.64,former,0,0,0,30.97,0,151
63,female,3,5,2.92,former,0,0,1,30.58,0,146
51,male,3,4,5,former,0,0,0,30.67,0,134
54,male,1,5,5,former,0,0,0,35.92,0,133
72,male,4,2,1.3,current,0,0,0,16.97,1,130
56,male,1,5,5,never,100,0,0,33.78,0,153
49,female,2,1,4.48,never,0,0,0,28.92,0,146
71,female,3,4,2.94,never,75,0,0,20.82,0,146
52,male,3,3,3.07,never,180,1,1,29.26,0,156
46,female,3,4,0.52,current,0,0,0,32.23,0,148
58,female,4,4,0.44,current,0,0,0,63.95,1,144
68,female,3,2,0.59,never,0,0,1,26.06,0,154
51,female,4,1,NA,never,0,0,0,21.39,0,134
55,male,3,5,2.64,never,1500,1,0,27.27,0,153
68,male,2,1,1.9,never,0,0,0,27.95,0,150
48,female,4,2,0.51,current,0,0,0,30.7,0,142
80,female,3,2,NA,never,960,1,0,22.07,1,22
77,female,3,4,2.88,former,0,0,0,24.89,1,42
51,male,4,4,NA,current,0,0,0,18.99,0,146
49,female,3,4,2.31,former,50,0,0,21,0,134
80,male,3,5,NA,never,30,0,0,30.48,1,122
80,female,3,5,2.14,never,0,0,1,27.44,1,58
53,female,5,4,1.39,never,0,0,1,20.14,0,143
52,male,1,2,NA,current,0,0,0,25.77,0,139
51,male,5,4,1.42,current,0,0,0,29.34,1,108
63,male,2,1,0.84,never,0,0,0,24.4,0,145
80,female,3,5,5,former,60,0,1,23.32,1,134
75,female,3,1,1.56,former,0,0,1,29.63,0,134
71,female,1,1,0.87,never,0,0,1,33.41,0,143
58,female,1,2,1.62,former,40,0,0,37.84,0,148
55,male,4,4,5,never,0,0,0,25.75,0,143
58,female,3,3,2.19,never,0,0,0,31.88,0,151
67,female,3,5,2.86,former,0,0,0,22.93,0,148
62,male,4,3,1.71,never,420,1,0,NA,0,153
71,male,3,4,1.75,former,140,0,NA,28.93,0,146
66,male,1,4,2.98,never,0,0,1,29.16,0,147
74,male,1,1,1.66,never,0,0,1,34.51,0,146
40,male,1,4,4.25,former,180,1,0,39.51,0,135
49,female,4,4,0.93,former,0,0,0,52.22,0,139
61,male,4,4,1.61,former,30,0,0,30.88,0,149
80,male,3,4,2.4,former,0,0,1,29.68,1,34
72,female,4,5,5,never,0,0,1,21.02,0,153
63,female,3,5,5,former,100,0,0,31.29,0,154
43,male,3,5,5,never,90,0,1,27.56,0,137
72,male,3,3,4.38,never,490,1,1,28.57,1,127
68,female,4,2,1.15,never,0,0,0,27.49,0,134
59,female,3,3,3.41,never,0,0,0,23.56,0,141
80,male,3,4,NA,never,0,0,0,29.9,1,110
57,female,4,2,0.57,never,0,0,0,37.68,0,148
62,male,1,3,2.15,current,0,0,1,28.9,0,142
53,male,1,1,1.24,current,0,0,0,27.75,0,142
79,female,3,4,1.17,former,100,0,1,25.46,1,72
49,male,4,2,1.69,current,0,0,0,NA,1,4
62,male,4,5,2.18,never,0,0,0,NA,1,123
71,female,4,2,2.6,current,0,0,1,16.87,1,32
60,male,5,5,5,former,1080,1,0,21.26,0,148
74,male,3,4,2.5,former,50,0,0,36.74,1,125
44,female,3,5,3.32,never,210,1,0,21.32,0,146
59,female,5,1,2.05,never,0,0,0,21.9,0,152
43,male,1,1,0.67,current,0,0,0,25.52,0,147
80,female,3,3,5,never,0,0,0,20.09,0,137
48,male,3,5,5,never,140,0,1,25.72,0,133
61,male,4,5,3.46,former,0,0,0,32.97,1,29
42,female,1,1,0.92,never,0,0,0,34.83,0,137
70,male,4,1,1.46,current,120,0,0,17.47,1,135
42,female,3,5,5,former,210,1,0,23.31,0,141
73,female,4,1,0.98,never,0,0,1,38.67,1,151
67,female,3,1,1.34,never,180,1,0,21.64,0,133
67,female,3,4,3.92,never,2700,1,1,38.83,0,134
51,male,3,5,2.49,never,720,1,0,31.8,0,143
58,female,5,5,4.81,former,120,0,1,26.15,0,134
67,female,1,2,0.78,never,0,0,0,31.74,0,142
70,female,4,5,1.46,never,1200,1,0,35.19,0,144
70,male,3,3,2.29,former,0,0,0,24.61,0,137
71,female,3,5,1.32,never,0,0,1,27.57,1,91
54,male,1,3,2.42,former,0,0,0,30.35,0,140
80,male,4,3,0.8,former,0,0,0,27.93,1,44
79,female,3,2,1.67,never,0,0,1,22.71,1,49
67,female,3,2,1,current,0,0,1,31.54,1,25
44,female,1,2,3.07,former,0,0,0,29.07,0,135
51,male,3,5,5,former,480,1,0,33.92,0,144
75,female,3,2,2.56,former,180,1,1,25.34,1,146
51,male,1,1,0.78,never,0,0,0,23.33,0,132
62,male,3,5,5,former,270,1,1,28.59,0,146
56,male,1,4,5,former,0,0,0,33.03,0,134
80,male,3,1,1.7,former,0,0,1,27.5,1,58
60,female,2,4,1.6,never,180,1,0,28.97,1,44
63,male,3,2,2.79,former,0,0,0,40.34,0,138
40,female,1,4,3.68,never,0,0,0,32.62,0,147
52,female,3,5,5,never,30,0,0,40.03,0,145
63,female,4,4,NA,never,0,0,1,36.98,1,74
62,female,3,3,5,never,0,0,0,32.22,0,140
62,female,3,3,2.45,never,0,0,0,20.44,0,132
63,male,1,4,5,former,0,0,0,35.11,0,148
53,male,3,2,5,current,210,1,0,30.15,0,138
62,male,1,1,1.25,former,0,0,0,29.02,0,152
71,male,3,3,1.75,never,0,0,1,26.31,1,147
59,male,3,5,5,never,1680,1,0,39.31,0,135
80,female,2,1,NA,never,0,0,0,30.82,0,144
43,female,1,3,1.22,never,960,1,0,28.54,0,144
70,male,3,4,0.97,current,0,0,0,35.88,1,14
69,female,2,3,2.05,never,0,0,0,21.97,0,150
52,male,2,4,NA,never,0,0,0,28.39,0,146
42,female,4,3,2.98,never,160,1,0,23.77,0,137
48,male,4,3,5,never,180,1,1,40.71,0,136
50,female,2,1,0,never,0,0,0,50.18,0,137
73,male,3,5,2.27,current,0,0,0,27.11,1,96
79,male,3,2,1.31,former,0,0,1,38.94,1,60
49,female,3,3,1.23,current,0,0,0,27.63,0,150
80,female,3,1,1.61,never,0,0,0,25.75,1,133
47,male,3,2,0.88,current,0,0,NA,15.66,1,9
52,male,3,3,1.75,current,1050,1,0,21.81,0,142
57,male,2,4,NA,never,0,0,0,26.8,0,144
41,female,3,2,3.77,never,0,0,0,30.13,0,147
72,male,4,5,3.41,former,200,1,0,27.05,0,145
75,male,3,1,1.14,former,0,0,0,28.98,1,104
72,female,4,4,2.04,never,90,0,0,32.06,0,139
79,female,3,3,1.12,former,0,0,0,20.36,1,36
55,male,5,4,0.82,never,0,0,0,25.05,1,72
50,male,4,2,NA,never,2100,1,0,18.75,0,148
44,male,3,3,3.79,never,405,1,0,27,0,151
50,male,3,3,1.67,current,720,1,0,26.56,0,147
74,female,3,5,4.9,current,0,0,1,23,0,146
80,female,3,1,2.92,former,0,0,0,24.32,1,73
43,male,3,5,0.81,former,1680,1,0,27.59,0,146
61,male,2,5,4.9,current,210,1,0,32.72,0,154
45,male,3,2,5,never,360,1,0,32.85,0,147
64,male,3,4,2.92,never,180,1,0,31.09,1,121
61,female,3,4,NA,current,0,0,0,17.3,1,111
69,female,1,1,NA,former,40,0,0,30.14,1,68
52,female,3,2,4.75,current,0,0,0,23.43,1,110
61,female,4,3,5,never,120,0,0,32.4,0,134
53,female,3,5,1.15,former,160,1,0,25.48,0,135
80,female,3,3,1.57,former,0,0,0,28.81,1,65
40,female,1,1,1.74,never,1260,1,NA,NA,0,145
72,female,3,5,3.65,never,300,1,1,25.51,0,144
48,female,3,4,0.77,current,0,0,0,24.53,0,137
80,female,3,3,2.07,never,120,0,0,36.71,0,148
46,female,3,5,5,never,460,1,0,24.06,0,155
60,female,3,4,5,former,90,0,1,28.81,0,134
40,male,3,1,0.86,current,0,0,0,26.33,1,83
75,male,4,5,5,former,480,1,1,27.61,0,145
80,female,3,1,1.15,never,30,0,0,17.02,1,1
46,female,3,4,3.63,former,120,0,0,21.54,0,141
80,male,1,1,2.26,former,0,0,0,22.89,1,44
49,female,3,4,3.41,never,0,0,0,37.52,0,133
42,female,2,4,NA,never,0,0,0,24.51,0,136
59,female,3,2,1.51,current,0,0,0,24.99,0,151
49,female,3,5,5,never,0,0,0,33.24,0,133
64,male,3,3,2.64,former,0,0,0,28.38,0,134
80,female,1,1,NA,never,0,0,0,23.74,1,132
60,female,4,2,4.9,never,0,0,0,37.97,0,138
67,female,3,2,0.88,former,0,0,NA,29.64,0,139
57,male,4,2,2.9,current,0,0,0,37.55,0,144
77,male,3,1,1.89,former,0,0,1,22.37,1,115
68,male,3,2,0.87,current,0,0,0,21.79,1,9
45,male,3,5,3.32,never,540,1,0,24.15,0,145
71,male,3,4,3.93,former,60,0,0,20.56,0,139
45,male,2,1,3.98,never,0,0,0,33.17,0,136
45,male,4,3,NA,current,240,1,0,22.48,0,156
80,female,3,3,2.14,never,105,0,1,24.82,0,155
44,female,1,3,3.23,never,0,0,0,29.22,0,152
58,female,3,3,NA,former,120,0,1,36.21,0,134
73,female,3,3,1.79,never,0,0,1,31.14,1,33
78,male,3,3,2.56,former,0,0,1,28.73,1,109
52,female,3,2,0.88,current,0,0,1,23.51,0,147
79,female,1,1,1.81,never,0,0,0,25,0,135
53,female,3,4,4.29,former,210,1,1,21.55,0,147
45,male,4,3,3.57,never,1080,1,0,23.06,0,133
75,female,2,3,2.74,never,0,0,1,29.09,0,143
59,male,1,4,5,former,930,1,0,34.36,0,146
58,female,4,4,3.23,former,60,0,1,41.16,0,146
49,male,3,2,0.65,current,90,0,1,23.03,0,136
58,female,4,4,4.36,never,0,0,0,37.43,0,138
80,male,3,3,1.49,never,300,1,1,25.31,1,63
61,male,2,3,5,former,240,1,0,21.94,0,140
58,male,3,5,5,former,660,1,0,24.1,0,139
61,male,1,4,2.62,never,1080,1,0,29.58,0,151
62,female,4,3,1.73,never,0,0,0,25.43,1,118
79,female,3,2,1.47,former,0,0,0,23.59,1,102
56,female,5,4,5,never,0,0,1,32.77,0,136
48,male,2,1,NA,current,0,0,0,34.96,0,137
50,male,1,1,1.41,former,150,1,1,31.06,0,154
46,male,3,2,1.15,never,0,0,0,34.67,0,156
45,female,4,5,4.96,never,0,0,0,42.36,0,139
58,female,4,2,1.57,former,0,0,0,29.56,0,152
52,female,1,4,NA,never,0,0,0,32.72,0,136
80,male,3,3,1.57,former,225,1,1,33.26,1,36
53,male,2,2,NA,never,30,0,0,20.69,0,145
44,male,4,4,3.43,never,0,0,0,25.81,0,143
79,male,3,1,1.43,former,0,0,0,26.97,1,47
45,female,3,4,4.83,never,360,1,0,20.61,0,137
67,male,3,4,NA,former,0,0,1,31.01,1,114
59,female,3,5,5,former,120,0,0,35.24,0,153
67,female,1,2,3.57,never,0,0,0,24.91,0,136
45,male,3,4,2.92,current,600,1,0,26.28,0,152
70,male,3,4,4.67,former,0,0,0,29.15,0,146
47,male,3,3,3.77,never,0,0,0,NA,0,150
75,male,3,4,2.19,never,0,0,1,26.36,0,149
40,male,3,4,5,never,180,1,0,35.04,0,133
50,female,1,1,1.16,former,360,1,0,32.02,0,153
80,female,1,NA,NA,former,0,0,0,24.08,0,153
80,male,5,4,0.61,never,700,1,0,21.78,1,58
73,female,3,3,1.94,former,0,0,0,27.18,1,137
49,male,5,5,1.08,never,0,0,0,32.72,0,147
80,male,3,3,5,former,0,0,1,30.14,0,132
64,female,1,1,0.06,never,0,0,0,28.82,0,142
52,male,3,3,0.5,never,90,0,0,36.26,0,152
64,female,3,4,0.41,former,0,0,0,23.72,0,138
62,female,2,4,2.86,never,900,1,0,42.52,0,136
69,female,1,2,0.98,never,420,1,0,27.16,1,66
57,male,1,3,NA,former,240,1,0,37.12,0,146
61,male,4,4,3.98,never,0,0,0,56.25,1,126
49,male,2,2,1.64,never,1320,1,0,32.91,0,153
55,male,3,4,5,current,180,1,0,21.29,1,99
80,female,3,4,NA,never,0,0,1,23.68,1,109
57,female,3,5,3.93,never,150,1,0,30.82,0,154
61,male,4,4,2.35,current,90,0,1,23.83,1,79
69,male,4,1,1.43,former,0,0,1,33.06,1,16
80,female,3,2,1.5,never,0,0,0,16.77,1,30
43,male,4,2,0.29,current,0,0,0,26.44,0,148
69,male,5,4,2.92,former,780,1,0,24.79,0,139
75,male,3,3,0.53,current,0,0,1,39.41,0,146
47,female,3,5,5,never,0,0,0,37.2,0,133
48,female,1,4,5,former,450,1,0,28.74,0,145
59,female,4,5,5,never,210,1,1,31.71,0,134
59,female,3,3,5,former,0,0,0,41.43,0,134
40,female,3,5,5,never,135,0,0,26.9,0,135
57,male,3,3,2.14,former,0,0,0,27.38,0,148
59,male,3,3,0.67,former,0,0,0,38.39,1,71
48,female,1,4,4.62,former,0,0,0,38.93,0,135
80,male,3,3,4.02,never,0,0,0,28.7,1,149
64,female,3,3,1.02,never,0,0,0,22.7,0,151
55,male,3,2,1.18,never,45,0,1,26.52,1,146
54,male,3,2,1.44,current,0,0,0,24.74,0,153
52,male,3,4,4.04,current,60,0,1,28.29,0,151
54,female,4,5,1.99,never,120,0,0,27.28,1,59
63,male,1,1,1.26,former,0,0,0,22.38,0,142
49,male,1,1,0.4,former,0,0,0,26.32,0,142
75,male,3,3,1.79,former,0,0,1,31.23,1,131
56,male,3,1,1.18,never,0,0,1,21.63,0,147
59,male,3,4,5,current,0,0,0,24.96,0,148
44,male,1,1,NA,former,0,0,0,27.64,0,142
45,female,2,1,1.7,never,0,0,0,31.21,0,134
41,male,1,2,0.49,former,240,1,0,26.08,0,153
43,male,4,2,3.62,current,0,0,0,19.34,0,138
70,male,3,2,2.22,former,360,1,1,28.56,0,149
50,male,2,2,5,former,360,1,0,38.46,0,153
78,male,4,5,1.77,never,75,0,1,22.78,1,151
68,male,3,2,1.1,former,150,1,1,21.29,0,152
61,male,4,4,2.86,never,180,1,0,28.29,0,138
77,female,3,5,NA,never,0,0,0,32.09,1,118
51,female,3,3,1.82,never,0,0,0,47.34,0,148
68,female,4,5,3.07,never,0,0,0,33.93,0,138
44,female,2,5,3.13,never,40,0,0,39.85,0,134
61,female,3,3,2.19,current,20,0,0,28.82,0,141
47,male,4,4,NA,never,30,0,0,21.18,0,148
41,male,1,1,2.45,former,180,1,0,29.13,0,137
72,male,3,1,2.59,current,0,0,1,31.91,1,117
70,female,3,3,2.86,current,0,0,0,18.53,1,3
64,male,4,3,5,never,0,0,0,27.93,0,132
67,male,4,2,NA,former,0,0,0,34.74,0,155
74,male,4,4,2.36,never,120,0,1,28.34,1,116
55,female,2,3,NA,never,0,0,0,29.64,0,146
69,male,3,5,5,former,0,0,0,25.65,0,147
64,male,3,3,1.46,former,0,0,0,27.5,0,146
40,female,3,5,5,never,120,0,0,28.22,0,136
67,female,3,2,2,former,360,1,1,21.11,1,121
40,female,3,4,1.62,never,135,0,0,31.51,0,150
53,male,3,4,2.59,former,120,0,0,27.37,0,152
56,male,3,3,1.39,former,300,1,0,27.67,0,153
42,female,4,2,4.66,former,0,0,0,24.2,0,142
77,male,3,3,NA,never,0,0,1,28.29,0,137
40,male,3,4,5,former,80,0,0,30.49,0,145
49,female,4,5,2.5,former,1890,1,0,28.56,0,153
72,female,4,1,0.29,never,0,0,0,22.96,0,145
60,female,3,4,0.78,former,0,0,0,27.4,0,133
40,female,3,4,0.74,current,0,0,0,20.61,0,140
42,female,1,4,0.83,never,330,1,0,27.75,0,139
78,male,2,1,NA,former,0,0,0,24.81,0,154
60,female,4,2,3.21,never,0,0,0,22.95,0,138
78,male,2,5,NA,never,0,0,1,24.94,0,144
73,female,5,4,2.19,never,0,0,0,20.01,1,43
66,female,3,2,2.42,never,0,0,0,31.12,0,150
44,female,3,3,4.07,current,10,0,0,26.91,0,138
66,male,5,5,2.35,never,225,1,0,22.09,0,145
80,male,3,5,2.67,former,270,1,1,27.27,1,100
46,male,1,1,NA,current,0,0,0,24.71,0,145
68,female,3,2,2.02,never,80,0,0,28.44,0,148
55,male,4,5,0.18,never,150,1,0,27.87,1,82
54,female,4,4,1.92,never,330,1,0,35.08,0,148
74,female,4,1,0.67,never,0,0,0,24.71,0,131
41,male,3,5,5,never,480,1,0,24.35,0,140
41,female,3,4,NA,never,90,0,1,30.52,0,153
60,male,3,5,5,never,500,1,1,28.51,0,153
53,female,1,1,1.83,former,0,0,1,36.06,0,142
78,male,3,5,5,former,0,0,0,33.92,1,129
50,female,1,2,4.6,never,780,1,0,32.16,0,145
47,male,3,5,5,never,0,0,0,29.32,0,157
50,female,1,2,0.89,current,0,0,0,21.42,0,154
41,female,3,3,0.68,never,0,0,0,33.5,0,143
44,female,3,3,4.72,never,0,0,0,37.02,0,136
56,male,3,5,5,former,420,1,0,26.78,0,146
64,female,4,3,2.56,never,0,0,0,24.42,0,140
63,female,4,2,0.89,current,0,0,1,28.97,1,28
60,female,3,4,5,never,0,0,0,28.07,0,136
80,male,3,3,1.96,former,150,1,0,32.01,1,151
80,female,4,1,1.69,never,0,0,0,28.22,1,88
66,male,2,1,NA,former,720,1,0,26.6,0,142
63,male,3,3,1.15,never,60,0,0,29.26,0,140
58,female,3,4,0.87,current,0,0,1,33.95,1,83
49,female,4,3,2.36,never,480,1,0,27.71,0,134
63,female,1,3,5,former,0,0,0,46.27,0,148
80,female,3,4,3.61,former,20,0,0,26.29,0,137
63,male,3,4,1.24,current,0,0,1,28.6,1,105
73,female,4,2,NA,never,0,0,0,32.34,0,140
74,male,3,5,2.78,former,0,0,1,32.18,1,104
54,female,1,4,5,never,60,0,0,23.87,0,134
47,female,4,4,1.08,current,0,0,0,29.23,0,151
48,female,3,1,2.27,never,0,0,0,21.36,0,156
74,female,5,NA,0.78,NA,270,1,0,21.62,1,148
80,female,5,4,2.33,never,140,0,1,22.88,1,2
61,female,3,2,1.18,never,0,0,0,34.75,0,147
51,male,4,2,0.76,former,0,0,0,18.7,0,143
69,female,3,2,3.57,never,0,0,0,29.47,0,135
72,female,3,1,0.81,former,0,0,0,35.67,0,139
51,female,4,3,1.43,current,0,0,0,31.64,0,133
46,male,1,3,NA,current,0,0,0,25.8,0,139
79,male,3,1,1.43,never,150,1,1,26.23,0,133
67,female,3,2,1.71,former,0,0,0,28.27,1,130
53,female,1,1,NA,never,0,0,0,30.25,0,152
80,male,3,4,5,never,0,0,0,36.13,1,93
43,female,2,2,NA,never,0,0,0,30.07,0,135
69,male,4,4,5,former,300,1,0,36.6,0,145
80,male,3,1,1.75,former,0,0,0,33.87,1,136
57,female,3,5,5,former,180,1,0,32.94,0,133
58,male,4,4,5,former,1080,1,0,27.98,0,132
45,female,3,5,5,never,60,0,0,29.58,0,134
72,male,2,4,NA,never,105,0,0,28.29,0,137
76,female,3,2,1.83,never,0,0,0,28.95,0,152
57,male,3,5,5,former,240,1,0,26.91,0,155
58,male,3,3,1.35,former,180,1,1,29.59,1,99
70,female,3,2,1.01,current,0,0,0,20.78,1,78
46,female,2,4,0.63,former,0,0,0,29.13,0,136
61,female,4,5,5,never,90,0,0,27.88,0,147
42,female,3,5,5,never,40,0,0,29.65,0,152
80,female,3,3,1.08,never,0,0,0,29.41,0,139
54,male,3,5,5,former,360,1,0,25.54,0,152
80,female,3,1,0.69,former,0,0,0,22.45,1,24
64,female,3,4,5,never,0,0,0,19.86,0,150
46,male,1,4,0.94,never,60,0,0,36.86,0,137
44,male,1,1,0.62,current,0,0,0,24.2,0,138
69,female,4,5,5,former,0,0,0,24.54,0,139
69,male,4,2,1.28,former,130,0,0,22.62,1,114
47,male,1,4,5,never,90,0,1,35.54,0,152
80,female,3,5,4.81,never,0,0,0,20.11,1,67
42,male,4,4,0.97,current,0,0,0,18.72,0,135
52,female,3,5,5,never,1215,1,0,21.22,0,157
62,male,4,4,3.43,former,0,0,1,21.02,1,90
58,female,1,1,NA,never,720,1,0,26.62,0,134
70,male,2,1,2.88,never,60,0,0,23.99,0,152
51,male,1,4,0.92,current,0,0,0,28.97,0,134
43,female,4,4,4.96,never,0,0,0,36.29,0,149
78,female,3,2,0.41,former,0,0,1,40.24,0,139
76,male,3,5,3.65,former,135,0,1,27.47,1,8
53,male,3,2,2.5,never,0,0,0,28.76,0,132
60,male,4,1,3.54,current,0,0,0,20.6,0,146
46,female,3,5,5,never,150,1,0,25.59,0,134
50,male,2,1,1.44,current,0,0,0,28.47,0,135
67,female,3,3,0.86,current,0,0,1,32.27,1,77
44,female,3,4,1.99,former,0,0,1,26.28,1,119
66,female,1,1,0.3,never,0,0,0,23.46,0,155
55,female,4,4,1.69,never,0,0,0,47.71,0,145
51,male,3,4,NA,current,60,0,0,33.49,0,147
68,female,1,1,1.29,current,0,0,1,31.71,1,32
61,male,3,5,5,never,0,0,0,40.12,0,135
60,male,3,2,0.88,never,0,0,1,34.77,1,132
57,male,2,3,NA,never,3360,1,0,26.79,0,144
44,female,2,4,1.13,never,0,0,0,27.7,0,136
52,female,3,5,0.87,never,0,0,0,43.14,0,138
53,male,1,1,NA,never,120,0,0,27.18,0,145
77,male,3,3,1.79,never,105,0,0,28.19,0,153
43,female,4,2,4.12,current,0,0,0,33.94,0,138
44,male,5,5,5,never,780,1,0,29.94,0,134
62,female,3,4,5,never,0,0,1,26.37,0,151
76,female,3,5,5,never,0,0,1,20.93,1,153
66,female,4,4,3.79,never,540,1,0,26.45,0,149
40,female,1,1,0.46,current,0,0,0,23.99,0,148
80,female,4,3,NA,never,0,0,0,19.74,1,49
62,male,3,5,5,never,120,0,0,26.37,0,146
52,female,3,4,5,never,420,1,0,32.71,0,149
66,male,4,4,0.88,current,0,0,0,24.82,1,128
80,male,3,5,5,never,0,0,1,28.59,1,106
73,male,3,3,NA,never,0,0,1,32.77,0,144
79,female,1,1,0.75,current,0,0,1,27.15,1,75
51,male,4,2,2.91,current,0,0,0,25.29,1,107
51,male,2,1,1.42,never,0,0,0,22.93,0,156
80,male,3,1,NA,former,0,0,0,27.86,1,11
53,male,2,3,1.18,current,0,0,0,28.37,0,144
79,female,3,4,3.85,never,0,0,1,34.43,1,130
40,male,3,5,4.37,never,0,0,0,24.92,0,142
61,male,3,1,1.18,never,0,0,0,23.38,0,156
56,male,3,3,1.47,current,0,0,0,50.81,0,155
44,male,4,2,0.19,current,0,0,0,26.44,0,154
61,male,4,2,1.64,current,0,0,1,21.89,1,83
40,female,1,2,0.68,former,0,0,0,27.22,0,154
61,female,2,4,5,former,180,1,0,23.6,0,133
75,female,2,3,1.47,never,15,0,0,27.98,0,155
80,female,3,1,0.68,never,0,0,0,22.6,1,70
60,female,3,4,4.84,former,40,0,0,30.84,0,144
61,male,4,5,3.77,former,0,0,0,22.52,0,146
75,female,3,4,NA,former,540,1,1,24.58,0,136
80,female,3,3,1.28,never,0,0,0,27.31,0,151
72,female,3,3,2.19,never,0,0,0,28.65,0,149
74,male,3,3,NA,former,1920,1,0,29.54,0,137
80,female,3,3,4.9,former,315,1,0,27.4,0,146
41,female,4,4,1.39,never,960,1,0,32.33,0,137
48,female,1,4,1.81,never,0,0,0,38.03,0,153
56,male,4,5,4.11,former,180,1,0,22.96,0,132
72,male,4,5,5,never,0,0,0,39.14,0,138
80,male,3,4,3.39,never,0,0,0,24.7,0,141
49,male,3,4,5,never,600,1,0,26.79,0,147
71,female,1,4,3.52,never,0,0,0,27.67,0,148
60,male,4,2,5,never,900,1,0,24.66,0,132
40,female,1,5,3.63,current,360,1,0,29.71,0,140
68,male,3,4,5,former,0,0,1,29.43,0,135
73,female,1,1,1.73,former,240,1,0,27.65,0,138
53,male,5,3,5,former,420,1,NA,26.52,0,135
80,female,3,4,1.47,never,0,0,0,31.56,0,151
45,female,4,2,1.57,never,0,0,0,34.74,0,144
52,male,3,3,4.25,current,180,1,0,27.31,0,137
47,male,4,4,1.45,never,0,0,0,30.63,0,134
80,male,3,4,1.75,former,300,1,0,29.84,1,14
44,female,3,2,0,current,120,0,0,27.51,0,137
72,male,3,4,NA,former,0,0,1,27.68,0,138
78,male,3,4,3.57,former,140,0,1,28.22,1,117
64,female,4,2,0.73,never,0,0,0,26.66,1,42
60,male,3,1,0.82,former,0,0,0,21.94,0,139
52,female,1,3,5,former,0,0,0,38.4,0,139
52,female,5,5,0.88,never,0,0,0,19.99,0,135
67,male,2,4,3.29,current,0,0,0,22.51,1,78
77,female,2,3,1.02,never,0,0,0,NA,1,28
54,female,5,3,1.17,never,0,0,0,34.52,0,146
59,female,3,4,5,never,150,1,0,32.01,0,141
80,male,4,1,0.98,former,0,0,0,32.08,1,32
80,male,5,5,1.07,former,60,0,0,23.53,0,153
80,female,3,3,2.06,never,0,0,0,34.29,1,126
69,male,3,3,2.42,former,0,0,0,41.92,0,150
60,female,3,5,5,never,0,0,0,47.17,0,149
45,male,4,4,3.49,never,0,0,0,28.85,0,142
42,female,3,3,1.45,current,0,0,0,35.64,1,143
46,female,4,4,2.04,never,0,0,0,26.77,0,134
77,female,3,2,NA,never,0,0,1,31.9,0,139
80,male,2,4,1.06,former,0,0,0,24.97,1,131
42,female,3,3,4.08,current,90,0,0,25.04,0,147
47,male,3,4,3.39,never,0,0,0,29.2,0,144
57,male,3,5,5,never,350,1,0,25.5,0,135
80,male,1,4,1.73,never,480,1,1,22.82,0,135
66,female,3,3,1.75,never,0,0,0,33.68,0,147
56,male,3,2,0.28,current,0,0,1,31.86,1,1
80,male,3,3,2.6,never,0,0,0,31.47,1,46
80,female,4,2,3.27,never,0,0,0,31.32,1,66
42,female,3,5,5,never,495,1,0,31.38,0,133
80,female,3,4,NA,never,0,0,0,26.03,0,133
78,male,3,4,2.19,never,70,0,0,30.66,0,132
51,female,1,5,0.97,former,0,0,0,41.26,0,154
60,female,3,5,5,never,0,0,1,29.69,0,150
71,male,3,3,2.14,former,840,1,1,33.69,1,126
54,female,3,5,2.59,former,0,0,1,36,0,133
80,female,4,3,0.9,never,0,0,0,NA,1,74
45,male,3,4,1.06,current,0,0,1,39.07,0,148
71,female,3,2,3.08,former,0,0,1,32.09,0,137
62,male,3,4,NA,never,0,0,0,32.2,0,145
51,female,1,1,1.16,never,0,0,0,29.8,0,143
60,female,1,2,2.57,never,0,0,1,46.1,0,144
59,male,3,4,5,former,280,1,1,29.33,0,149
80,female,5,4,1.38,never,0,0,0,24.49,1,27
65,male,4,2,1.42,former,0,0,0,29.57,0,135
79,male,3,1,1.61,former,0,0,1,25.61,0,147
60,female,2,4,0.76,never,30,0,0,33.93,1,133
53,female,4,5,4.31,former,0,0,0,28.08,0,150
80,female,3,4,2.31,never,75,0,0,24.43,1,128
69,female,2,4,2.14,never,0,0,0,37.95,0,142
45,female,2,5,0.88,former,270,1,0,40.9,0,142
60,male,4,3,1.32,never,135,0,0,29.81,0,136
66,male,3,5,5,former,600,1,0,26.75,0,154
72,male,4,2,3.07,never,0,0,0,25.81,1,79
59,male,2,5,NA,former,180,1,1,26.89,0,138
42,female,3,3,NA,never,0,0,0,22.48,0,133
40,female,1,3,3.2,former,0,0,0,45.78,0,139
73,female,3,5,3.22,never,0,0,0,33.52,0,133
72,male,4,4,1.76,former,120,0,0,31.54,1,86
80,male,3,2,0.95,current,0,0,0,31.67,1,46
40,male,3,3,2.42,never,30,0,0,31.55,0,147
62,female,3,5,5,former,0,0,0,34.11,0,154
67,male,1,1,1.84,current,60,0,1,23.33,0,135
58,male,2,1,2.64,former,0,0,0,27.7,0,137
57,male,1,1,0.73,former,0,0,0,25.14,0,142
80,female,2,5,2.25,never,0,0,0,25.02,0,150
79,female,4,4,1.75,former,0,0,1,NA,1,31
47,female,3,4,3.43,never,0,0,0,18.3,0,145
47,male,4,2,NA,never,720,1,0,40.42,0,144
64,female,3,4,5,former,0,0,0,20.57,0,142
51,male,3,4,1.42,current,0,0,0,30.7,1,114
64,female,1,4,1.57,never,0,0,0,30.39,0,133
56,female,3,3,1.98,current,0,0,0,42.71,1,124
80,male,3,2,1.23,former,0,0,1,27.75,1,76
66,male,3,5,NA,never,480,1,1,25.48,0,156
49,male,1,3,3.08,never,1800,1,0,26.35,0,133
64,male,5,2,2.05,never,0,0,1,34.61,0,138
68,female,3,3,0.7,current,0,0,1,27.23,0,135
42,male,2,1,NA,never,0,0,0,29.37,1,112
51,female,1,2,NA,current,0,0,0,52.74,0,139
44,female,1,3,1.79,never,240,1,0,26.22,0,134
57,female,4,3,NA,never,180,1,0,34.23,0,134
67,female,2,4,0.44,never,0,0,1,29.69,0,151
80,male,3,1,2.14,former,0,0,1,38.06,1,114
80,male,1,1,1.14,former,0,0,0,24.38,1,26
49,female,1,2,0.7,current,0,0,0,19.21,0,154
66,male,4,4,3.21,current,30,0,1,26.16,0,133
47,female,4,5,3.32,never,360,1,0,20.58,0,137
63,female,3,5,5,never,0,0,0,29.2,0,139
76,male,1,1,1.02,former,0,0,0,30.75,0,143
71,male,3,5,4.29,never,120,0,1,32.74,0,134
72,female,5,5,5,never,0,0,0,21.97,1,121
61,female,4,3,3,current,0,0,1,31.45,1,8
52,male,1,1,NA,never,10,0,0,28.6,0,135
44,female,4,2,0.87,current,0,0,0,40.96,1,59
62,male,4,4,2.12,current,0,0,0,26.17,1,113
80,male,3,2,3.13,never,0,0,1,28.67,1,70
52,male,2,1,NA,never,15,0,0,27.71,0,140
75,female,3,4,2.86,never,0,0,0,42.97,1,92
60,male,4,5,5,never,0,0,0,21.54,0,134
47,male,3,4,5,never,0,0,0,27.17,0,149
52,female,5,3,4.84,never,0,0,0,22.21,0,154
60,female,3,5,5,never,60,0,0,36.67,0,136
80,male,1,1,1.33,never,0,0,0,21.57,0,139
62,male,3,5,NA,former,480,1,0,32.83,0,154
60,female,3,4,5,never,120,0,1,36.76,0,147
40,male,1,2,0.58,former,0,0,0,32.8,0,142
61,male,3,5,5,former,120,0,0,30.31,0,133
53,male,3,4,5,former,480,1,0,23.64,1,126
63,male,2,2,NA,former,0,0,0,26.97,0,153
62,female,1,5,NA,former,1140,1,0,29.39,0,151
51,male,2,2,NA,current,0,0,0,24.79,0,136
76,female,3,4,5,never,345,1,0,24.17,0,136
47,male,3,4,4.84,never,1080,1,0,23.5,0,146
60,male,3,5,5,never,240,1,1,21.89,0,137
60,female,4,2,NA,never,0,0,1,33.81,0,149
58,male,2,2,2.99,never,60,0,0,27.8,0,134
76,male,3,3,NA,former,315,1,0,27.82,0,137
80,male,3,2,2.12,never,120,0,1,25.72,1,60
63,female,4,4,1.32,current,0,0,0,35.49,1,69
54,male,1,1,1.42,former,0,0,0,24.26,0,135
79,male,4,1,1.1,never,0,0,0,27.07,0,132
45,female,3,4,5,never,120,0,0,24.36,0,153
66,male,1,1,NA,former,0,0,0,NA,0,145
47,male,5,5,0.48,never,140,0,0,28.91,0,138
47,male,3,4,2.18,never,30,0,0,27.43,0,146
80,male,3,3,5,never,120,0,1,27.21,1,29
79,male,1,1,NA,never,0,0,0,23.33,1,121
63,male,3,5,NA,former,90,0,0,38.95,0,139
44,female,4,2,1.71,former,60,0,0,NA,0,153
80,male,3,5,5,current,0,0,1,24.42,1,36
45,female,3,3,2.56,current,0,0,0,49.84,0,154
66,female,3,4,2.86,never,0,0,1,36.28,0,138
56,male,3,2,NA,former,420,1,0,26.39,0,147
80,male,3,3,3.37,never,0,0,1,27.02,0,135
51,female,1,4,3.92,never,190,1,0,19.76,0,147
69,male,4,4,NA,never,30,0,0,24.38,1,88
65,female,3,4,1.25,former,0,0,0,36.65,1,108
45,female,4,4,NA,never,0,0,0,44.15,0,151
71,female,4,2,0.77,never,0,0,1,30.28,1,135
41,male,4,3,2.88,never,810,1,0,27.84,0,141
74,male,3,5,5,former,1560,1,0,21.92,0,134
45,female,3,4,4.46,current,0,0,0,27.97,0,135
60,female,3,3,3.13,current,0,0,0,21.47,0,147
71,male,2,1,0.4,never,720,1,0,30.9,1,34
80,female,4,2,0.97,former,0,0,0,14.86,0,153
45,male,3,5,NA,never,320,1,0,33.26,0,147
42,female,3,5,5,former,20,0,0,40.76,0,138
68,male,3,5,4.38,former,0,0,0,27.35,0,146
40,male,4,4,1.07,former,240,1,0,41.91,0,135
52,male,4,3,1.79,current,0,0,1,24.08,0,153
68,female,3,5,NA,never,270,1,0,41.12,0,147
67,female,3,5,NA,never,110,0,0,23.81,0,146
64,female,1,1,2.5,never,0,0,NA,NA,0,137
69,male,3,3,2.86,never,45,0,1,26.16,1,129
61,female,3,3,NA,former,0,0,1,25.94,0,147
80,male,3,3,2.55,former,0,0,1,24.51,1,46
49,female,3,5,4.84,never,480,1,0,25.44,0,147
75,female,4,2,0.7,current,0,0,1,32.66,1,83
65,female,3,5,5,former,180,1,0,25.61,0,141
55,male,4,1,NA,former,220,1,1,26.29,0,137
61,female,4,5,5,former,240,1,0,30.97,0,145
50,female,2,5,2.05,current,1890,1,0,20.84,0,151
73,female,3,2,2.56,never,0,0,0,31.2,1,82
48,male,3,3,4.72,former,0,0,0,22.58,0,135
62,female,3,4,2.19,never,600,1,1,37.17,0,133
65,female,3,4,3.63,current,0,0,0,26.33,1,121
63,female,1,2,2.39,never,280,1,0,43.14,0,149
52,male,3,3,1.14,current,240,1,1,28.41,0,143
80,male,3,1,1,current,0,0,0,21.71,1,43
44,male,2,1,3.33,never,840,1,0,22.61,0,148
76,male,3,2,1.2,former,0,0,1,27.88,1,37
41,male,3,3,5,former,0,0,0,30.73,0,136
64,male,1,4,5,former,0,0,0,32.63,0,135
41,male,4,5,5,never,0,0,0,33.47,0,136
71,female,2,1,0.7,former,0,0,0,34.94,0,146
79,male,3,1,1.18,former,0,0,0,20.23,0,147
62,male,3,3,2.92,never,90,0,0,28.15,0,132
80,male,3,3,NA,former,0,0,0,NA,1,0
41,female,4,4,1.61,current,0,0,1,32.76,0,152
77,male,3,5,1.96,never,0,0,1,25.66,0,143
80,female,4,4,5,former,900,1,0,19.82,0,145
72,female,3,2,3.33,former,0,0,1,37.75,1,147
52,female,5,1,0.97,never,30,0,0,20.11,0,137
45,female,5,2,0.78,current,200,1,NA,26.06,0,154
48,female,2,5,5,former,0,0,0,25.78,0,135
52,male,2,4,2.35,former,495,1,0,28.32,0,145
49,female,2,1,0.4,never,0,0,0,29.58,0,142
40,male,2,1,1.24,never,0,0,0,31.12,0,150
47,male,3,1,0.77,current,0,0,1,19.58,1,4
62,male,3,3,1.29,current,0,0,0,26.42,1,132
62,female,3,1,NA,current,0,0,1,22.88,1,122
74,female,3,5,5,former,0,0,0,32.25,0,148
65,female,4,3,0.73,never,0,0,0,20.96,1,21
40,male,1,4,1.36,never,0,0,0,41.11,0,142
49,female,4,1,0.34,current,0,0,1,40.54,0,152
65,female,4,3,5,former,0,0,0,28.84,0,134
58,male,3,3,2.14,former,0,0,0,27.42,0,140
80,male,3,5,1.61,never,0,0,0,27.2,0,151
45,female,3,1,5,current,20,0,0,24.16,0,134
44,male,3,4,5,current,0,0,0,27.16,0,149
46,female,1,1,0.7,current,0,0,1,22.46,0,136
70,female,2,1,0.18,never,0,0,1,33.82,0,144
42,male,3,3,1.99,former,600,1,0,36.08,0,136
55,male,5,3,3.08,never,0,0,0,23.48,0,133
60,female,3,5,2.56,never,60,0,0,23.31,0,136
52,female,4,5,2.48,never,120,0,0,40.65,0,144
68,male,3,5,5,former,1800,1,1,22.52,0,141
64,female,3,2,4.64,former,30,0,0,27.96,0,141
43,female,3,5,5,former,330,1,0,19.49,0,145
60,female,1,5,0.83,never,0,0,0,25.39,0,142
59,female,3,5,1.39,current,120,0,0,20.05,1,46
79,female,4,1,1.24,never,0,0,0,31.26,0,139
40,male,4,3,NA,current,0,0,0,31.53,0,144
50,female,1,3,3.26,former,0,0,0,41.03,0,149
51,male,4,4,1.98,current,0,0,0,29.18,0,137
53,male,4,2,2.73,never,0,0,0,21.54,0,154
47,female,4,5,5,never,0,0,0,22.64,1,135
40,female,3,2,0.97,former,0,0,0,38.51,0,147
64,female,3,5,NA,never,180,1,0,32,0,138
54,male,2,3,5,former,840,1,0,27.84,0,134
51,female,4,3,0.41,current,0,0,1,31.71,0,150
46,female,3,3,5,never,330,1,0,24.08,0,136
58,male,5,5,0.24,current,0,0,0,20.25,0,138
73,female,4,2,0.75,never,0,0,0,38.85,0,153
58,male,1,1,0.97,former,450,1,0,27.2,0,142
44,female,4,4,NA,never,0,0,0,46.66,0,153
65,female,4,2,0.94,never,0,0,1,27.77,1,73
80,male,3,1,1.31,former,630,1,1,27.08,0,148
51,female,2,1,0.72,never,140,0,0,43.88,0,143
51,female,1,4,NA,never,480,1,0,30.26,0,142
53,female,1,1,0,current,0,0,0,26.02,0,140
61,female,2,5,5,current,0,0,0,22.76,1,79
47,male,3,2,3.69,former,120,0,0,34.94,0,155
74,male,3,1,1.21,former,0,0,1,25.53,0,148
41,female,4,5,4.36,never,2580,1,0,23.52,1,131
46,female,3,4,3.92,never,0,0,0,35.77,0,143
42,female,4,5,3.77,never,540,1,0,30.05,0,153
62,male,3,5,5,never,180,1,0,23.3,0,147
74,female,2,1,1.66,never,0,0,0,24.67,1,99
58,male,4,2,NA,current,0,0,0,22.55,1,58
54,female,3,2,4.75,never,0,0,0,31.31,0,145
71,male,1,1,NA,former,0,0,0,30.74,1,33
47,female,3,5,5,never,0,0,1,22.56,0,150
44,male,3,5,NA,former,60,0,0,27.65,0,133
66,female,3,2,0.7,current,0,0,0,27.1,0,135
59,male,4,4,5,never,1080,1,1,33.38,0,133
62,male,4,5,5,former,0,0,1,27.17,0,141
49,male,4,4,1.42,current,0,0,0,23.5,0,134
48,female,3,4,5,never,315,1,0,30.12,0,137
79,male,3,4,5,never,174,1,1,31.38,0,136
57,female,3,4,3.85,never,0,0,0,36.07,0,149
44,female,3,4,0.58,current,60,0,0,38.48,1,17
61,male,3,3,4.36,former,0,0,0,41.69,0,156
53,male,3,4,4.62,never,180,1,0,27.64,0,137
80,male,3,4,2.14,former,120,0,0,24,0,148
69,female,1,1,1.06,never,0,0,0,27.68,0,152
61,male,3,5,4.75,never,125,0,1,36.37,0,136
70,female,1,1,2.04,former,75,0,1,37.35,0,142
80,female,4,2,3.23,former,0,0,0,36.92,1,127
54,male,3,4,2.02,former,90,0,0,27.29,0,139
60,male,3,3,NA,former,480,1,0,32.1,0,146
53,female,4,4,4.37,never,0,0,0,NA,0,138
51,male,3,3,2.15,never,0,0,0,44.67,0,143
64,male,4,2,1.73,current,0,0,0,41.03,0,149
48,female,5,5,4.35,never,0,0,0,24.65,0,139
45,female,1,2,1.65,never,0,0,0,23.05,0,136
44,female,1,1,2.52,never,280,1,0,32.71,0,144
41,male,1,3,0.44,never,2520,1,0,20.33,0,132
42,male,3,2,1.47,never,2160,1,0,20.53,0,150
43,male,3,4,NA,former,240,1,0,24.94,0,140
43,female,1,2,5,never,750,1,0,28.67,0,143
41,female,3,5,5,never,780,1,0,19.26,0,135
43,female,3,4,3.07,former,0,0,0,29.9,0,140
52,female,3,1,NA,current,0,0,0,23.07,1,91
73,female,2,4,2.94,never,0,0,0,30.03,0,150
47,female,4,2,0.48,current,30,0,1,32.23,0,153
55,female,3,3,5,never,0,0,0,29.28,0,148
64,male,1,4,NA,never,0,0,0,29.12,0,147
80,male,4,1,0.08,never,0,0,0,25.97,1,61
51,male,4,4,5,never,0,0,0,22.95,0,134
78,female,2,1,0.73,never,0,0,1,29.49,1,85
80,male,2,5,4.9,former,150,1,0,26.55,1,2
60,female,2,2,1.75,never,0,0,0,34.39,0,152
40,male,1,3,2.86,never,0,0,0,29.26,0,134
48,female,3,5,5,never,0,0,1,28.43,0,154
44,male,4,5,5,never,0,0,0,29.86,0,140
43,male,3,3,0.77,never,0,0,0,26.47,0,141
66,female,4,3,1.57,current,0,0,0,44.41,0,144
54,female,1,4,2.35,never,0,0,1,31.8,0,142
55,female,3,4,2.5,former,0,0,0,46.41,0,148
44,female,2,3,2.18,never,0,0,0,24.74,0,136
50,female,5,5,5,former,0,0,0,24.85,0,143
42,female,4,5,1.69,never,45,0,0,24.76,0,138
40,male,1,1,0.39,current,60,0,0,24.78,0,132
63,female,4,4,0.33,former,0,0,1,25.24,1,61
49,male,2,4,5,former,135,0,0,27.14,0,139
58,female,3,4,4.31,never,0,0,0,42.56,0,147
60,male,3,5,5,former,660,1,0,NA,0,154
71,female,3,4,1.83,current,0,0,0,28.6,0,141
69,female,1,1,0.73,never,0,0,0,31.74,0,143
72,female,3,3,5,former,0,0,0,28.99,0,148
80,male,3,3,1.16,never,0,0,1,20.62,1,114
49,female,3,5,1.76,never,0,0,0,NA,0,146
62,male,3,4,1.24,current,0,0,0,42.62,0,147
60,male,3,5,5,former,0,0,0,32.24,0,150
61,female,1,4,3.43,never,840,1,0,30.42,0,134
68,male,3,4,2.86,former,0,0,0,26.38,0,148
52,male,3,4,5,former,150,1,0,28.4,0,133
65,male,2,5,1.23,former,0,0,0,28,0,153
80,female,3,4,1.27,never,0,0,0,23.72,0,148
51,male,2,4,2.66,never,0,0,0,30.09,0,151
74,female,3,4,5,never,225,1,0,24.64,0,144
78,male,5,1,3.39,former,105,0,0,26.14,1,83
45,female,2,4,4.97,never,0,0,1,27.83,0,143
50,female,3,2,3.92,never,0,0,0,38.45,0,150
50,male,2,2,3.98,former,0,0,0,29.1,0,135
74,female,3,4,2.68,never,0,0,0,23.3,0,142
57,male,3,5,5,former,0,0,0,33.14,0,137
46,male,3,3,1.99,current,0,0,1,30.64,0,154
73,female,4,1,0.44,never,0,0,0,34.52,1,41
41,male,3,5,5,never,0,0,0,30.73,0,154
51,male,3,5,5,never,0,0,0,32.07,0,132
54,female,3,5,1.67,never,45,0,0,28.71,0,136
80,female,3,3,5,never,120,0,1,28.12,0,153
78,male,3,1,0.98,former,0,0,0,29.56,1,43
46,male,3,5,4.81,never,0,0,0,25.14,0,154
66,male,4,2,1.25,former,0,0,0,27.37,0,141
73,female,3,4,0.97,former,0,0,1,33.24,0,137
61,female,3,1,0.62,former,60,0,0,21.37,1,40
71,female,3,3,1.46,never,30,0,0,42.8,0,151
50,female,3,3,1,former,240,1,0,38.01,0,156
40,female,3,4,0.35,current,0,0,0,25.09,0,154
62,male,3,5,5,current,30,0,0,27.36,0,139
58,female,2,5,NA,former,150,1,0,23.23,0,152
44,male,3,1,1.39,current,0,0,0,22.16,1,76
65,female,3,3,3.15,former,90,0,0,24.61,1,126
45,male,3,3,1.04,former,0,0,0,35.3,0,151
51,female,2,5,1.34,never,1080,1,0,45.87,0,148
73,female,2,3,5,never,0,0,0,26.36,1,59
80,female,1,1,NA,never,0,0,0,42.5,1,36
68,male,3,5,5,never,720,1,1,29.22,0,141
46,female,3,2,0.71,current,30,0,0,51.11,0,148
60,male,3,5,5,former,4680,1,0,26.9,0,146
41,female,2,2,1.36,never,0,0,0,29.63,0,155
65,female,3,5,4.38,former,60,0,0,27.25,0,135
45,female,1,2,2.18,never,0,0,0,27.22,0,139
74,female,3,1,4.52,current,0,0,0,27.22,0,138
74,female,3,3,2.19,never,0,0,0,20.54,0,145
57,female,4,2,1.26,never,0,0,0,30.62,0,133
65,male,1,4,5,former,0,0,1,28.74,0,142
72,male,3,3,3.08,never,0,0,1,49.11,1,99
53,male,4,4,5,never,0,0,0,42.16,0,135
59,male,3,4,1.6,former,120,0,0,31.6,1,60
48,male,3,5,3.87,never,0,0,0,22.26,0,136
73,female,1,1,1.04,never,0,0,1,29.71,0,146
42,female,3,2,1.42,current,120,0,0,38.22,0,133
55,male,3,4,5,never,180,1,1,28.51,0,157
61,male,2,5,0,current,0,0,0,18.36,0,148
48,male,3,3,3.63,current,360,1,0,24.92,0,141
45,female,3,2,0.88,current,0,0,0,17.82,0,148
69,male,3,1,0.88,former,0,0,0,31.41,0,153
78,male,3,4,1.17,never,0,0,1,29.91,1,86
53,male,4,3,NA,never,160,1,0,27.44,0,148
55,male,3,2,5,former,60,0,1,27.06,0,141
69,male,4,1,0.76,former,0,0,0,21.9,1,137
65,female,4,2,0.57,former,0,0,0,34.28,1,26
64,male,4,3,4.41,current,0,0,0,23.19,1,146
70,male,3,5,2.48,former,0,0,0,NA,1,98
56,female,5,3,4.38,current,0,0,0,32.65,0,146
73,male,3,3,3,former,360,1,1,22.59,0,134
43,male,2,3,1.92,never,360,1,0,29.51,0,141
57,male,5,2,0.97,current,0,0,0,26.41,0,149
54,male,3,3,1.03,current,0,0,0,42.58,0,151
72,female,2,3,4.75,never,360,1,0,27.58,0,146
62,female,1,2,2.1,never,540,1,1,41.82,0,152
70,female,2,2,2.18,never,0,0,1,22.72,0,135
51,female,1,2,1.29,never,180,1,0,29.28,0,155
58,female,2,5,5,never,0,0,0,45.31,0,142
79,male,3,4,0.96,former,90,0,1,31.91,1,81
76,female,3,3,1.41,current,0,0,0,30.55,1,58
60,female,5,5,NA,never,0,0,0,21.66,0,134
49,female,2,5,1.14,never,0,0,0,30.7,0,141
72,female,3,3,2.27,current,0,0,0,27.52,0,136
70,female,4,1,0.59,never,0,0,0,25.61,0,152
69,female,3,3,1.31,never,0,0,1,29.68,0,139
45,male,1,5,2.82,never,240,1,0,29.48,1,27
44,male,3,4,0.83,never,0,0,0,27.01,0,138
77,male,3,3,NA,former,0,0,NA,30.13,1,51
54,male,2,1,1.87,current,840,1,0,28.28,0,135
76,female,1,1,0.7,never,0,0,0,19.59,0,154
80,male,3,3,1.72,former,0,0,0,31.85,1,21
57,male,3,5,3.28,never,60,0,0,24.6,0,134
46,male,4,4,0.67,current,0,0,0,27.7,0,146
47,female,3,3,3.87,never,240,1,0,21.93,0,136
80,female,3,4,2.36,former,630,1,0,23.66,1,59
54,female,3,4,2.14,former,0,0,0,29.73,0,147
64,female,4,3,5,never,0,0,0,43.34,1,54
46,male,2,4,4.97,former,0,0,0,29.62,0,142
69,female,3,1,1.07,former,0,0,1,27.19,1,105
80,male,3,5,NA,never,0,0,0,24.29,1,42
80,male,3,3,2.56,never,330,1,0,21.59,1,83
80,male,3,1,1.31,never,180,1,1,27.25,1,115
44,female,4,2,NA,never,0,0,0,22.65,0,148
73,male,3,5,5,former,0,0,1,30.27,0,148
46,female,5,3,5,never,80,0,0,35.79,0,154
47,male,3,3,5,current,0,0,1,28.35,0,148
78,female,3,1,1.7,never,40,0,0,31.6,0,155
80,male,3,2,2.14,never,60,0,1,27.23,1,72
58,female,1,4,5,never,450,1,0,24.69,0,142
72,male,4,1,0.94,current,0,0,0,25.54,0,149
68,male,3,3,1.71,former,0,0,1,65.37,1,32
76,female,3,1,NA,former,0,0,0,25.35,0,138
43,male,4,2,4.84,former,690,1,0,37.29,0,141
48,female,3,5,3.83,never,105,0,0,23.3,1,87
46,female,2,2,0.28,current,0,0,0,41.81,0,137
54,female,1,3,1.84,former,40,0,1,29.82,0,134
40,male,4,5,3.77,never,290,1,0,34.88,0,153
80,male,3,5,2.86,former,0,0,0,25.63,1,78
73,male,1,1,1.42,current,0,0,0,23.43,1,56
61,female,1,1,2.75,former,0,0,1,28.71,1,65
72,male,3,1,0.82,current,0,0,1,27.96,1,40
61,female,1,3,3.29,never,0,0,0,31.62,0,146
67,male,4,3,4.09,former,0,0,1,29.81,1,66
68,male,4,2,1.59,current,0,0,0,23.33,1,121
59,female,2,1,NA,never,0,0,0,39.43,0,138
41,male,1,1,1.74,former,0,0,0,34.45,0,144
80,male,2,1,3.98,never,0,0,1,NA,1,72
40,male,5,5,5,never,30,0,0,24.22,0,152
49,female,3,5,5,never,360,1,0,28.82,0,156
63,female,3,2,1.45,former,0,0,1,32.25,1,109
58,female,3,4,4.57,current,0,0,0,19.02,0,146
57,female,4,2,1.35,current,0,0,0,32.27,0,144
80,female,3,4,3.92,never,0,0,0,27.62,1,60
45,female,3,4,1.18,current,270,1,0,24.74,0,136
58,male,3,4,1.29,former,0,0,0,32.82,0,148
78,male,3,3,1.79,former,240,1,1,27.33,0,156
80,female,3,3,0.87,never,0,0,1,30.97,1,113
61,male,1,4,2.01,never,0,0,0,33,0,134
52,male,2,3,5,never,180,1,1,40.05,0,140
49,male,2,2,0.67,never,0,0,0,26.75,1,48
54,female,4,2,0,never,0,0,0,37.66,0,151
45,female,3,2,1.28,current,0,0,0,27.26,0,145
74,male,3,5,3.65,never,300,1,1,24.54,1,136
80,female,3,5,NA,never,0,0,0,26.93,1,132
80,male,3,5,0.17,former,0,0,0,24.43,1,45
64,male,3,3,2.1,never,150,1,1,26,1,81
49,female,3,3,1.73,current,480,1,1,24.3,0,137
73,male,3,1,1.57,former,0,0,1,30.16,1,91
51,female,3,2,1.57,current,0,0,0,22.85,0,134
75,male,3,3,2.14,former,215,1,1,33.47,1,110
42,female,4,4,3.18,never,60,0,0,46.05,0,148
49,male,1,3,NA,never,0,0,0,25.1,0,145
60,male,1,5,5,former,345,1,0,30.49,0,141
46,female,1,2,3.29,never,300,1,0,21.87,0,147
77,female,1,1,0.82,never,0,0,0,30.94,1,50
47,female,3,2,2.4,current,45,0,0,32.9,0,150
71,male,2,5,0.63,former,0,0,0,27.87,0,136
80,male,4,1,0.34,former,0,0,0,NA,1,68
80,female,4,3,2.56,never,150,1,0,27.27,1,10
49,male,3,2,5,current,0,0,0,29.65,0,134
63,female,1,3,1.18,never,0,0,0,26.1,0,142
58,male,3,4,5,never,0,0,0,47.44,0,149
70,female,4,2,0.93,never,0,0,0,36.31,0,133
80,female,3,2,1.35,former,0,0,0,23.9,0,156
43,male,3,3,2.49,former,0,0,0,26.12,0,148
44,female,3,3,0.58,current,0,0,0,22.82,0,134
61,male,3,4,3.65,former,0,0,0,24.8,0,140
50,female,4,3,NA,current,0,0,0,24.74,0,148
49,male,3,3,5,never,0,0,0,24.82,0,149
59,male,3,3,4.31,current,0,0,0,43.05,0,142
64,female,3,4,3.29,never,240,1,1,23.07,0,148
55,male,2,3,2.14,current,0,0,0,26.78,0,148
70,female,4,3,2.12,former,150,1,0,26.16,0,147
76,female,3,3,0.93,never,0,0,0,35.69,0,138
63,female,2,5,2.74,never,0,0,0,33,0,142
71,male,5,5,5,never,840,1,1,24.25,0,144
61,female,1,1,0.29,never,480,1,0,35.22,0,143
46,male,3,5,2.35,current,0,0,0,28.05,0,147
55,female,3,3,5,never,180,1,0,27.54,0,137
46,male,4,4,4.62,never,300,1,0,26.72,0,149
80,male,4,3,1.83,former,0,0,1,23.47,1,17
45,male,2,2,0.41,NA,0,0,0,32.91,0,134
60,male,5,5,NA,never,0,0,0,28.74,0,133
62,male,3,1,5,never,0,0,1,33.01,0,147
80,male,3,3,5,never,0,0,1,25.96,1,70
62,female,3,5,5,former,225,1,0,26.92,0,133
42,male,3,5,5,former,0,0,0,30.33,0,148
61,male,4,4,4.25,never,0,0,0,18,0,153
65,female,1,1,2.5,never,0,0,0,31.47,0,148
78,female,2,1,0.94,never,0,0,0,33.08,0,152
74,female,3,3,3.08,never,0,0,1,33.66,0,154
51,female,3,4,1.98,never,90,0,0,27.65,0,151
54,female,1,3,5,current,60,0,0,24.51,0,145
56,female,3,5,4.38,never,180,1,0,25.61,0,146
68,male,3,5,3.29,former,100,0,0,29.45,0,139
76,male,3,1,1.63,former,0,0,0,27.15,1,29
74,female,3,2,NA,never,0,0,1,30.03,0,149
43,female,4,2,1.1,current,0,0,0,27.63,0,133
52,female,4,2,1.7,former,0,0,0,37.68,0,148
63,male,3,3,4.66,former,150,1,1,24.86,0,132
70,female,3,3,5,never,0,0,1,47.47,1,95
64,female,3,4,NA,never,180,1,0,32.02,0,147
43,female,3,4,2.19,never,0,0,0,32.92,0,146
79,female,4,2,0.52,never,0,0,1,27.38,1,35
51,male,3,5,3.71,never,840,1,0,35.81,0,138
60,male,3,5,5,never,420,1,0,26.14,0,149
80,male,3,5,2.56,never,0,0,0,21.91,1,36
74,male,3,5,4.75,never,80,0,0,24.76,1,118
51,male,3,2,2.35,current,270,1,0,25.95,0,151
64,male,5,5,1.83,never,1020,1,0,25.12,0,143
66,female,1,3,2.4,never,120,0,0,28.86,0,136
51,female,3,2,0.03,current,0,0,0,30.38,0,145
80,female,3,3,1.57,never,0,0,1,31.68,0,149
46,male,3,5,4.01,never,540,1,0,23.86,0,147
78,male,3,2,1.64,former,0,0,1,34.44,1,71
41,female,3,2,0.51,never,180,1,0,45.93,0,138
50,male,4,2,0.34,current,0,0,0,27.42,0,153
41,female,3,4,1.08,never,120,0,0,NA,0,146
80,female,3,3,5,never,0,0,1,20.58,1,79
72,male,3,3,1.47,former,0,0,1,36.87,1,28
72,male,4,2,0.76,former,30,0,1,29.92,0,135
51,male,3,4,5,former,960,1,0,32.88,0,144
75,male,3,1,0.95,former,0,0,0,27.27,1,76
48,male,1,1,1.65,former,0,0,0,31.16,0,136
57,male,1,3,3.98,current,1080,1,0,34.53,0,148
80,male,4,1,0.9,former,0,0,1,30.07,1,64
80,male,3,3,1.28,former,0,0,0,21.48,1,85
47,female,3,5,5,former,0,0,0,30.11,0,133
46,male,3,4,3.49,never,300,1,0,29.82,0,133
67,male,4,2,1.57,former,0,0,0,40.86,0,146
61,male,3,4,5,former,420,1,0,42.5,0,152
48,female,3,1,0.55,never,0,0,0,25.01,0,144
50,male,4,4,1.15,never,0,0,0,26.25,0,153
76,female,3,2,0.95,never,0,0,0,27.26,1,115
52,female,1,5,2.36,former,0,0,0,25.86,0,149
44,female,3,4,5,never,0,0,0,27.02,0,136
56,female,4,3,3.57,never,75,0,0,24.27,0,149
75,female,1,2,2.27,former,0,0,1,39.97,0,143
55,male,2,5,5,never,0,0,0,29.89,0,144
73,male,3,4,2.64,never,120,0,0,26.88,0,154
52,male,1,1,NA,current,105,0,0,23.72,0,154
68,female,4,4,2.6,former,0,0,1,20.31,1,10
44,female,2,4,1.16,never,0,0,0,29.22,0,151
55,male,4,3,4.14,former,0,0,0,31.01,0,139
42,male,1,1,NA,current,0,0,0,32.26,0,140
67,female,4,4,5,former,0,0,0,30.18,0,134
63,female,2,1,NA,never,0,0,0,23.3,0,136
57,female,3,3,4.42,former,0,0,0,24.04,0,137
58,female,2,4,NA,never,120,0,0,28.58,0,136
70,female,4,5,2.88,never,0,0,0,31.31,0,149
60,female,2,1,3.98,former,0,0,0,31.53,0,136
51,female,3,4,5,former,690,1,0,32.29,0,136
61,female,1,1,1.02,never,240,1,0,26.16,0,141
54,male,3,5,5,never,0,0,0,24.87,0,137
66,male,5,3,2.19,former,0,0,0,21.27,0,146
40,female,3,2,0.29,current,0,0,0,20.29,0,133
54,female,1,4,1.14,former,150,1,0,32.04,0,145
47,male,3,4,4.81,never,0,0,0,29.44,0,157
58,female,3,1,2.27,never,0,0,0,25.27,0,156
46,female,1,4,1.78,never,0,0,0,23.17,0,141
53,female,3,3,5,current,0,0,0,33.38,0,139
56,male,3,4,NA,current,0,0,0,18.43,1,89
45,male,3,4,1.45,never,270,1,0,30.03,0,154
53,female,2,1,1.87,former,0,0,NA,39.13,0,136
48,female,3,4,2.14,never,0,0,1,41.37,0,152
72,female,2,1,NA,never,0,0,0,35.26,0,149
52,male,4,5,0.98,never,120,0,0,29.04,0,137
80,male,3,5,5,never,0,0,0,21.47,1,23
44,male,3,3,2.42,never,90,0,0,26.12,0,150
51,male,3,4,1.92,former,0,0,0,20.76,0,151
59,male,4,4,1.96,current,0,0,0,NA,0,132
43,female,3,4,0.7,never,0,0,0,43.46,0,138
48,male,2,3,0.41,former,0,0,0,24.52,0,145
78,female,3,4,2.08,current,0,0,0,23.41,1,94
73,male,3,4,0.85,former,0,0,0,20.49,1,126
41,male,3,4,NA,current,960,1,0,34.13,0,138
52,male,3,3,1.46,current,0,0,0,22.64,1,52
71,female,5,2,0.05,never,0,0,0,30.32,0,152
76,female,3,2,1.79,former,60,0,0,29.08,0,156
66,female,2,4,1.53,never,720,1,0,34.96,0,140
62,female,5,2,1.49,never,0,0,0,27.5,0,142
61,female,4,3,0.5,never,0,0,0,58.7,0,146
52,male,3,5,5,never,180,1,0,36.44,0,156
63,female,4,4,2.19,former,0,0,0,30.63,0,137
57,female,4,3,1.2,never,0,0,0,41.14,0,133
58,male,2,5,5,former,0,0,0,41.04,0,142
43,female,3,3,0.76,current,0,0,0,28.15,0,133
58,female,3,3,5,current,360,1,0,18.5,0,134
40,male,4,4,3.03,never,0,0,0,38.58,0,141
65,female,3,3,1.35,never,420,1,0,20.74,0,146
41,female,2,5,1.02,former,0,0,0,27.97,0,150
60,male,4,4,1.58,never,0,0,1,26.43,1,118
59,female,3,4,NA,never,60,0,1,26.77,0,139
46,male,3,4,0.81,former,15,0,0,24.54,0,136
80,female,3,2,1.59,never,0,0,0,28.07,1,107
68,female,1,3,0.82,current,0,0,0,34.99,0,142
46,male,4,3,0.78,current,0,0,0,28.22,0,151
60,male,4,3,0.17,current,0,0,0,22.36,1,124
68,male,4,3,2.56,former,0,0,0,30.86,0,139
70,female,3,5,5,never,0,0,0,41.89,0,148
68,female,5,1,1.49,current,0,0,1,21.18,1,61
76,male,3,3,2.19,never,0,0,0,29.64,1,89
80,male,5,2,NA,former,0,0,1,30.11,1,65
80,male,3,4,5,former,280,1,1,27.53,1,129
44,male,4,4,2.12,never,0,0,0,27.32,0,148
65,male,3,4,0.59,former,0,0,0,24.88,0,132
48,male,1,2,1.45,never,0,0,0,28.27,0,140
48,male,3,5,5,never,0,0,0,23.31,0,147
67,male,1,5,NA,former,1200,1,0,25.59,0,134
46,female,4,4,0.62,current,0,0,1,27.49,0,134
64,male,3,3,2.14,former,225,1,1,31.1,1,65
77,female,4,2,0.57,never,20,0,0,20.58,0,153
52,male,4,3,0.78,former,0,0,1,38.96,1,11
69,female,4,4,2.45,current,210,1,0,20.39,1,147
71,female,3,2,NA,never,0,0,0,30.62,0,149
49,female,3,2,5,former,150,1,0,25.71,0,148
41,male,3,3,2.63,former,600,1,0,29.14,1,94
76,female,3,4,NA,never,60,0,0,42.93,0,156
50,female,3,2,1.54,never,0,0,0,30.07,0,152
74,male,3,4,1.46,former,0,0,1,29.75,1,62
70,female,3,3,NA,never,0,0,1,35.05,0,135
40,female,1,1,1.97,never,0,0,0,26.11,0,137
74,female,1,1,0.98,former,0,0,0,29.73,0,155
47,male,1,3,2.27,never,180,1,0,29.92,0,155
41,male,1,4,0.92,never,600,1,0,31.1,0,137
74,male,3,3,5,former,0,0,1,32.36,1,96
40,male,3,3,NA,never,0,0,0,32.8,0,145
63,male,4,2,NA,former,0,0,0,22.08,0,149
60,male,3,3,NA,former,0,0,1,22.35,0,147
71,male,3,3,NA,current,0,0,1,33.66,1,68
80,male,3,4,NA,former,80,0,0,29.48,0,136
63,male,3,2,0.9,former,0,0,0,30.66,1,107
54,male,5,5,4.35,current,0,0,0,19.24,0,140
79,male,4,1,0.75,former,30,0,1,26.43,1,78
80,female,3,4,2.86,former,30,0,0,30.41,0,157
68,male,3,1,2.14,former,945,1,0,25.26,0,139
51,female,1,2,1.04,never,0,0,0,39.55,0,143
80,female,4,1,2.36,never,0,0,0,27.06,0,142
55,male,3,5,5,never,120,0,0,22.66,0,151
66,female,4,4,2.07,never,0,0,0,35.3,0,137
49,male,4,5,0.78,former,0,0,0,NA,1,52
58,female,3,3,NA,current,0,0,0,25.54,0,144
58,female,1,1,0.31,never,0,0,1,34.5,0,134
64,male,4,4,3.83,never,0,0,0,37.64,0,138
40,female,1,2,5,former,300,1,0,26.27,0,135
53,female,3,3,4.5,never,0,0,0,26.1,0,138
51,female,3,4,5,never,0,0,0,37.85,0,156
56,female,1,5,2.84,never,0,0,0,48.04,0,134
80,male,3,3,1.92,never,0,0,0,25,1,21
60,female,2,3,0.53,former,0,0,0,44.44,0,157
80,male,4,3,2.77,never,0,0,0,30.01,1,82
64,male,3,4,1.83,former,0,0,0,37.82,0,145
80,male,3,1,NA,former,120,0,0,24.98,1,70
54,male,1,2,2.49,never,0,0,0,28.81,0,142
51,female,3,3,4.26,current,0,0,0,38.85,0,135
65,male,5,3,0.1,current,250,1,0,19.18,0,141
42,female,4,2,1.96,current,0,0,0,17.62,0,143
47,female,3,3,1.22,current,0,0,0,18.2,0,139
77,female,3,4,2.56,never,10,0,1,32.53,0,147
80,female,3,5,4.9,never,0,0,0,20.72,1,121
40,female,3,3,0.73,current,300,1,0,21.04,0,136
61,male,3,5,1.41,former,0,0,0,34.43,0,149
74,male,2,5,0.86,former,0,0,1,26.07,1,131
55,male,4,3,3.49,former,0,0,1,32.24,0,133
62,female,4,4,4.72,never,90,0,0,37.42,0,154
48,female,3,3,3.77,never,0,0,1,NA,0,149
74,male,3,2,3.71,current,540,1,0,20.7,1,29
63,male,3,4,4.38,former,1500,1,0,36.53,0,146
40,male,5,5,5,never,840,1,1,32.6,0,154
45,male,3,4,2.91,never,840,1,0,27.31,0,146
78,male,1,1,1.29,former,0,0,NA,33.62,0,135
80,female,3,3,1.92,never,0,0,0,23.82,1,34
79,male,3,2,3.92,current,0,0,1,23.73,1,109
80,male,3,4,0.66,former,0,0,0,26.38,1,76
57,male,3,5,5,former,180,1,0,27.53,1,81
48,male,1,3,2.08,never,0,0,0,36.12,0,146
55,female,4,3,1.16,current,0,0,0,24.28,1,93
76,female,5,1,3.39,never,0,0,0,23.27,0,133
80,male,2,5,1.23,former,0,0,1,24.94,1,40
56,female,1,1,2.54,never,0,0,0,34.37,0,143
46,female,3,2,1.32,never,0,0,0,29.15,0,132
71,female,3,3,4.81,never,840,1,0,25.65,0,140
64,male,2,5,0.85,current,120,0,0,28.05,1,69
56,female,5,3,5,never,0,0,0,20.77,0,153
70,male,1,1,0.88,never,90,0,0,28.07,0,142
76,male,3,3,3.65,former,0,0,1,36.54,1,30
51,male,3,2,5,former,0,0,0,27.98,0,137
62,female,4,5,5,former,0,0,0,33.62,0,140
59,male,4,3,2.45,never,0,0,1,33.13,0,144
52,male,2,5,2.28,never,240,1,0,27.75,0,139
79,male,1,1,1.03,former,0,0,0,25.57,1,8
75,female,3,3,2.78,current,80,0,1,22.09,1,57
80,female,3,4,1.47,never,30,0,1,25.08,0,151
53,male,3,4,5,never,720,1,0,30.6,0,138
70,female,4,3,2.54,former,0,0,1,46.97,0,144
51,male,1,3,1.16,current,0,0,0,31.88,0,142
64,male,4,3,5,former,0,0,0,26.45,0,141
65,female,3,5,4.38,never,150,1,1,28.79,0,147
41,female,3,4,2.91,former,0,0,0,31.89,0,146
44,male,1,4,3.68,never,0,0,0,28.66,0,139
80,male,3,3,1.14,current,0,0,0,20.39,1,65
63,male,2,1,1.73,former,110,0,0,28.29,0,152
52,male,3,2,0.82,current,0,0,0,39.43,0,151
57,male,3,4,1.67,never,0,0,0,24.37,1,95
47,female,4,3,2.9,current,0,0,0,33.8,0,145
62,male,3,2,0.62,former,0,0,1,28.94,1,102
64,female,4,4,5,former,240,1,0,31.57,0,154
55,female,3,4,3.96,former,0,0,0,48.15,0,141
56,female,3,2,2.19,former,300,1,0,26,0,134
50,male,3,3,1.2,never,0,0,0,33.49,0,139
54,female,3,3,5,never,0,0,0,24.49,0,146
40,female,2,4,3.85,former,0,0,0,21.29,0,153
50,female,3,3,5,never,0,0,0,31.34,0,147
60,female,2,4,5,never,0,0,0,27.9,0,134
41,male,3,1,NA,current,0,0,NA,33.2,0,138
47,female,3,3,2.84,never,0,0,0,43.4,0,148
44,female,4,4,1.93,former,80,0,0,26.52,0,148
63,female,2,1,0.91,never,0,0,0,25.63,0,134
80,male,3,4,5,former,0,0,1,26.34,1,127
66,female,1,1,0.8,never,0,0,1,35.07,0,131
64,female,1,1,NA,current,0,0,0,48.99,0,136
53,female,4,2,0.05,current,120,0,0,28.11,0,151
48,male,3,5,NA,former,0,0,0,24.51,0,143
69,female,2,1,0.47,never,0,0,0,23.63,0,144
58,male,4,4,2.54,current,660,1,0,23.5,0,133
54,male,3,5,5,never,0,0,0,29.07,0,150
46,female,2,2,1.25,never,120,0,0,40.57,0,152
75,female,3,4,2.4,former,0,0,1,40.71,1,74
70,female,3,5,3.29,never,0,0,0,25.13,0,136
51,male,3,2,3.92,current,0,0,0,23.23,0,149
55,female,4,3,1.24,never,0,0,0,44.73,0,147
41,female,3,3,0.77,never,0,0,0,28.04,0,141
47,female,4,4,NA,never,140,0,1,27.84,0,148
50,male,1,4,3.21,former,0,0,0,32.97,0,155
74,female,4,2,1.61,former,330,1,0,32.02,0,134
64,male,3,2,1.1,former,0,0,0,33.38,0,146
42,male,4,4,1.24,current,0,0,0,25.79,0,134
60,male,1,1,2.7,never,0,0,0,20.71,0,152
74,female,3,3,1.18,never,0,0,0,32.35,1,128
41,male,3,5,5,never,480,1,0,24.02,0,153
40,female,1,1,0.92,never,0,0,0,36.39,0,135
44,female,3,4,5,former,0,0,0,23.18,0,135
42,male,3,2,4.33,former,1680,1,0,26.32,0,153
56,male,2,3,2.34,current,0,0,0,23.26,0,150
44,female,3,3,1.02,former,0,0,0,22.51,0,139
53,male,5,3,5,current,0,0,0,31.67,0,149
70,male,4,4,1.45,former,0,0,0,24.04,0,143
67,male,2,3,0.44,former,0,0,1,39.34,0,135
40,male,1,3,2.15,never,0,0,0,37.18,0,143
61,female,1,1,0.69,never,0,0,0,29.82,0,148
42,female,5,5,4.14,never,400,1,0,21.34,0,145
80,male,3,4,1.24,former,420,1,1,28.54,0,147
69,male,2,1,NA,former,0,0,1,31.83,0,134
60,male,3,5,5,former,240,1,0,34.22,0,158
44,male,2,2,0.47,current,1380,1,0,27.77,0,144
61,female,1,4,2.7,never,0,0,0,29.15,0,153
46,female,1,3,4.62,former,0,0,0,24.16,0,150
44,female,1,5,NA,never,130,0,0,18.94,0,153
78,male,2,2,0.82,never,0,0,0,24.66,0,144
41,male,3,5,5,former,1260,1,1,27.99,0,140
63,male,3,3,NA,current,0,0,0,20.4,0,148
63,male,4,1,0.34,never,0,0,0,21.1,0,154
63,female,5,1,0.77,current,0,0,1,17.14,1,88
40,male,4,4,5,never,300,1,0,29.89,0,133
68,male,3,5,NA,former,120,0,0,25.35,0,147
76,female,3,3,3.14,former,0,0,0,25.35,1,84
53,female,4,2,1.64,current,0,0,0,28.12,0,158
66,female,2,2,1.57,never,0,0,0,23.86,0,138
70,male,3,4,3.29,former,30,0,1,23.13,0,148
62,female,1,3,4.55,never,160,1,0,31.4,0,134
75,female,3,3,2.19,never,360,1,0,29.04,0,146
71,female,3,2,0.75,former,0,0,0,23.48,1,9
64,female,4,1,NA,former,0,0,0,28.83,0,155
56,female,4,4,1.57,never,0,0,0,19.73,0,143
43,female,4,3,0.5,never,0,0,0,38.85,0,133
66,female,3,5,4.29,never,0,0,0,31.58,0,147
65,male,3,5,NA,never,0,0,0,22.41,1,42
40,male,1,1,0.39,never,0,0,0,33.51,0,143
69,male,4,1,0.58,never,30,0,0,28.54,0,141
59,male,4,3,4.36,never,0,0,0,30.83,0,139
64,male,3,4,4.64,former,60,0,0,34.62,0,141
60,female,4,4,1.43,current,0,0,0,22.87,0,154
60,male,4,2,4.43,never,0,0,0,32.26,0,136
70,female,3,5,5,former,1080,1,0,22.16,0,134
73,male,3,5,1.65,former,40,0,0,32.06,0,136
80,female,4,1,5,never,0,0,0,29.38,0,143
53,female,3,4,3.79,never,0,0,0,25.48,0,152
66,male,4,2,1.07,former,0,0,1,29.43,0,153
80,male,3,1,NA,never,0,0,0,30.01,1,44
62,male,4,5,5,never,0,0,0,28.41,0,137
56,male,3,1,1.98,current,0,0,0,35.94,0,150
70,female,1,1,1.03,never,0,0,0,29.24,0,142
54,female,3,1,0.76,former,0,0,0,45.46,0,147
68,female,4,2,0.11,never,0,0,0,28.92,0,147
50,male,2,1,0.87,current,0,0,0,34.37,0,144
80,male,3,1,2,former,0,0,0,22.14,1,62
60,female,2,1,0.21,never,0,0,0,31.72,0,138
75,female,3,4,2.5,never,0,0,0,19.67,1,36
50,male,3,5,5,never,0,0,0,26.23,0,132
67,male,3,5,NA,never,60,0,0,23.8,0,137
65,female,4,5,5,never,0,0,1,32.46,0,141
49,female,3,3,1.09,current,0,0,0,38.52,0,143
76,male,4,1,2.54,former,280,1,1,28.03,0,144
57,female,3,4,2.14,former,0,0,0,26.75,0,148
51,male,1,3,4.53,current,0,0,0,23.83,0,153
62,female,2,1,1.27,never,0,0,1,31.79,0,145
66,male,1,2,NA,former,0,0,0,31.17,0,137
49,female,3,4,3.92,current,0,0,1,26.52,0,140
42,male,3,4,2.62,never,480,1,0,26.97,0,137
72,female,3,3,3.57,former,0,0,0,31.91,0,153
52,female,2,4,1.06,never,0,0,0,30.23,0,156
73,male,5,5,5,never,450,1,1,22.53,1,39
57,female,4,5,5,former,420,1,0,25.22,0,138
64,female,5,4,0.94,former,1440,1,0,27.3,0,135
48,male,3,3,5,never,1440,1,0,31.93,0,147
80,male,4,5,NA,former,0,0,0,19.5,1,32
72,female,4,2,1.3,never,0,0,0,39.93,1,23
52,male,4,3,3.92,former,420,1,0,35.67,0,143
52,male,3,4,5,never,0,0,0,33.11,0,148
67,female,2,1,0.77,former,630,1,0,36.22,0,148
71,male,4,3,1.79,former,0,0,1,37.83,1,72
61,male,3,5,NA,never,0,0,1,33.6,0,146
50,female,1,5,5,never,90,0,0,25.72,0,147
60,female,3,3,2.15,never,0,0,0,25.08,0,148
40,male,4,5,5,never,320,1,0,25.86,0,142
40,male,4,3,5,never,180,1,0,30.51,0,138
77,female,3,3,1.63,never,0,0,0,20.09,1,8
40,male,3,5,0.99,current,0,0,0,30.71,0,145
76,female,3,4,1.92,current,0,0,0,25.57,0,133
55,male,3,4,5,former,240,1,0,27.59,0,142
59,female,3,5,5,never,0,0,1,23.66,0,136
51,female,1,3,5,former,0,0,0,28.05,0,134
44,female,3,5,2.9,never,0,0,0,21.98,0,147
71,female,4,4,1.42,never,0,0,0,32.05,1,112
45,female,2,1,2.29,former,0,0,0,27.36,0,159
43,female,3,4,2.18,never,0,0,1,38.08,0,146
71,male,1,1,0.58,never,0,0,0,25.83,0,141
61,male,1,2,2.19,former,360,1,0,28.88,0,134
50,male,3,1,NA,current,0,0,1,29.63,0,139
50,female,1,1,1.42,never,0,0,0,29.97,0,135
80,male,2,2,2.84,never,0,0,1,32.62,1,37
44,male,5,3,1.27,never,0,0,0,25.97,0,134
71,female,2,1,1.16,former,120,0,0,31.23,0,149
70,male,1,2,1.42,never,0,0,0,39.18,0,136
44,male,3,4,5,never,0,0,0,37.99,0,133
52,male,2,4,2.82,never,0,0,0,30.79,0,153
62,female,2,5,0.47,never,0,0,0,33.54,1,98
48,female,3,3,1.96,never,360,1,1,26.87,0,151
42,male,4,5,1.75,never,80,0,1,20.55,0,144
40,female,1,2,3.23,never,0,0,0,23.27,0,144
58,female,4,5,5,never,420,1,0,28.48,0,132
68,male,3,5,5,former,315,1,1,24.91,0,147
42,female,2,4,1.42,never,0,0,0,19.89,0,158
52,female,3,5,5,never,300,1,0,19.19,0,137
61,female,1,2,1.57,never,0,0,0,29.18,0,146
66,female,3,4,2.55,former,240,1,0,23.33,0,133
63,male,4,3,5,never,0,0,0,30.98,0,152
60,male,4,4,5,former,0,0,0,23.95,0,153
75,male,3,4,2.92,former,360,1,1,23.12,0,146
44,male,3,3,2.92,current,90,0,0,27.57,0,133
55,male,3,3,0.96,never,180,1,0,27.44,1,7
74,female,4,2,1.75,never,30,0,0,NA,1,29
65,female,3,2,2.5,former,0,0,0,30.16,1,77
63,male,2,1,NA,never,0,0,0,26.58,0,138
57,male,5,2,1.43,never,0,0,0,28.88,0,142
74,female,4,2,0.98,never,0,0,0,30.12,0,132
47,female,3,2,0.07,former,0,0,1,NA,0,139
61,male,3,5,2.31,never,100,0,0,26.85,1,79
80,female,3,5,3.14,never,0,0,0,31.57,0,156
50,male,3,3,4.07,current,0,0,0,18.94,1,92
67,female,3,5,4.16,former,240,1,1,28.12,0,132
63,female,3,4,5,never,0,0,0,44.07,1,132
80,male,3,3,2.88,former,0,0,1,27.34,1,129
62,male,4,2,0,current,70,0,0,14.2,1,147
63,female,3,3,2.43,former,0,0,0,40.12,0,149
69,female,3,1,0.73,former,50,0,1,32.13,1,105
56,female,1,5,NA,never,300,1,0,28.91,0,150
52,female,1,1,0.03,former,0,0,0,36.18,0,134
74,female,2,2,0.99,never,420,1,0,23.69,1,70
80,female,3,5,1.15,never,0,0,1,28.46,1,97
77,male,3,1,NA,former,0,0,1,34.17,1,26
67,male,3,4,3.65,former,0,0,1,33.73,0,155
47,male,4,2,1.57,current,0,0,0,28.9,1,71
53,male,3,2,5,never,0,0,0,37.14,0,134
57,male,4,3,NA,current,0,0,0,42.71,0,148
60,female,1,4,5,former,0,0,0,27.79,0,152
76,female,4,2,NA,never,0,0,0,22.6,0,147
70,female,3,3,3.02,current,0,0,0,29.89,0,153
40,female,3,5,3.63,current,0,0,0,23.35,0,151
53,male,3,1,0.91,current,0,0,0,23.78,0,132
64,female,2,2,0.47,never,0,0,0,47.23,0,146
43,female,2,4,0.79,never,0,0,0,25.43,0,150
68,female,2,5,1.96,current,0,0,0,20.74,0,150
44,female,2,1,1.05,former,0,0,0,25.29,0,142
43,male,3,4,0.9,current,0,0,0,NA,0,138
44,female,3,5,5,never,400,1,0,17.85,0,152
63,male,1,1,0.88,former,0,0,0,29.76,0,144
65,male,3,4,5,former,0,0,1,27.27,0,150
45,male,1,3,0.98,current,0,0,0,31.14,0,141
58,male,5,2,1.17,former,0,0,0,34.23,0,145
76,female,3,3,1.79,never,0,0,0,24.36,0,134
60,female,4,3,4.38,former,160,1,0,37.6,0,132
48,female,4,3,1.4,former,0,0,0,31.78,0,143
56,male,4,4,NA,current,600,1,0,30.05,0,142
62,male,4,2,2.5,current,0,0,0,31.7,1,69
45,male,3,4,1.23,never,0,0,0,31.26,0,146
64,female,3,3,2.86,never,0,0,0,40.43,0,149
52,male,3,3,4.01,never,120,0,0,30.19,0,142
50,male,4,2,NA,current,0,0,0,27.05,0,154
60,male,5,3,0.97,never,840,1,0,20.99,0,137
62,female,5,5,5,never,30,0,0,29.25,0,138
80,male,3,2,2.56,former,0,0,1,31.49,1,127
54,female,1,4,1.55,former,0,0,0,38.35,0,143
47,male,3,3,0.1,former,0,0,0,29.07,0,146
55,male,2,1,NA,never,0,0,0,29.59,0,154
43,male,1,1,0.83,never,60,0,0,27.14,0,135
56,female,3,4,NA,current,0,0,0,19.48,1,123
63,male,3,3,NA,current,0,0,0,21.11,1,103
80,male,3,1,1.96,never,135,0,0,18.11,1,49
48,male,3,3,1.1,former,0,0,0,29.32,0,148
68,male,1,1,NA,never,180,1,0,26.47,0,154
49,male,3,3,NA,never,360,1,0,NA,0,149
41,male,2,3,1.47,never,0,0,0,29.22,0,143
79,male,4,3,3.07,never,0,0,0,24.32,1,132
57,male,2,5,NA,former,90,0,0,22.47,0,149
68,female,4,5,2.91,current,0,0,0,30.25,1,75
72,male,3,2,3.27,former,0,0,0,33.55,1,128
58,male,1,5,5,never,0,0,0,26.55,1,53
51,male,3,5,5,never,0,0,0,26.18,0,141
59,male,3,5,NA,former,0,0,0,29.02,0,154
78,female,3,3,2.45,never,0,0,0,28.8,0,150
55,male,4,5,3.91,never,0,0,0,38.29,0,148
62,male,4,3,5,never,720,1,1,32.99,0,134
42,female,4,2,0.67,never,0,0,0,29.02,0,149
43,male,2,4,5,never,420,1,0,25.2,0,147
43,male,1,3,NA,never,0,0,0,NA,0,146
64,male,4,1,1.69,current,0,0,1,25.23,1,112
44,male,3,5,5,former,30,0,0,26.84,0,132
56,female,2,2,NA,never,0,0,0,29.44,0,153
65,female,2,1,0.37,never,0,0,0,22.24,0,142
80,female,2,NA,2.48,never,0,0,0,30.02,1,2
80,male,3,2,1.5,never,0,0,0,21.37,1,33
60,female,4,3,0.76,current,0,0,1,27.29,1,4
42,female,5,4,0.82,never,0,0,0,37.09,0,153
80,female,3,3,1.47,never,0,0,1,29.42,1,80
80,male,3,2,3.92,former,0,0,1,23.98,1,38
80,female,3,2,1.47,never,0,0,0,22.68,1,51
62,male,4,5,NA,never,0,0,0,30.92,0,139
56,female,4,5,1.55,never,420,1,1,28.28,0,136
45,female,3,2,1.4,never,0,0,0,15.69,0,146
71,female,2,1,0,never,60,0,0,29.12,0,152
67,male,3,3,2.63,current,0,0,0,29.33,0,146
71,male,5,1,0.76,former,0,0,0,37.53,1,148
45,male,4,2,0.94,current,0,0,0,22.59,0,133
52,male,1,5,5,never,1320,1,0,36.29,0,144
59,female,3,3,1.14,current,0,0,1,36.73,0,134
42,male,4,1,0.5,current,75,0,0,24.76,0,146
73,male,1,3,2.56,former,90,0,0,35.25,0,134
69,male,2,1,1.73,former,360,1,0,35.64,0,136
77,female,1,1,NA,never,30,0,0,31.25,0,133
70,female,3,4,3.65,never,0,0,0,29.15,0,134
54,female,3,5,5,never,225,1,0,19.47,0,157
41,female,3,2,0.52,current,0,0,0,34.27,0,134
58,male,3,2,0.9,current,0,0,1,26.88,1,9
67,male,1,1,0.8,former,0,0,0,24.17,0,140
68,male,3,2,1.46,current,100,0,0,23.91,1,147
47,male,4,3,1.97,never,30,0,0,34.21,0,136
65,male,3,3,1.79,never,0,0,0,28.28,0,146
48,male,2,1,0.83,current,0,0,0,32.44,0,138
51,male,3,1,1.86,current,0,0,0,31.24,1,116
72,male,4,4,1.06,never,0,0,1,NA,1,1
50,female,3,4,1.1,former,0,0,0,23.98,1,71
80,male,3,2,2.05,former,0,0,0,22.15,1,116
64,female,2,1,0.91,never,0,0,0,38.42,0,150
49,male,2,2,1.93,never,0,0,0,35.72,0,142
51,male,4,2,1.3,current,0,0,1,38.8,0,148
57,male,2,4,0.6,never,1200,1,0,27.5,0,137
45,female,1,1,1.16,never,0,0,0,26.31,0,155
58,male,2,1,NA,former,0,0,1,29.69,0,140
44,male,3,3,3.77,former,0,0,0,29.4,0,139
53,male,1,1,1.42,never,240,1,0,22.63,0,135
64,male,4,2,0.73,NA,0,0,0,25.92,0,142
80,male,3,5,2.05,former,480,1,1,28.15,1,83
70,female,3,3,2.14,former,225,1,0,26.5,0,156
80,male,3,4,1.02,never,0,0,0,29.88,1,37
49,male,4,4,3.49,never,0,0,0,25.79,1,22
48,female,3,3,0.57,current,0,0,0,22.49,1,64
52,male,3,4,3.37,never,480,1,0,32.04,0,137
59,male,1,1,1.55,former,360,1,0,25.01,0,143
63,female,2,1,0.88,never,0,0,1,37.38,0,149
62,female,4,3,1.75,former,120,0,1,34.42,0,137
66,female,3,5,5,former,80,0,0,38.36,0,139
53,male,1,4,3.57,current,0,0,0,27.25,0,133
57,male,4,5,5,current,120,0,0,28.98,0,133
63,female,1,2,4.29,current,0,0,0,25.51,0,134
56,male,4,4,5,former,360,1,0,32.79,0,134
57,male,4,2,0.82,current,0,0,0,22,1,13
75,female,3,2,1.64,former,0,0,0,50.49,1,89
47,female,3,2,0.35,current,0,0,1,23.01,0,145
64,male,2,3,0.91,never,0,0,0,36.96,0,133
61,male,3,2,5,former,285,1,0,33.35,0,138
56,female,4,5,5,former,0,0,0,36.54,0,144
76,male,3,1,3.92,former,30,0,1,30.43,1,85
43,female,3,5,2.91,never,240,1,0,36.9,0,135
49,female,3,4,2.14,former,1080,1,0,26.46,0,153
43,male,4,3,1.39,current,0,0,0,22.11,0,149
80,female,3,4,2.14,never,0,0,1,29.29,0,136
80,female,3,3,1.67,former,0,0,0,31.29,1,38
61,male,3,5,5,never,560,1,1,32.62,0,135
51,female,3,4,5,never,300,1,0,28.21,0,147
50,female,1,3,NA,never,0,0,0,30.1,0,149
80,female,3,2,1.86,former,0,0,1,36.57,0,139
71,female,3,4,3.69,former,0,0,1,32.76,0,134
50,male,3,5,0.71,former,360,1,0,33.08,0,149
53,female,3,4,5,current,60,0,0,24.88,0,136
50,male,3,1,0.53,current,0,0,0,44.48,1,43
63,male,3,1,1.07,never,0,0,1,30.66,1,74
42,female,2,4,1.63,current,0,0,0,19.72,0,152
52,female,2,3,3.29,current,0,0,0,35.58,1,121
49,female,2,4,0.29,current,0,0,0,27.15,0,148
80,female,3,3,NA,former,0,0,0,25.66,1,61
45,female,1,3,5,current,0,0,0,34.12,0,134
80,female,4,1,1.12,never,0,0,0,33.08,1,21
63,female,3,4,1.07,never,180,1,1,36.42,0,139
69,female,1,1,1.95,never,0,0,0,33.63,1,11
72,female,3,1,0.7,former,0,0,0,25.07,0,139
50,female,3,3,5,current,0,0,0,34.7,0,132
57,male,1,2,1.83,never,0,0,0,31.91,0,142
48,female,3,3,0,current,0,0,0,21.84,0,137
50,male,1,4,0.64,former,360,1,0,32.4,0,143
75,female,3,2,1.96,never,0,0,0,29.56,1,31
68,female,3,5,5,current,105,0,1,19.81,1,124
80,male,3,3,2.07,former,0,0,0,26.01,1,21
62,female,3,5,4.9,never,870,1,0,28.58,0,139
76,female,3,2,2.63,former,0,0,0,19.85,1,120
70,female,3,1,0.94,never,70,0,0,21.62,1,126
46,male,3,1,1.21,current,0,0,1,28.83,0,134
70,female,1,1,NA,never,0,0,0,37.71,0,153
65,male,3,4,5,current,240,1,0,29.09,0,146
62,male,1,5,5,former,0,0,0,31.31,0,153
75,male,3,3,1.79,former,40,0,1,29.75,1,17
54,female,3,3,0.5,never,0,0,1,28.07,0,136
56,female,3,2,0.73,current,90,0,0,20.65,1,144
46,female,4,4,2.45,never,0,0,0,34.21,0,134
67,female,3,3,2.92,never,480,1,0,23.01,1,111
65,male,4,4,5,never,420,1,0,24.72,0,132
65,female,2,5,4.02,never,0,0,0,25.81,1,129
80,female,3,3,1.27,never,150,1,0,22.65,0,133
50,male,1,5,5,current,270,1,0,29.01,0,145
55,female,3,3,0.73,never,0,0,0,20.29,0,133
71,female,3,4,5,former,0,0,1,19.07,0,133
61,female,4,3,3.85,never,0,0,0,33.65,0,136
62,female,3,4,2.92,never,180,1,0,26.51,0,146
46,male,4,2,4.12,current,0,0,0,22.94,0,137
55,male,4,5,5,former,0,0,0,30.21,0,133
46,female,3,1,0.1,never,0,0,0,15.83,0,152
45,female,1,4,2.73,never,285,1,0,25.27,1,134
74,male,3,3,2.56,former,0,0,1,29.43,1,11
65,female,3,3,1.61,current,0,0,0,24.74,0,148
70,male,4,5,5,never,540,1,1,25.93,0,133
45,male,4,2,1.71,current,0,0,0,22.35,0,147
49,female,4,4,1.99,never,0,0,0,23.7,0,152
59,female,1,2,NA,current,0,0,0,23.35,0,149
56,female,4,3,1.83,current,0,0,0,24.59,1,22
68,male,4,3,5,former,360,1,1,36.91,0,154
55,male,2,4,2.62,never,0,0,0,28.57,0,157
78,female,3,4,1.92,current,0,0,1,25.66,1,78
56,female,3,3,1.23,former,520,1,0,25.94,1,116
63,female,3,4,2.06,current,0,0,0,21.7,1,115
77,female,3,3,1.54,never,0,0,1,32.46,0,137
68,male,2,3,0.59,current,570,1,0,21.9,1,96
51,male,1,1,2.04,current,0,0,0,36.66,1,112
80,male,3,1,1.68,former,0,0,1,28.82,1,69
63,female,3,1,0.58,former,0,0,0,39.79,0,133
57,male,3,3,2.14,never,0,0,0,33.63,0,139
80,male,1,1,0.87,former,0,0,0,20.16,0,135
48,female,4,3,1.46,former,0,0,0,38.56,0,130
52,male,3,4,5,former,0,0,0,30.49,0,139
80,female,3,3,1.52,never,0,0,0,29.53,1,116
62,female,3,1,0.93,former,0,0,0,39.27,0,139
64,female,3,4,5,current,0,0,1,33.13,0,147
52,female,1,1,1.86,former,0,0,0,35.51,0,135
53,female,3,5,5,former,280,1,0,33.54,0,141
76,female,3,4,1.24,former,420,1,1,18.79,1,59
69,female,1,1,NA,never,0,0,0,40.06,0,139
55,female,3,4,4.95,current,0,0,0,25.81,0,140
57,male,3,4,1.27,former,180,1,0,22.63,0,146
61,female,2,1,NA,former,0,0,1,25.03,0,157
60,male,3,3,3.93,current,0,0,0,42.4,1,125
71,female,2,1,2.84,never,0,0,0,30.97,1,115
48,male,3,5,3.83,never,0,0,0,29.96,0,145
61,male,1,1,2.75,current,0,0,0,30.08,0,152
50,female,3,2,2.48,former,0,0,0,28.31,0,146
60,female,4,1,2.9,never,0,0,0,31.53,0,141
72,male,3,1,0.95,current,0,0,1,32.27,1,30
60,female,4,3,0.69,current,0,0,0,42.39,0,132
49,female,3,4,1.91,current,0,0,0,30.57,0,109
80,male,3,4,1.27,former,240,1,0,26.04,0,123
80,male,3,2,1.69,former,0,0,1,27.62,1,38
42,female,4,2,2.35,never,0,0,0,39.9,0,129
66,male,1,2,0.41,never,0,0,0,28.25,0,120
45,female,3,5,5,never,480,1,0,27.24,0,122
44,male,3,3,4.43,never,0,0,0,29.1,0,118
66,male,3,4,2.2,former,210,1,1,23.67,0,113
49,female,1,1,1.45,never,0,0,0,28.41,0,127
58,male,3,5,5,never,570,1,1,23.69,0,120
54,male,3,2,2.2,never,60,0,0,26.03,0,120
60,female,1,3,2.75,never,0,0,0,32.07,0,111
44,female,1,2,3.97,never,0,0,1,25.06,0,117
53,female,3,5,5,former,210,1,0,27.62,0,130
58,female,1,3,2.03,current,240,1,0,26.22,0,108
50,male,3,4,1.24,never,535,1,0,26.6,0,110
70,female,4,2,0.49,current,10,0,1,40.11,0,131
65,female,1,1,0.54,never,0,0,0,27.85,0,116
80,female,3,2,1.72,never,300,1,0,19.43,0,131
60,male,3,3,1.03,former,0,0,0,25.84,0,109
60,female,4,4,2.59,current,240,1,0,31.71,0,123
56,female,3,5,5,never,210,1,0,19.73,0,130
78,male,3,5,5,former,300,1,1,26.79,0,115
63,female,2,2,1.59,never,90,0,0,32.04,1,75
57,female,3,3,NA,former,630,1,0,20.66,0,120
54,male,2,5,3.28,never,540,1,0,36.32,0,122
70,female,4,2,NA,former,0,0,0,24.88,0,126
54,male,4,5,1.39,never,0,0,1,26.62,0,123
44,male,3,2,1.81,current,0,0,1,31.43,0,121
54,male,1,1,2.13,former,0,0,0,29.31,0,109
64,female,5,1,0.69,never,120,0,0,27.18,0,110
40,male,1,2,1.32,never,60,0,0,27.56,0,111
59,female,5,1,1.37,never,0,0,0,25.79,0,111
80,male,3,4,1.37,former,0,0,0,35.77,1,36
58,male,3,4,2.77,former,600,1,1,33.23,0,124
49,male,1,2,NA,current,630,1,0,29.13,0,117
51,female,1,5,3.17,never,450,1,0,30.6,0,107
40,female,1,2,0.55,never,0,0,0,26.59,0,124
55,female,3,2,2.77,never,0,0,0,41.56,0,122
68,male,5,1,0.25,never,490,1,0,23.97,0,129
55,female,1,5,5,never,0,0,0,28.97,0,120
60,female,1,3,0.68,former,0,0,0,27.3,0,109
52,male,3,2,1.66,never,0,0,0,31.43,0,129
50,female,2,1,0.89,never,720,1,0,29.15,0,121
44,female,1,4,3.04,never,0,0,0,34.61,0,111
44,male,3,5,3.97,never,320,1,0,25.54,0,115
40,female,4,3,3.57,current,660,1,0,40.01,0,111
77,male,1,2,2.06,former,0,0,0,43.65,1,120
56,male,1,1,NA,never,0,0,0,24.98,0,111
80,male,3,1,2.31,former,90,0,1,25.06,1,32
78,female,1,1,0.7,current,0,0,0,22.63,1,42
58,female,3,3,NA,never,60,0,0,37.92,0,124
40,male,1,3,4.64,current,0,0,0,32.29,0,111
56,female,3,5,2.57,never,90,0,0,28.48,0,119
80,female,3,5,4.31,former,0,0,1,NA,1,3
60,female,3,3,4.8,former,0,0,0,23.41,0,131
72,male,1,1,NA,former,180,1,0,33.1,0,114
54,female,3,5,5,never,720,1,0,21.03,0,129
42,male,2,3,0.76,former,540,1,0,27.49,0,108
61,male,1,1,1.2,former,0,0,0,31.13,0,111
80,female,3,2,1.03,never,0,0,1,27.25,0,128
62,female,3,5,5,never,180,1,0,23,0,123
62,male,2,5,1.36,former,0,0,0,35.59,0,131
50,male,1,3,2.31,never,1800,1,0,29.83,0,108
58,male,4,2,0.28,current,0,0,0,29.27,0,130
80,male,3,3,2.87,current,0,0,1,17.87,1,19
42,female,4,4,2.06,never,0,0,0,26.78,0,114
53,male,3,4,0.65,never,0,0,0,39.01,0,128
78,male,2,5,NA,never,360,1,0,34.24,0,127
43,female,2,4,1.23,never,0,0,0,30.7,0,121
44,female,2,2,1.37,never,120,0,0,23.71,0,127
80,female,3,4,5,never,0,0,0,21.2,1,96
56,male,1,2,NA,never,540,1,0,22.64,0,118
80,male,3,2,3.6,never,0,0,0,34.04,1,109
80,male,3,4,3.23,former,0,0,0,NA,1,2
70,male,4,2,0.66,former,0,0,NA,30.67,0,113
80,female,3,4,1.09,never,0,0,0,30.99,1,121
66,female,4,2,1.44,never,0,0,1,28.6,1,3
42,female,3,5,3.54,never,930,1,0,19.64,0,127
41,female,4,3,1.16,never,0,0,0,24.88,0,113
48,female,3,2,1.13,current,0,0,0,26.37,0,130
66,female,1,1,0.63,former,60,0,1,22.83,0,118
51,male,4,4,2.75,former,0,0,0,26.52,0,128
61,female,4,4,NA,former,0,0,1,34.73,0,115
50,female,5,3,1.81,never,90,0,0,40.7,0,127
43,male,3,3,2.33,never,0,0,0,39.82,1,86
52,male,1,3,1.74,never,30,0,0,27.61,0,115
41,female,4,4,NA,never,0,0,0,29.11,0,110
46,female,1,1,0.47,never,210,1,0,27.32,0,119
75,male,1,1,NA,current,105,0,1,21.2,1,55
63,male,4,2,NA,current,0,0,0,22.32,0,114
61,female,2,2,5,current,45,0,0,28.37,0,117
44,female,5,5,4.62,current,180,1,1,24.03,0,119
44,female,2,2,0.58,never,420,1,0,34.57,0,113
80,male,3,3,4.94,never,180,1,1,29.34,1,37
76,female,4,4,1.24,former,0,0,0,31.91,0,133
40,female,4,4,3.82,never,285,1,1,28.6,0,129
74,male,3,3,5,never,20,0,0,28.12,0,128
63,female,1,2,1.54,never,0,0,0,33.16,0,114
55,male,4,4,5,never,240,1,0,40.25,0,108
75,male,3,3,2.06,never,240,1,0,29.47,0,130
47,male,1,1,2.27,never,0,0,0,23.89,0,126
63,female,1,1,1.12,never,0,0,1,31.5,0,110
43,male,2,2,2.18,never,0,0,0,22.14,0,129
63,male,3,5,2.8,never,0,0,0,27.46,0,120
66,male,4,4,NA,current,0,0,1,23.13,1,87
76,male,4,2,2.75,former,0,0,1,30.59,0,127
50,male,5,2,1.91,never,0,0,0,29.65,0,111
70,female,3,2,5,current,0,0,0,40.46,1,19
61,female,1,1,0.96,never,0,0,0,31.28,0,109
70,female,4,2,5,former,0,0,0,38.54,0,111
46,male,3,3,0.75,former,0,0,0,32.32,1,61
52,female,4,2,0.97,former,0,0,1,28.95,0,118
46,male,3,4,3.4,never,0,0,0,34.22,0,114
43,female,2,4,0.98,former,0,0,0,39.55,0,127
55,male,4,5,3.93,never,0,0,1,36.74,0,127
48,male,3,2,4.92,never,0,0,0,25.65,0,121
66,female,1,4,0.42,never,0,0,0,31.83,0,124
64,female,3,4,5,former,0,0,0,33.99,0,126
55,male,4,4,1.42,current,0,0,0,26.97,0,111
46,male,4,3,1.91,former,480,1,0,23.25,0,129
80,male,4,1,2.06,never,0,0,0,48.4,1,33
62,female,5,4,0.25,never,0,0,0,20.76,0,129
80,female,3,5,3.43,never,240,1,1,22.73,0,127
54,male,3,3,3.69,current,120,0,0,35.82,0,117
51,female,2,4,4.27,never,0,0,0,26.14,0,116
57,female,3,5,2.2,never,180,1,1,29.12,0,113
42,male,2,4,0.82,never,0,0,0,25.65,0,126
46,female,5,2,0.09,current,0,0,1,34.71,0,123
70,female,4,2,1.37,never,0,0,0,28.31,0,115
56,female,5,5,1.81,never,0,0,0,29.35,0,114
46,female,3,3,5,never,90,0,0,22.5,0,130
40,female,3,5,1.86,never,135,0,0,31.25,0,131
49,male,3,4,5,never,45,0,0,23.43,0,130
60,female,3,5,4.62,never,150,1,1,30.69,0,130
61,male,1,1,2.64,never,600,1,0,30.07,0,124
45,male,2,2,0.6,current,600,1,0,37.42,0,114
53,female,1,1,1.18,never,0,0,0,28.91,0,109
46,male,3,5,4.54,never,360,1,0,30.22,0,124
55,female,1,2,NA,never,0,0,0,28.51,0,127
57,male,3,4,0.3,former,90,0,0,31.88,0,122
79,male,3,5,5,former,0,0,0,27.78,0,115
53,female,4,4,1.63,current,0,0,0,20.32,0,131
46,male,5,1,0,current,0,0,0,22.89,0,130
60,female,3,3,2.18,never,30,0,0,33.25,0,114
49,female,4,4,3.4,never,240,1,0,46.13,0,130
72,male,5,1,NA,current,0,0,0,14.59,1,21
74,female,3,2,2.77,never,0,0,0,26.18,0,122
40,male,4,2,0.93,never,0,0,0,25.12,0,111
74,female,3,2,0.83,former,0,0,0,36.77,1,39
46,female,3,3,NA,never,0,0,0,35.77,0,109
49,female,3,1,1.37,current,0,0,0,23.63,0,132
62,female,4,4,1.64,current,0,0,0,27.59,0,124
44,female,3,5,5,never,330,1,0,29.12,0,114
49,female,4,4,1.34,never,0,0,0,43.92,0,131
66,female,4,5,5,never,15,0,0,30.96,0,115
65,male,3,4,4.46,never,360,1,1,31.28,0,113
55,male,1,1,0.45,former,0,0,0,22.81,0,123
43,female,1,1,NA,never,0,0,0,31.22,0,121
77,male,3,4,3.44,former,300,1,0,30.34,1,103
40,female,2,1,0.55,never,0,0,0,26.8,0,116
45,female,2,2,2.26,former,0,0,0,26.43,0,130
43,female,3,2,0.62,never,60,0,0,38.52,0,124
61,male,3,4,5,former,0,0,0,35.56,0,108
62,male,3,4,2.57,former,360,1,0,28.97,0,108
56,male,2,1,1.86,former,0,0,0,30.9,0,113
43,male,4,3,0.18,never,0,0,0,33.36,0,113
80,female,5,1,0.66,never,0,0,0,21.71,1,30
68,female,4,2,2.31,never,0,0,1,51.33,1,47
56,female,3,3,1.03,never,0,0,1,34.4,0,132
49,male,3,4,1.85,former,90,0,0,24.65,0,131
47,male,3,5,5,never,20,0,0,24.67,0,123
66,male,1,4,5,former,0,0,0,44.05,0,110
80,female,3,2,1.51,never,0,0,0,33.11,0,114
72,male,3,2,2.33,former,360,1,0,28.15,0,131
40,female,3,2,1.64,never,0,0,0,32.72,0,118
41,male,1,1,1.39,former,300,1,0,36.54,0,127
80,female,3,3,2.75,never,0,0,1,27.24,0,130
60,female,4,3,4.54,former,0,0,0,30.65,0,125
80,male,3,3,2.16,former,0,0,1,40.83,0,122
65,male,3,5,4.67,former,360,1,1,31.77,0,124
72,female,2,4,4.37,never,0,0,1,21.38,0,118
61,female,3,3,5,never,60,0,0,23.07,0,114
68,male,5,5,5,never,210,1,0,24.27,0,118
79,female,3,5,3.69,former,0,0,0,21.29,0,124
52,female,3,5,5,never,432,1,1,39.66,0,122
61,female,2,5,NA,former,0,0,0,40.81,0,115
67,female,2,2,1.2,former,0,0,1,36.18,1,42
56,male,3,4,4.92,never,0,0,0,30.27,0,126
62,male,1,1,1.91,former,420,1,0,32.26,0,124
74,female,3,3,1.67,never,0,0,1,40.35,0,120
50,female,3,4,2.2,never,360,1,0,26.37,0,119
48,female,4,2,0,current,0,0,0,35.43,0,127
66,male,2,4,5,current,0,0,1,29.7,1,53
48,female,3,4,4.54,former,120,0,0,21.48,0,118
52,male,4,2,1.11,current,0,0,0,19.15,0,111
63,female,1,1,NA,never,0,0,0,28.1,0,111
58,male,4,4,0.61,current,0,0,1,42.84,0,114
43,female,3,4,1.72,never,0,0,0,22.62,0,135
40,male,3,4,1.01,current,0,0,0,31.91,0,130
67,female,3,2,1.29,current,0,0,0,25.07,0,121
67,male,3,4,5,former,150,1,0,32.35,0,108
45,male,3,2,NA,current,0,0,0,32.91,0,128
56,male,3,5,0.65,never,210,1,1,26.75,0,128
55,female,3,2,1.2,former,0,0,0,46.72,0,131
50,female,3,1,1.24,current,0,0,0,30.02,0,117
74,male,3,2,1.03,former,180,1,1,26.67,0,130
61,male,3,1,5,current,0,0,0,48.22,1,71
74,male,3,5,4.53,former,240,1,1,32.93,0,112
55,female,3,3,2.75,former,30,0,0,30.14,0,130
46,male,3,5,5,never,180,1,0,27.35,0,122
62,male,3,3,1.02,former,0,0,0,28.18,0,122
42,male,3,3,5,never,810,1,0,36.77,0,109
60,female,3,3,2.12,former,0,0,0,23.03,0,108
70,male,3,4,5,current,105,0,0,28.64,0,126
56,female,4,2,NA,current,0,0,1,34.84,0,119
53,female,3,5,5,former,630,1,1,33.43,0,132
45,female,3,5,1.53,never,0,0,0,19.2,0,129
73,female,3,5,NA,former,0,0,0,45.82,0,125
80,female,3,3,1.39,never,240,1,1,26.17,1,74
61,male,4,2,4.12,never,0,0,0,35.21,0,123
74,male,5,1,1.35,former,105,0,0,21.73,0,118
60,female,2,1,NA,never,0,0,1,32.5,0,112
47,male,3,5,4.99,never,620,1,0,31.78,0,123
73,male,3,2,2.75,former,600,1,1,23.52,0,129
58,male,3,2,0.55,current,0,0,0,19.05,0,109
54,female,5,5,NA,never,0,0,0,24.2,0,128
69,male,4,3,1.31,current,0,0,1,24.95,1,54
64,female,2,3,1.45,never,0,0,0,24.34,0,118
40,male,3,4,3.49,never,60,0,0,35.45,0,118
44,male,1,3,1.75,current,0,0,0,22.66,0,127
58,male,3,3,5,never,200,1,1,41.89,0,122
49,female,4,2,1.37,former,0,0,1,32.97,0,125
44,female,4,4,4.92,former,0,0,1,20.92,0,118
80,female,3,2,0.8,former,0,0,0,23.14,1,10
51,female,4,2,0.62,current,0,0,0,31.56,0,115
73,male,4,4,5,former,0,0,0,26.39,0,128
55,male,3,3,5,never,0,0,0,29.86,0,122
46,female,3,4,2.95,never,90,0,1,24.63,0,129
45,female,3,2,1.32,current,80,0,0,36.29,0,127
65,female,3,3,4.12,never,80,0,1,24.07,0,129
75,male,5,1,1.01,never,135,0,0,20.21,1,63
48,female,3,4,3.43,never,600,1,0,20.23,0,124
42,female,1,2,0.34,current,0,0,0,26.02,0,114
67,male,3,4,2.75,former,600,1,0,28.83,0,124
40,female,3,NA,NA,never,0,0,0,22.86,0,122
65,female,2,4,1.11,never,0,0,0,25.84,0,113
53,male,4,3,0,current,0,0,1,27.68,0,130
63,female,1,4,0.82,never,60,0,0,24.81,0,110
64,female,3,5,5,never,225,1,0,30.16,1,89
48,female,5,4,NA,never,0,0,0,35.5,0,117
65,male,3,5,5,never,180,1,1,22.01,1,110
63,male,3,3,NA,former,0,0,1,26.27,0,128
57,female,1,4,2.54,never,0,0,0,29.86,0,117
54,male,3,5,5,former,135,0,1,27.38,0,129
56,female,3,4,3.88,never,1200,1,1,41.79,0,118
72,male,3,5,2.06,never,960,1,1,27.61,0,122
80,female,2,1,NA,never,0,0,0,27.55,0,120
43,female,3,3,1.09,never,100,0,0,22.04,0,118
76,male,3,2,3.23,never,0,0,0,26.26,0,115
43,female,1,4,NA,never,0,0,0,30.6,0,119
45,male,3,4,3.02,never,240,1,0,33.91,0,121
60,male,3,2,1.29,never,0,0,0,NA,1,38
43,male,2,4,0.28,current,0,0,0,34.73,0,128
76,male,3,3,2.47,current,0,0,0,24.62,0,116
43,male,3,5,4.43,never,1035,1,0,20.08,0,124
80,female,3,1,1.2,never,0,0,0,24.75,1,12
54,male,3,2,0.39,current,0,0,0,NA,0,133
80,male,3,4,0.96,never,0,0,1,28.1,1,101
80,female,1,NA,1.29,never,0,0,0,23.57,0,111
46,male,3,3,3.43,current,0,0,0,27.83,0,129
61,male,1,1,0.72,former,0,0,0,37.11,1,78
53,male,1,3,NA,former,0,0,0,26.63,0,112
50,female,5,4,NA,never,0,0,0,20.23,0,125
54,male,3,3,5,never,360,1,0,27.63,0,117
67,male,1,1,0.93,never,810,1,0,27.64,0,112
80,female,3,5,2.03,former,180,1,1,27.48,1,21
80,male,3,3,3.77,never,0,0,1,26.46,0,110
56,female,3,5,5,never,90,0,0,22.37,0,122
73,male,5,1,0.43,former,0,0,0,24.01,1,76
71,female,3,4,1.08,former,120,0,0,25.65,0,129
78,female,4,4,3.43,never,0,0,0,30.33,1,87
80,male,4,5,4.62,former,315,1,1,29.55,1,124
51,male,4,4,1.36,former,0,0,0,25.27,0,115
67,female,3,3,NA,former,0,0,0,39.98,0,121
69,female,3,4,5,never,280,1,1,25.06,0,105
52,female,4,3,2.27,never,0,0,0,81.25,1,13
75,female,3,2,NA,former,0,0,0,21.3,1,125
42,female,5,3,0.86,never,0,0,0,26.27,0,111
80,female,3,4,5,former,240,1,0,24.93,1,77
60,male,2,1,1.85,current,840,1,0,29.31,0,125
41,female,3,4,1.48,current,60,0,0,24.37,0,127
40,female,3,4,2.73,never,90,0,0,36.44,0,119
51,female,2,4,5,never,240,1,0,22.15,0,127
56,female,5,2,2.4,former,150,1,0,27.48,0,128
72,male,3,1,1.58,former,0,0,0,34.49,1,90
65,female,4,4,NA,former,360,1,0,24,0,111
59,female,3,4,5,current,0,0,0,22.01,0,123
54,male,4,3,0.74,current,480,1,0,28.71,0,118
80,female,3,3,1.85,never,0,0,0,25.76,0,129
57,male,4,4,4.26,former,200,1,0,35.43,0,115
45,male,4,1,2.73,current,960,1,1,24.85,0,125
69,male,3,4,NA,former,0,0,1,29.52,0,119
80,female,3,1,1.06,never,0,0,0,37.1,0,128
49,female,3,5,4.1,current,0,0,0,23.47,0,122
49,male,3,4,NA,former,240,1,0,34.44,0,122
69,female,3,1,1.11,former,0,0,0,28.81,0,131
62,male,3,5,5,never,240,1,0,26.66,0,118
67,male,3,3,1.47,current,0,0,1,28.08,1,52
46,female,4,4,5,never,0,0,0,37.45,0,110
54,female,3,4,0.28,former,0,0,0,33.94,0,114
61,female,3,4,4.25,never,360,1,0,37.79,0,116
59,male,1,1,2.09,never,0,0,0,30.01,0,111
75,female,4,3,0.79,never,0,0,0,34.4,0,117
47,female,2,1,0,never,0,0,0,26.33,0,125
55,male,1,1,1.66,current,780,1,0,30.38,0,112
80,female,3,2,1.17,former,0,0,0,38.33,1,64
78,male,3,4,1.99,former,120,0,1,NA,0,131
54,female,3,2,0,former,0,0,0,25.9,0,122
56,male,3,4,2.4,never,10,0,0,37.19,0,128
78,female,3,3,3.09,never,0,0,1,26.5,1,64
80,male,3,2,1.03,former,0,0,1,28.67,1,46
56,female,4,4,1.64,former,0,0,0,32.46,0,130
73,female,4,2,0.92,never,0,0,0,33.93,0,132
70,male,1,1,0.92,never,0,0,1,30.96,1,44
80,female,1,1,NA,never,0,0,0,27.92,1,68
42,female,1,4,1.97,current,1110,1,0,29.61,0,110
45,female,1,2,1.1,never,0,0,0,21.05,0,120
41,male,4,3,2.03,never,0,0,0,43.1,0,130
45,male,3,3,3.96,former,240,1,0,22.95,0,124
80,male,3,2,5,former,120,0,1,29.37,1,98
49,female,1,1,3.17,former,210,1,0,28.26,0,116
42,female,1,3,0.93,never,0,0,0,26.93,0,118
59,male,3,4,NA,current,0,0,0,24.75,0,131
71,male,4,3,1.16,former,0,0,0,23.68,0,118
44,female,3,3,5,never,0,0,0,28.85,0,123
65,female,3,4,3.5,former,240,1,0,35.06,0,128
63,male,3,2,2.2,former,0,0,1,30.76,0,128
80,female,3,5,3.32,former,0,0,1,26.52,1,124
64,male,4,3,NA,never,180,1,0,33.29,0,114
58,male,3,4,2.83,never,0,0,0,26.28,0,126
67,female,3,3,3.43,former,0,0,0,31.95,0,119
61,male,3,5,5,former,0,0,0,25.62,1,90
46,female,2,4,1.95,never,0,0,0,19.92,0,121
67,female,3,3,1.16,never,240,1,0,36.03,0,128
42,female,4,3,NA,current,0,0,0,25.02,0,120
47,female,3,3,0.81,current,150,1,0,28.09,0,121
68,male,4,4,4.12,current,0,0,0,38.88,0,118
80,male,3,5,5,never,390,1,1,23.16,1,65
42,male,1,1,0.47,former,480,1,0,33.7,0,119
78,female,3,5,4.12,former,420,1,0,20.95,0,109
60,female,3,5,NA,never,180,1,0,22.88,0,108
78,female,3,4,0.42,former,315,1,1,25.92,1,65
54,male,4,3,2.77,current,1665,1,0,22.5,0,117
75,female,4,4,NA,never,0,0,0,29.03,0,118
54,male,3,4,5,former,0,0,1,28.04,0,111
77,female,3,1,1.31,never,0,0,0,36.17,0,111
73,female,1,1,1.81,never,70,0,0,33.81,0,124
50,female,3,5,5,never,210,1,1,25.92,0,121
54,male,4,2,2.37,current,0,0,0,26.08,1,1
52,female,3,2,0.32,current,0,0,0,21.39,0,111
54,female,3,5,5,former,0,0,1,25.74,0,127
65,male,4,3,0.92,current,100,0,1,18.34,0,124
51,female,4,4,2.71,never,60,0,0,33.14,0,116
80,male,3,5,2.4,never,0,0,0,26.69,1,13
43,male,3,3,4.65,never,60,0,0,25.49,0,109
52,female,3,3,3.43,never,0,0,0,41.24,0,131
59,female,3,2,1.24,current,0,0,1,36.19,0,132
51,male,4,4,5,never,120,0,0,33.65,0,112
59,female,3,5,5,never,240,1,0,28.67,0,114
58,male,3,3,5,former,180,1,0,33.23,0,122
80,male,3,2,4.8,former,90,0,1,22.55,1,19
64,female,1,1,3.91,never,0,0,1,24.6,0,117
68,female,3,4,3.43,never,270,1,0,19.84,0,123
75,female,4,1,1.03,never,0,0,1,44.16,0,118
62,male,3,5,5,never,60,0,0,24.47,0,127
52,female,4,2,5,never,0,0,0,32.4,0,113
65,male,1,2,1.01,former,0,0,0,27.08,1,98
51,male,2,4,5,never,0,0,0,31.05,0,119
70,female,4,5,2.46,former,0,0,0,39.55,1,107
71,female,3,4,1.03,never,30,0,0,33.44,0,121
62,female,2,5,5,never,150,1,0,28.39,0,122
49,male,2,5,5,never,0,0,0,42.85,0,128
72,male,1,1,NA,former,840,1,1,27.74,0,108
78,male,3,5,5,former,135,0,0,23.46,0,119
69,female,1,5,2.75,former,0,0,0,45.9,0,119
59,male,2,4,NA,never,0,0,0,31.26,0,117
64,female,3,4,5,never,120,0,0,25.33,0,128
64,female,3,5,5,never,420,1,0,28.18,0,113
72,female,4,3,0.92,former,0,0,0,27.21,1,77
52,female,1,2,0.85,current,0,0,1,39.9,0,128
63,male,4,5,NA,never,1230,1,0,27.09,0,115
54,male,1,2,3.17,former,0,0,0,33.94,0,116
48,female,3,2,4.1,current,0,0,0,21.77,0,117
69,female,1,1,NA,never,0,0,NA,38.22,0,112
64,female,4,2,1.33,never,0,0,0,29.51,0,127
60,female,1,1,NA,never,0,0,0,35.8,0,112
75,male,4,2,3.43,never,225,1,0,27.79,0,127
52,male,1,2,1.46,never,30,0,0,31.62,0,111
60,female,2,4,NA,never,0,0,0,30.23,1,78
51,male,2,4,NA,former,90,0,0,23.87,0,110
50,female,3,4,0.65,never,0,0,0,35.5,0,120
70,male,4,3,1.57,former,0,0,0,27.8,0,114
78,male,3,4,2.61,former,0,0,1,32.57,1,29
66,female,3,2,1.51,current,0,0,0,36.75,1,79
61,female,1,2,1.09,never,0,0,0,29.07,0,112
64,female,4,2,1.35,current,0,0,1,31.77,0,110
48,female,2,5,4.54,never,0,0,0,33.66,0,117
67,female,3,3,1.25,never,0,0,1,39.67,0,127
72,female,4,3,1.11,current,480,1,0,22.89,1,49
44,female,3,1,1.77,current,0,0,0,25.97,1,33
61,male,2,5,4.64,former,30,0,1,33.01,0,111
48,female,3,3,NA,former,0,0,0,20.72,0,118
76,female,3,3,1.65,former,0,0,0,33.77,0,123
77,male,3,5,1.92,former,360,1,1,31.31,1,78
41,male,2,3,3.4,current,0,0,0,20.88,0,122
42,male,1,1,NA,never,360,1,0,26.6,0,111
61,male,3,3,2.18,never,0,0,0,29.09,0,114
80,female,1,3,2.62,never,0,0,0,27.38,0,111
42,female,1,1,1.32,never,180,1,0,26.99,0,120
43,male,1,3,0.33,current,240,1,0,29.71,0,116
71,female,1,5,NA,never,0,0,0,40.46,0,115
80,male,3,5,2.2,former,420,1,1,21.42,1,91
76,male,3,3,2.33,never,0,0,0,30.86,0,111
53,female,4,4,4.92,never,0,0,0,31.8,0,112
60,male,3,3,5,current,0,0,0,29.83,0,128
62,female,1,3,2.4,current,0,0,0,28.07,0,124
71,male,3,4,3.43,former,0,0,0,35.13,0,123
66,female,4,NA,0.92,never,30,0,0,35.75,1,88
77,female,4,1,5,current,0,0,0,33.7,0,110
61,male,3,1,1.6,current,0,0,0,27.34,0,132
80,female,3,3,1.63,never,50,0,0,24.94,1,94
80,male,4,4,2.17,former,0,0,0,31.05,1,49
64,male,1,1,1.81,current,140,0,0,23.94,0,124
77,female,4,2,0.23,current,0,0,0,30.85,1,42
67,male,1,2,1.09,current,0,0,0,29.16,1,36
44,female,3,5,3.4,never,0,0,0,28.51,0,114
58,female,1,4,5,former,270,1,0,35.48,0,108
80,male,3,5,5,former,0,0,1,27.94,1,60
44,male,1,1,1.44,never,0,0,0,28.3,0,123
56,male,3,5,5,former,490,1,0,28.04,0,124
67,male,3,3,4.16,former,0,0,0,33.66,0,112
46,female,4,4,4.32,never,360,1,0,35.74,0,131
51,male,4,2,5,current,0,0,0,34.8,0,113
70,female,2,2,NA,never,0,0,0,37.77,0,122
63,female,4,3,2.18,never,0,0,0,27.63,0,114
52,male,3,4,3.6,never,180,1,0,45.77,0,124
73,female,3,5,5,former,0,0,0,32.42,0,115
60,male,4,3,0.83,current,270,1,1,33.29,0,113
58,male,4,3,3.23,former,0,0,0,30.4,0,114
68,female,3,4,1.78,never,225,1,0,28.12,0,122
56,female,1,1,NA,current,0,0,0,32.49,0,125
65,male,1,1,2.06,never,0,0,0,23.22,0,111
53,female,3,3,4.8,former,30,0,0,23.6,0,115
47,female,3,3,4.12,never,0,0,0,22.31,0,120
42,male,3,3,1.2,never,0,0,0,45.17,0,130
71,female,3,5,2.27,never,0,0,1,31.35,0,124
73,male,3,2,4.12,never,0,0,0,28.22,0,121
62,female,1,1,5,former,0,0,0,34.48,0,118
67,female,3,4,5,never,0,0,0,19.05,1,39
80,male,3,5,3.09,never,630,1,0,23.95,1,65
67,female,4,4,1.11,former,690,1,0,31.93,0,122
53,male,4,5,5,never,0,0,0,34.16,0,129
74,male,1,5,3.39,former,900,1,0,28.26,1,103
74,female,3,3,1.51,former,0,0,1,30.75,1,65
52,male,3,5,5,never,210,1,0,21.17,0,123
64,female,3,4,3.43,never,0,0,0,38.92,0,111
80,female,3,5,4.8,former,60,0,1,30.81,0,118
51,female,2,3,3.63,current,0,0,0,28.93,0,127
71,male,4,4,5,former,180,1,0,29.3,0,113
80,female,3,1,NA,former,0,0,0,34.8,1,22
51,male,2,NA,NA,former,0,0,NA,25.38,0,122
61,male,5,4,0.76,never,0,0,0,22.03,0,129
42,female,4,2,0.78,never,0,0,0,33.88,0,129
80,male,3,4,1.94,former,0,0,1,26.22,1,65
65,male,3,5,5,former,0,0,0,35.03,0,111
76,female,3,5,1.44,never,0,0,0,31.92,0,110
67,male,3,4,5,never,360,1,0,30.39,0,128
44,female,1,1,1.45,former,0,0,0,36.38,0,112
67,male,3,2,1.1,former,0,0,1,23.14,0,130
41,female,3,3,1.15,current,0,0,0,33.26,0,122
80,female,1,1,0.78,former,0,0,0,33.89,0,120
72,female,1,2,0.74,current,0,0,0,25.92,0,110
45,male,3,5,4.23,never,480,1,0,26.05,0,131
67,female,3,4,1.92,never,120,0,0,29.1,0,127
79,male,5,4,2.06,former,60,0,1,21.21,1,14
80,female,3,3,1.94,never,0,0,1,31.37,1,65
77,female,3,5,3,never,0,0,1,33.41,1,60
53,female,4,3,3.23,never,0,0,0,28.15,0,127
47,male,1,1,1.36,never,180,1,0,27.89,0,116
80,female,3,4,2.95,never,0,0,1,35.24,1,63
73,male,1,1,1.24,former,360,1,0,32.29,0,125
50,female,3,4,3.63,never,0,0,0,33.21,0,130
46,male,4,4,3.55,never,100,0,0,56.43,0,129
70,female,1,1,0.92,never,0,0,0,30.3,0,114
80,female,3,3,NA,never,240,1,0,30.01,0,130
40,male,3,5,5,former,180,1,0,27.68,0,124
70,female,3,2,1.85,former,0,0,1,31.16,0,118
55,male,3,4,2.47,former,0,0,0,30.41,0,120
68,male,3,5,NA,former,0,0,1,19.49,0,113
75,male,3,1,0.81,current,0,0,0,21.12,1,88
49,male,4,5,3.69,never,0,0,0,39.19,0,130
79,female,1,3,NA,never,0,0,0,NA,0,128
50,male,1,1,1.85,never,420,1,0,26.36,0,123
51,female,3,5,1.72,current,0,0,0,26.79,0,116
69,male,1,4,5,former,0,0,0,29.11,0,116
68,male,3,3,0.96,current,210,1,1,28.59,1,81
73,male,4,3,1.81,former,0,0,0,24.05,1,76
44,female,4,3,2.18,current,0,0,0,31.21,0,114
48,female,5,5,5,never,0,0,0,29.91,0,118
48,male,4,4,5,current,840,1,0,32.37,0,118
43,female,4,3,3.55,never,0,0,0,52.03,0,130
50,female,3,3,1.64,former,210,1,0,28.61,0,129
61,female,1,3,NA,never,120,0,0,34.19,0,123
51,male,4,5,2.22,former,0,0,1,26.27,1,27
64,male,1,1,NA,current,0,0,0,27.06,0,126
40,female,1,4,1.91,never,0,0,0,52.58,0,124
71,male,3,4,2.4,former,0,0,1,38.73,1,51
80,female,3,4,5,former,0,0,0,24.14,0,110
40,female,5,5,1.35,never,0,0,0,22.35,0,119
80,male,3,5,1.2,former,0,0,1,NA,1,35
70,male,3,5,5,former,360,1,0,34.25,0,130
72,female,3,4,4.92,never,0,0,0,25.73,0,125
73,female,3,3,1.85,never,0,0,0,37.99,0,129
68,male,4,3,3.36,former,180,1,1,31.83,0,119
41,male,1,3,0.68,former,720,1,0,37.22,0,116
58,male,2,2,NA,former,0,0,0,36.61,0,127
44,female,3,5,5,never,180,1,0,38.84,0,118
73,female,3,4,1.85,never,0,0,0,30.71,0,119
80,female,3,5,5,former,90,0,1,20.68,0,119
61,male,3,1,1.06,current,1200,1,1,18.82,1,80
80,male,3,4,3.6,former,720,1,0,27,1,80
67,male,1,1,0.62,current,0,0,0,31.54,0,118
80,female,3,4,2.22,never,0,0,0,23.6,1,9
42,male,3,5,5,never,210,1,0,25.41,0,110
52,female,3,5,5,never,120,0,0,18.08,0,127
53,male,1,1,1.41,current,20,0,0,33.04,0,115
49,female,1,1,1.93,never,100,0,0,25.15,0,108
46,male,4,4,NA,former,60,0,0,24.98,0,127
46,male,2,1,1.72,former,180,1,0,31.59,0,127
68,male,2,4,4.12,former,420,1,0,29.09,0,114
80,female,3,3,1.65,former,0,0,1,28.04,1,68
73,female,3,3,2.64,former,0,0,0,22.2,0,119
51,male,4,2,0.28,current,180,1,0,21.24,0,128
80,male,3,4,4.26,never,180,1,0,22.35,0,109
65,female,3,5,5,never,120,0,0,25.88,0,123
44,female,1,4,1.36,never,0,0,0,24.13,0,118
65,male,2,5,5,current,0,0,0,24.86,1,108
55,female,3,4,5,never,330,1,1,30.78,0,110
48,female,1,4,5,current,0,0,0,36.73,0,118
77,male,3,3,1.2,former,180,1,1,28.42,0,117
66,male,3,5,NA,never,180,1,1,26.19,0,123
46,male,3,4,1.31,never,0,0,0,39.96,0,130
60,female,1,4,5,current,0,0,0,37.53,0,110
56,female,3,5,1.1,never,0,0,0,39.36,0,128
78,male,3,3,5,former,0,0,0,42.69,1,55
53,female,3,5,5,never,300,1,0,21.95,0,118
42,male,3,3,NA,current,0,0,0,24.56,0,124
45,female,3,3,5,current,420,1,0,NA,0,120
59,female,3,5,2.89,never,0,0,0,32.35,0,128
74,male,3,2,1.68,former,0,0,1,28.38,1,42
66,male,4,5,2.95,former,0,0,1,25.98,0,130
41,male,4,4,2.68,current,240,1,0,39.87,1,27
69,male,3,5,5,never,240,1,0,26.71,0,117
55,female,5,4,5,former,0,0,0,25.46,0,118
72,female,3,3,5,never,0,0,0,37.34,0,118
80,female,4,1,0.7,never,0,0,0,24.06,1,77
44,female,3,4,4.37,never,0,0,0,40.68,0,129
53,female,4,4,1.65,former,0,0,0,28.82,0,131
63,female,3,3,1.94,never,0,0,1,44.96,0,132
52,female,3,2,0.05,current,0,0,0,33.52,0,125
56,female,1,1,NA,never,0,0,0,43.5,0,120
73,female,3,5,5,never,0,0,1,37.59,0,118
57,female,3,5,5,never,210,1,0,23.94,0,119
78,male,4,2,1.51,former,0,0,0,NA,1,15
75,male,3,2,2.75,never,0,0,0,35.71,1,37
66,male,3,5,5,former,1440,1,0,32.14,0,119
47,female,3,3,5,current,105,0,1,37.06,0,111
55,female,5,4,1.1,never,360,1,0,23.34,0,111
42,female,1,2,0.49,never,0,0,0,26.5,0,111
66,male,1,1,0.75,never,0,0,1,26.97,0,113
63,male,4,4,1.57,former,0,0,0,28.67,0,130
64,male,4,5,1.92,never,600,1,0,25.96,0,122
52,male,3,4,3.63,former,0,0,0,52.65,0,130
53,female,2,1,1.47,never,0,0,0,27.17,0,111
43,male,3,5,4.37,never,240,1,0,28.38,0,123
59,female,4,2,1.5,former,0,0,1,24.22,0,115
65,female,4,4,4.12,former,90,0,0,38.37,0,113
80,female,1,3,NA,never,0,0,1,30.34,1,54
53,male,3,3,5,former,360,1,1,26.04,0,127
43,male,3,3,3.74,never,240,1,1,27.69,0,126
55,male,3,4,0.09,current,0,0,0,22.57,0,117
49,female,2,4,4.12,never,50,0,0,26.32,0,132
51,female,4,3,3.84,former,0,0,0,34.2,1,64
80,female,3,4,1.25,former,0,0,1,29.67,1,50
73,male,3,4,2.73,former,0,0,0,24.04,1,42
65,female,4,4,2.17,never,0,0,0,29.85,0,120
42,female,3,4,5,never,840,1,0,18.92,0,123
68,female,3,3,0.91,never,40,0,1,23.98,0,118
55,male,4,4,5,never,0,0,0,36.38,0,113
80,male,3,3,NA,former,60,0,1,29.51,1,42
50,female,3,3,NA,never,0,0,1,38.06,0,120
62,male,5,4,5,former,360,1,0,26.31,0,117
66,female,4,5,5,former,0,0,0,27.12,0,113
80,male,3,2,2.4,former,0,0,1,25.47,1,42
71,female,1,1,0.97,former,0,0,0,36.88,0,108
68,female,2,1,4.12,former,30,0,1,32.24,0,115
47,female,5,1,NA,never,0,0,0,24.14,0,130
59,male,3,5,5,never,480,1,0,28.23,0,123
77,female,2,1,NA,never,0,0,0,29.29,1,124
80,male,3,3,3.43,former,420,1,1,31.16,1,38
53,female,4,4,2.43,never,0,0,0,41.4,0,118
54,male,1,3,NA,never,0,0,0,28.85,0,112
44,female,1,1,0.51,current,0,0,0,52.86,0,120
68,female,3,3,2.4,current,0,0,0,31.04,1,105
80,female,5,4,NA,never,0,0,0,25.1,1,55
45,male,1,2,1.05,never,60,0,0,34.34,0,110
55,female,5,4,5,never,1260,1,0,25.79,0,110
47,female,1,3,0.47,never,0,0,0,28.72,0,118
80,male,3,4,1.68,former,0,0,0,24.18,1,95
66,female,2,3,NA,never,0,0,0,28.19,0,122
63,female,2,4,5,never,300,1,0,36.82,0,124
67,female,4,4,1.24,former,160,1,1,30.27,0,122
72,male,3,4,1.39,former,210,1,0,23.23,1,89
51,male,1,1,1.5,former,0,0,0,30.43,0,116
53,female,2,5,NA,never,300,1,0,24.54,0,110
60,male,4,5,1.25,current,0,0,0,27.71,0,131
74,male,3,4,NA,former,0,0,1,39.21,0,130
40,female,1,5,5,never,180,1,0,38.38,0,116
66,female,3,5,5,never,0,0,1,29.85,0,115
60,male,5,2,2.4,current,0,0,1,24.17,0,117
57,male,3,3,NA,former,0,0,0,27.92,0,110
43,female,3,4,0.76,current,0,0,0,36.85,0,127
44,female,3,3,NA,never,120,0,0,28.32,0,122
72,male,5,5,0.92,former,0,0,0,27.78,1,22
70,female,3,3,2.75,former,225,1,1,24.86,0,130
57,female,1,4,4.32,current,0,0,0,27.08,0,108
80,male,3,5,5,never,0,0,1,27.9,1,77
80,male,5,5,1.3,never,0,0,0,21.91,1,23
45,male,1,2,1.44,never,0,0,0,28.1,0,123
71,female,3,2,3.23,never,0,0,0,48.2,0,115
67,male,2,3,0.98,former,0,0,0,39.3,0,127
58,female,1,1,0.39,never,0,0,0,32.85,1,101
56,male,1,1,1.94,former,0,0,0,27.43,0,116
60,female,3,3,2.75,former,0,0,1,37.57,1,19
62,female,1,4,2.08,never,0,0,0,29.33,0,108
65,male,4,2,1.99,current,0,0,1,40.12,0,131
67,female,2,5,5,never,300,1,0,21.5,0,118
44,female,4,5,1.36,never,0,0,0,21.29,0,115
79,female,3,3,1.66,never,90,0,0,30.19,0,131
71,male,3,4,1.72,former,0,0,0,30.79,1,90
52,female,3,5,1.85,never,720,1,1,29.55,0,121
74,male,5,2,1.01,never,840,1,1,25.21,0,109
74,male,4,1,0.62,current,0,0,1,23.54,1,21
51,male,3,4,3.91,never,0,0,0,37.36,0,129
41,female,1,1,0.16,never,0,0,0,33.28,0,119
80,female,3,1,0.83,never,0,0,0,28.07,0,130
52,female,3,2,0.91,current,0,0,1,41.75,0,110
77,female,3,4,2.26,never,0,0,1,23.3,0,120
53,male,4,1,NA,current,0,0,1,23.35,0,131
80,male,3,4,1.37,former,0,0,0,36.15,1,90
48,female,3,2,0.73,current,0,0,0,31.21,0,129
54,female,4,3,0.61,current,0,0,0,31.88,0,130
60,male,2,3,3.88,never,105,0,0,29.66,0,122
52,male,3,5,2.49,never,0,0,1,36.99,0,122
46,female,3,3,5,current,225,1,0,19.78,0,117
56,male,3,4,0.88,former,0,0,0,26.41,1,38
74,male,3,3,1.75,former,0,0,0,35.29,1,37
57,female,1,2,1.01,former,0,0,0,50.94,0,113
55,female,3,3,2.71,current,0,0,0,27.04,0,113
44,female,2,3,1.66,never,0,0,0,28.16,0,115
46,male,3,5,1.63,never,555,1,0,29.1,0,126
45,male,2,1,1.35,never,0,0,0,27.56,0,113
61,female,1,1,0.45,never,0,0,0,25.09,0,112
80,male,3,5,4.98,former,0,0,1,33.3,0,130
41,male,3,5,5,never,240,1,1,22.3,0,116
68,male,3,2,1.29,current,0,0,0,18.41,0,130
61,male,4,5,3.09,former,45,0,0,44.92,0,118
77,female,3,3,5,never,420,1,0,22.51,0,127
68,female,3,4,5,former,0,0,1,25.13,1,113
80,male,3,4,NA,never,420,1,1,25.18,0,124
59,male,3,5,1.38,never,0,0,0,23.32,0,124
72,male,3,5,4.12,former,450,1,0,28.5,1,90
77,male,3,3,2.75,former,0,0,0,31.44,0,115
47,male,3,3,1.18,former,0,0,0,29.03,0,123
40,female,3,3,2.36,never,0,0,0,20.46,0,131
43,male,3,3,2.36,former,50,0,0,26.56,0,131
43,female,4,2,1.37,never,0,0,0,24.1,0,122
54,male,3,4,5,never,225,1,1,28.79,0,111
79,male,2,1,NA,current,0,0,0,25.02,1,49
53,female,3,2,0.82,current,0,0,1,26.71,0,122
80,male,3,3,2.47,former,0,0,1,27.21,1,54
62,female,4,4,5,never,60,0,0,30,0,115
70,female,3,5,5,former,240,1,1,26.05,0,117
53,male,3,5,5,former,630,1,0,27.12,0,123
80,male,3,1,0.83,former,120,0,1,27.54,1,118
42,male,3,3,2.88,never,80,0,0,25.36,0,115
70,female,3,2,1.72,former,0,0,0,33.26,0,131
59,female,3,2,0.55,current,0,0,1,31.18,1,51
46,male,5,5,4.54,never,140,0,0,24.42,0,122
51,male,4,3,5,former,0,0,1,34.11,0,130
75,female,1,1,1.03,former,0,0,0,21.07,1,89
80,female,1,1,NA,never,0,0,0,22.37,0,111
68,male,2,2,2.43,current,0,0,0,30.98,0,124
55,female,3,5,3.23,never,420,1,0,29.1,1,72
47,female,3,2,0.96,current,0,0,0,18.63,0,132
68,male,3,4,0.91,current,0,0,0,23.25,1,100
41,female,3,4,NA,never,0,0,0,25.96,0,113
49,female,2,1,NA,never,0,0,0,22.92,0,121
50,female,3,3,3.71,current,0,0,0,26.44,1,111
46,female,1,2,1.35,current,0,0,1,33.16,0,111
59,female,2,2,0.69,current,0,0,0,22.23,0,114
80,male,3,5,3.43,former,0,0,NA,29.07,1,119
41,female,4,3,NA,current,240,1,0,29.9,0,112
66,male,3,2,5,current,0,0,0,27.71,0,110
71,male,3,3,1.33,never,70,0,1,23.86,1,91
47,male,3,5,5,former,180,1,0,NA,0,125
44,female,3,3,4.08,never,0,0,0,45.65,0,110
77,female,3,4,5,former,90,0,1,19.15,1,107
59,female,4,3,4.62,never,0,0,0,30.06,0,125
44,male,3,5,5,never,750,1,0,29.68,0,123
80,female,3,2,2.03,former,0,0,0,27.55,1,67
70,male,3,3,1.92,former,90,0,1,30.08,1,88
48,male,3,3,1.2,former,0,0,0,42.81,0,129
54,female,4,3,2.51,never,120,0,0,34.31,0,127
41,male,3,3,4.08,former,0,0,0,31.56,0,130
59,female,2,3,4.74,never,0,0,0,35.97,0,125
63,male,4,4,1.94,current,0,0,0,34.64,0,118
62,female,3,5,5,former,0,0,0,32.68,0,129
44,female,3,4,4.16,never,120,0,0,34.84,0,127
57,female,4,2,2.49,current,0,0,1,23.81,1,56
62,female,3,5,1.94,never,300,1,0,22.65,0,129
73,female,2,1,3.65,never,40,0,0,41.23,0,126
51,male,3,3,3.98,former,0,0,0,26.94,0,121
42,male,4,2,0.27,current,0,0,0,21.86,0,114
56,male,3,4,5,never,180,1,0,30.93,0,124
40,male,1,2,0.91,current,0,0,0,26.35,0,112
40,female,3,2,1.27,current,240,1,0,21.1,0,130
55,male,3,3,5,former,0,0,0,31.51,0,122
50,male,5,5,NA,never,0,0,0,23.3,0,117
66,female,3,4,5,former,0,0,0,40.81,0,115
49,female,1,5,0.66,never,315,1,0,34.52,0,124
43,female,3,5,5,never,540,1,0,19.32,0,122
50,male,3,3,3.51,never,540,1,0,30.9,0,121
49,male,3,4,1.62,never,30,0,0,42.89,0,129
54,male,1,3,1.4,current,0,0,NA,28.67,0,121
56,female,4,3,0.18,former,20,0,0,33.9,0,114
51,female,2,3,1.86,never,60,0,0,22.1,0,109
40,male,3,5,4.54,never,90,0,0,39.16,0,108
49,female,4,3,1.64,never,0,0,0,25.34,0,114
59,male,3,4,5,former,0,0,1,29.92,1,7
43,female,3,3,4.42,current,180,1,0,22.35,0,131
74,male,3,4,1.86,former,315,1,1,24.29,1,12
46,male,3,4,1.81,former,0,0,0,19.78,1,44
80,female,3,1,1.48,never,420,1,0,31.5,0,117
75,male,3,5,3.09,former,1200,1,0,30.27,0,129
60,male,4,2,1.39,current,0,0,1,48.79,1,43
56,female,3,3,0.97,never,300,1,0,30.74,1,83
77,male,3,1,1.37,current,0,0,0,22.39,0,127
43,female,3,5,1.78,never,110,0,0,21.78,0,115
80,male,3,2,2.47,never,0,0,1,23.56,1,69
75,male,4,4,5,former,20,0,1,27.2,1,43
72,male,3,3,2.06,never,120,0,0,27.66,0,115
49,male,4,4,3.29,never,0,0,1,32.72,0,130
73,male,3,2,1.78,former,0,0,1,24.98,0,122
43,female,4,4,1.35,never,0,0,0,42.08,0,112
63,female,3,5,2.95,never,0,0,0,26.01,0,128
46,female,3,5,0.69,current,0,0,0,31.09,0,122
45,male,3,3,NA,current,0,0,0,29.3,0,120
80,male,3,2,5,never,0,0,1,20.93,1,24
79,female,3,5,3.51,former,210,1,0,27.2,0,128
67,female,3,3,1.29,never,420,1,0,26.52,0,130
80,male,3,5,5,former,0,0,0,26.18,0,121
48,female,4,2,1.14,never,0,0,0,31.05,0,128
41,male,3,4,4.63,never,0,0,0,27.68,0,116
40,male,1,2,1.1,former,0,0,0,26.39,0,121
62,male,4,4,5,former,0,0,0,42.46,0,115
53,male,3,4,3.88,never,0,0,0,37.46,0,132
71,female,2,3,2.09,former,0,0,0,24.54,0,127
63,female,3,4,0.83,current,0,0,0,24.97,0,124
45,male,3,1,0,current,0,0,1,28.53,0,130
67,female,1,2,1.11,former,0,0,1,26.59,0,108
74,male,1,3,4.99,former,0,0,1,25.73,1,27
65,male,4,4,1,former,0,0,1,25.89,0,114
77,female,4,4,1.66,former,0,0,1,33.75,1,38
54,female,3,5,5,former,120,0,0,27.29,0,120
40,male,5,4,1.62,never,150,1,0,23.81,0,131
58,male,1,2,3.23,current,120,0,0,25.69,1,48
80,female,3,1,2.77,never,0,0,0,31.65,0,128
40,female,3,3,1.09,never,180,1,0,22.71,0,122
45,female,1,3,NA,current,0,0,0,17.67,0,108
51,male,3,4,4.54,former,0,0,0,27.9,0,118
50,male,4,5,NA,never,270,1,0,23.69,0,118
52,female,4,4,0.05,current,90,0,0,30.09,1,53
63,female,1,4,2.4,never,0,0,0,35.78,0,112
67,female,4,5,5,never,0,0,0,37.23,0,109
55,male,3,5,5,current,210,1,0,22.42,0,114
42,male,1,1,0.49,never,360,1,0,26.71,0,111
65,female,1,1,0.2,never,0,0,1,27,0,121
58,male,2,1,0.97,never,0,0,0,28.75,0,112
51,female,1,2,1.05,never,480,1,0,29.74,0,132
70,female,1,4,2.29,never,420,1,0,23.17,0,110
63,female,4,4,4.08,never,0,0,0,28.94,0,122
42,male,1,4,0.78,never,120,0,0,31.46,0,129
61,male,4,3,2.27,never,0,0,0,46.26,0,122
74,female,3,4,2.77,never,0,0,0,29.77,1,98
61,male,4,4,NA,never,0,0,0,24.55,0,114
79,female,4,2,1.11,never,60,0,0,23.48,0,123
59,female,3,2,0.76,never,240,1,1,45.96,0,115
54,female,2,3,NA,current,0,0,0,58.03,0,109
79,male,3,4,4.23,never,120,0,1,38.16,0,124
79,female,3,4,5,never,0,0,1,24.82,1,45
65,male,3,5,3.09,never,0,0,0,33.37,0,130
60,male,1,3,2.26,never,0,0,0,32.51,0,115
40,female,2,4,0.78,never,0,0,0,20.2,0,127
75,male,3,2,1.24,former,0,0,1,28.26,1,107
60,male,3,5,0.86,current,0,0,0,NA,1,6
59,male,3,4,0.74,former,0,0,0,34.38,1,109
44,male,1,3,NA,never,60,0,0,39.66,0,125
60,female,3,5,3.14,former,0,0,1,36.75,0,124
49,female,4,5,4.06,never,180,1,0,31.2,0,121
73,female,3,3,2.81,never,0,0,0,28.11,0,126
41,female,3,2,5,current,0,0,0,37.38,0,124
40,female,2,3,1.45,never,0,0,0,32.23,0,126
51,male,3,3,0.75,current,210,1,0,45.91,1,110
49,male,1,5,5,never,150,1,0,29.87,0,108
79,female,3,4,0.05,former,0,0,1,36.21,1,105
46,female,2,3,1.27,never,75,0,0,36.1,0,114
63,male,3,4,4.16,never,0,0,0,36.22,0,129
58,female,1,2,0.66,current,0,0,0,21.58,0,114
52,female,3,5,5,never,660,1,0,17.81,0,123
80,male,3,4,4.8,former,0,0,0,29.46,1,75
56,female,3,5,1.37,never,0,0,0,39.16,0,131
75,male,3,5,5,former,420,1,1,25.36,1,82
47,male,3,5,5,never,90,0,0,31.49,0,117
68,female,1,3,1.81,never,150,1,0,33.64,0,111
44,male,3,5,3.63,former,600,1,0,26.01,0,118
80,male,3,4,3.88,current,0,0,0,19.95,1,10
64,male,4,5,5,never,135,0,0,22.09,0,121
63,female,3,4,0.91,never,0,0,0,41.08,0,117
80,male,3,5,3.43,former,180,1,1,26.18,0,109
62,male,2,3,3.71,current,90,0,1,30.59,0,125
44,female,4,4,2.73,current,90,0,0,29.47,0,110
80,male,3,4,3.91,never,120,0,0,24.65,1,93
66,female,3,1,0.96,never,0,0,0,34.19,0,114
74,female,5,1,1.01,never,420,1,0,28.08,0,109
43,female,3,2,0,current,60,0,0,27.59,0,119
77,male,3,5,2.4,never,10,0,1,23.03,1,74
56,female,5,1,0.25,never,420,1,0,24.79,0,129
40,male,2,1,0.63,never,0,0,0,28.76,0,108
80,male,3,5,3.43,former,360,1,1,27.95,0,125
70,female,4,4,3.43,former,0,0,0,63.89,0,110
71,female,1,1,1.1,never,0,0,1,28.68,0,119
40,male,1,3,0.68,former,0,0,0,27.62,0,109
51,female,2,4,4.08,former,270,1,0,28.17,0,119
80,female,3,4,3.6,former,0,0,0,33.02,1,74
42,female,1,2,1.32,never,0,0,0,29.67,0,111
80,male,3,5,3.28,never,300,1,1,23.06,1,50
54,female,3,3,0.97,never,0,0,0,28.95,0,130
50,male,3,4,2.46,current,480,1,0,29.46,0,114
56,female,3,3,2.47,former,0,0,0,24.86,0,121
48,female,3,4,NA,never,210,1,1,NA,0,111
72,male,3,2,0.54,former,0,0,0,29.88,1,23
41,female,3,5,3.96,never,0,0,0,23.63,0,124
77,male,3,1,1.03,current,0,0,1,34.88,1,73
50,female,4,4,5,never,0,0,0,42.76,0,117
46,female,2,4,1.36,never,30,0,0,28,0,122
78,male,3,4,3.09,former,0,0,1,30.15,1,41
68,female,3,4,5,never,0,0,0,45.57,0,123
52,male,3,3,0.71,current,0,0,0,23.2,0,110
66,male,3,2,3.6,former,100,0,0,27.37,0,125
43,male,4,3,1.19,current,0,0,0,18.37,0,119
73,female,3,3,1.65,never,0,0,0,34.79,0,127
68,female,4,2,0.99,former,0,0,0,35.02,1,89
80,male,3,2,1.92,former,0,0,1,27.81,0,122
54,female,4,3,2.46,current,0,0,0,25.55,0,110
75,female,3,4,5,never,0,0,1,24.9,0,111
60,male,3,4,5,never,60,0,0,22.47,0,132
40,male,1,4,1.8,never,180,1,0,30.05,0,108
72,female,4,4,0.97,never,90,0,1,25.51,1,21
57,male,1,3,0.74,current,0,0,0,20.87,0,120
80,male,3,5,2.06,former,0,0,1,NA,1,32
58,female,1,4,0.92,never,0,0,0,30,0,116
61,male,4,1,2.06,former,30,0,0,18.97,0,130
80,female,3,2,1.3,former,0,0,0,21.37,1,105
73,male,3,1,0.41,former,0,0,1,41.27,0,128
63,male,4,4,1.85,former,0,0,0,34.99,0,122
74,male,3,2,1.11,former,0,0,1,NA,1,5
48,male,2,1,0.88,never,0,0,1,30.02,0,128
59,male,3,3,NA,former,0,0,0,30.81,1,121
41,male,3,3,1.24,current,105,0,0,27.09,0,131
47,female,4,4,2.33,never,0,0,0,26.14,0,120
52,female,4,5,NA,current,0,0,0,33.71,0,124
51,female,2,4,0.49,never,120,0,0,39.42,0,113
50,male,5,2,0.86,former,40,0,0,24.99,0,111
41,female,3,5,5,never,120,0,0,29.86,0,122
68,male,2,2,3.82,former,120,0,0,28.2,0,127
45,male,2,1,0.6,current,1680,1,0,28.9,0,122
61,female,1,1,1.29,never,180,1,0,27.11,0,124
62,female,3,4,0.89,former,0,0,0,44.72,0,122
71,male,4,4,2.92,current,0,0,0,27.61,0,119
40,male,1,1,NA,never,0,0,0,29.51,0,119
63,female,3,4,5,never,840,1,0,31.23,0,117
60,female,4,4,1.81,former,0,0,0,40.02,0,122
59,female,1,1,NA,never,120,0,0,28.45,0,112
79,male,1,4,5,former,720,1,1,29.86,0,108
80,female,3,2,0.83,former,0,0,0,25.88,1,92
80,female,3,5,3.88,never,0,0,1,25.42,1,127
46,female,3,1,0.86,current,0,0,0,22.51,0,131
49,female,4,4,4.62,never,360,1,0,34.26,0,114
80,male,3,5,4.37,never,105,0,1,20.01,0,112
50,female,3,3,2.86,current,0,0,0,28.82,0,111
62,female,4,4,2.71,never,0,0,0,31.02,0,128
40,male,3,3,2.86,current,0,0,0,26.95,0,124
67,male,4,4,1.24,former,240,1,0,29.97,0,114
47,female,4,2,0.73,current,0,0,0,33.11,0,131
43,female,3,2,3.43,current,0,0,0,20.4,0,129
46,female,3,3,3.17,former,0,0,0,38.05,0,124
40,male,3,3,4.08,current,60,0,0,26.93,0,128
52,male,2,4,4.16,former,0,0,0,29.69,0,126
49,male,1,2,NA,never,0,0,0,32.28,0,108
44,female,3,4,0.54,former,240,1,0,25.15,0,129
46,male,1,1,1.09,former,0,0,0,33.82,0,117
63,male,1,3,3.43,former,360,1,0,35.97,0,121
51,female,4,5,3.43,former,0,0,0,46.23,0,114
70,male,3,3,NA,former,0,0,0,29.45,1,119
73,female,3,4,1.75,never,0,0,1,29.51,0,129
43,male,3,2,NA,never,3360,1,0,29.44,0,109
47,female,4,2,0.96,current,0,0,1,43.48,0,112
49,female,3,5,5,never,820,1,0,29.18,0,109
42,male,2,2,2.18,current,0,0,0,32.1,0,110
62,male,3,4,2.25,never,60,0,0,25.65,0,119
80,male,3,3,0.96,former,0,0,1,21.51,1,36
80,female,3,3,2.16,never,0,0,NA,32.21,0,124
72,female,3,4,3.32,never,60,0,0,25.62,1,106
80,male,3,3,1.57,former,0,0,1,26.38,0,130
71,female,3,5,4.63,never,620,1,0,29.64,0,124
47,female,2,4,1.64,never,0,0,0,25.67,0,114
53,male,4,4,NA,former,0,0,0,25.06,0,114
75,male,3,5,5,never,0,0,0,32.57,0,116
58,male,3,2,0,never,0,0,0,26.67,0,128
73,male,3,4,2.47,never,0,0,0,26.17,0,123
56,male,2,4,4.67,never,180,1,0,24.2,0,115
68,female,4,4,4.26,never,120,0,0,24.43,0,129
61,female,2,1,0.93,never,0,0,0,27.38,0,112
47,female,3,3,3.09,never,0,0,0,38.56,0,133
75,female,3,5,2.49,never,450,1,1,41.07,1,85
65,male,3,5,5,former,300,1,0,32,0,118
80,female,1,1,0.89,never,0,0,0,18.87,1,72
62,male,3,4,NA,current,0,0,0,23.6,1,61
47,female,3,5,5,never,600,1,0,NA,0,123
50,male,3,2,1.29,current,0,0,0,24.33,0,122
76,female,1,1,4.66,never,0,0,0,37,0,110
67,female,4,5,5,never,0,0,0,18.8,0,118
54,female,3,1,0.82,current,0,0,1,64.97,1,13
47,female,5,5,1.81,never,0,0,0,24.26,0,127
48,female,2,4,NA,current,0,0,0,39.06,0,112
48,female,3,4,5,never,240,1,0,23.88,0,129
43,female,5,4,1.09,current,0,0,0,40,0,129
43,female,4,4,4.31,former,660,1,0,47.06,1,75
55,male,3,3,5,former,90,0,0,30.56,0,123
67,male,4,3,5,never,0,0,0,30.08,0,111
71,male,3,3,2.75,former,300,1,0,NA,0,122
64,female,3,4,NA,former,0,0,1,41.17,0,128
71,female,3,4,5,never,0,0,1,31.64,1,106
58,male,1,1,0.54,current,0,0,0,28.9,0,115
64,male,3,4,2.73,current,0,0,0,NA,1,12
70,female,4,2,2.27,former,0,0,1,30.87,0,122
80,male,3,5,5,never,240,1,0,28.74,1,84
61,female,1,4,0.91,never,240,1,0,35.72,0,108
43,male,1,2,2.71,never,0,0,0,27.19,0,119
61,female,1,3,2.27,never,0,0,0,19.24,0,119
49,female,3,3,1.24,current,0,0,1,26.41,0,127
60,male,1,2,3.91,former,0,0,0,24.24,0,119
47,male,3,5,5,former,0,0,0,35.61,0,122
51,male,1,1,1.22,never,360,1,0,33.51,0,119
77,male,3,1,1.02,former,0,0,1,32.36,0,130
43,female,1,1,NA,never,0,0,0,27.35,0,109
59,male,3,3,4.8,never,0,0,0,25.51,0,129
73,female,3,2,1.57,former,0,0,0,22.02,0,130
60,male,3,5,5,former,285,1,0,21.96,0,133
80,female,1,1,2.08,never,0,0,0,24.54,1,76
51,male,1,3,2.62,former,0,0,0,30.57,0,119
80,male,3,3,1.39,former,270,1,0,26.5,1,38
62,male,2,5,5,former,105,0,0,36.62,0,126
68,male,4,5,NA,never,1620,1,0,23.04,1,95
40,female,3,3,0.55,current,0,0,0,54.27,0,121
46,female,3,5,1.28,never,180,1,0,29.01,0,120
80,male,3,5,4.62,never,0,0,0,28.27,1,9
60,female,3,1,2.2,former,90,0,0,24.07,0,117
80,female,3,4,3.32,never,720,1,1,26.88,0,118
40,female,4,3,0.65,never,0,0,0,19.95,0,126
60,female,1,NA,2.77,never,0,0,0,33.02,0,109
42,female,5,5,1.34,never,630,1,0,26.24,0,115
70,male,2,3,1.85,current,240,1,NA,33.38,1,78
52,female,3,3,1.09,former,0,0,0,24.81,0,120
43,female,5,1,NA,never,0,0,1,33.77,0,110
65,male,4,5,2.75,never,0,0,0,30.81,1,13
48,male,5,5,0.98,never,120,0,0,19.71,0,110
47,female,4,4,2.71,never,900,1,0,30.95,0,108
49,female,3,3,5,never,0,0,0,36.23,0,124
80,male,3,3,2.4,never,0,0,1,29.13,1,77
58,female,1,4,2.26,former,90,0,0,33.22,0,109
67,female,3,3,5,former,240,1,0,25.1,0,127
66,male,2,3,1.51,former,120,0,0,28.14,0,110
70,male,3,2,NA,current,0,0,1,37.59,1,83
77,female,3,3,NA,former,0,0,1,28.6,1,10
57,male,4,3,3.84,former,0,0,0,31.56,0,110
42,female,5,1,3.5,never,0,0,0,15.98,0,111
51,female,3,3,1.35,current,0,0,0,16.66,0,112
57,female,3,2,NA,former,210,1,0,29.73,1,49
43,female,4,2,2.73,current,540,1,0,36.54,0,112
57,male,4,2,2.06,never,0,0,0,32.32,0,127
56,female,3,4,4.94,never,0,0,0,41.81,0,130
57,male,3,5,5,never,210,1,0,25.58,0,115
80,male,3,4,2.06,former,0,0,0,NA,1,29
45,male,1,1,1.69,never,0,0,0,30.4,0,116
40,male,4,4,2.04,never,0,0,0,28.17,0,113
56,female,3,1,0.57,never,0,0,0,21.56,0,132
50,female,4,4,1.39,current,50,0,0,33.5,0,130
50,male,3,4,2.95,former,90,0,0,28.44,0,129
48,female,1,1,NA,never,60,0,0,27.27,0,109
64,male,3,3,5,never,60,0,1,25.09,0,128
43,male,3,3,1.09,current,60,0,0,34.85,0,120
80,female,4,2,0.89,never,0,0,1,27.57,1,47
50,male,2,4,NA,former,0,0,0,33.4,0,126
65,female,1,1,1.52,never,0,0,0,28.77,0,113
45,male,5,3,0.92,current,480,1,0,20.99,0,129
49,female,3,4,1.31,former,210,1,0,28.63,0,119
52,female,3,5,4.51,current,750,1,0,25.05,0,118
66,female,2,1,2.73,never,0,0,0,30.45,0,117
80,male,3,4,2.26,former,0,0,1,26.68,1,24
80,female,3,3,1.39,never,0,0,0,22.76,0,118
60,male,3,3,2.06,former,315,1,0,30.92,1,5
80,male,3,2,3.43,never,0,0,1,35.23,1,8
55,female,4,5,4.2,never,0,0,0,25.53,0,113
45,female,1,3,NA,never,405,1,0,28.83,0,112
62,female,4,4,4.05,former,0,0,0,40.09,0,119
47,male,1,1,4.32,never,0,0,0,35.32,0,108
54,female,1,1,0.54,never,0,0,0,28.86,0,116
61,male,3,1,1.72,current,0,0,1,29.49,0,113
44,female,5,2,0.41,never,0,0,0,26.03,1,81
45,female,3,5,1.16,never,400,1,0,38.92,0,106
67,female,3,1,1.39,current,60,0,1,17.53,0,110
46,male,1,4,1.03,current,0,0,0,38.71,0,108
76,male,3,3,2.75,former,0,0,1,32.15,1,15
65,female,3,2,5,former,135,0,0,27.62,0,108
52,male,1,1,3.43,current,0,0,0,25.99,0,114
64,female,4,4,5,current,0,0,0,33.68,0,121
52,female,4,4,1.02,current,105,0,0,27.17,0,127
47,female,1,1,2.27,never,0,0,0,31.12,0,109
52,male,1,4,1.25,never,0,0,0,24.59,1,129
80,male,3,5,2,former,0,0,0,25.31,0,121
40,male,3,3,1.31,current,0,0,0,28.76,0,122
52,female,3,5,0.96,former,0,0,0,42.84,0,125
46,female,3,2,2.63,current,0,0,0,41.54,0,117
53,male,4,4,5,never,240,1,0,34.99,0,120
61,female,5,1,2.38,never,840,1,0,28.05,0,114
42,female,1,3,2.18,current,0,0,0,36.3,0,110
67,female,1,2,1.23,never,0,0,1,24.96,1,30
47,male,3,5,3.8,never,120,0,0,32.62,0,124
71,female,2,1,0.89,former,0,0,0,34.24,0,118
47,female,3,3,5,current,0,0,0,23.48,0,123
51,female,5,5,3.97,never,0,0,1,24.75,0,114
63,male,1,1,2.08,never,0,0,0,27.69,0,114
51,male,2,4,3.99,never,720,1,1,35.34,0,127
45,female,4,4,0,never,0,0,0,30.94,0,116
47,female,3,4,NA,never,90,0,0,28.82,0,124
50,female,3,3,0.66,current,0,0,0,31,0,114
80,male,4,3,NA,never,120,0,1,23.88,1,55
43,female,3,4,1.66,current,0,0,0,15.98,0,113
47,female,1,1,1.32,never,0,0,0,32.43,0,115
44,female,1,1,1.19,never,125,0,0,30.38,1,56
71,male,3,3,1.24,former,0,0,1,32.85,1,35
41,female,1,2,0.91,never,0,0,0,32.67,0,112
41,female,3,4,5,former,0,0,0,27.75,0,121
72,female,3,4,5,never,0,0,0,65.19,1,95
68,female,3,4,NA,never,0,0,0,32.36,0,118
46,female,3,1,NA,never,240,1,0,32.25,0,110
54,female,2,1,NA,never,0,0,0,31.38,0,122
67,female,1,1,0.21,current,0,0,1,23.35,1,103
67,male,4,4,NA,current,0,0,0,36.94,1,23
65,male,4,2,2.37,never,0,0,0,22.77,0,129
46,female,3,4,5,never,0,0,0,31.58,0,122
43,male,4,3,2.27,former,630,1,0,43.29,0,122
52,female,3,2,5,former,0,0,0,27.05,0,118
50,female,3,1,1.47,former,0,0,0,30.98,0,129
51,male,3,3,3.28,current,0,0,0,26.16,0,130
45,male,3,4,3.55,never,0,0,0,33.36,0,108
63,male,3,4,1.03,never,200,1,0,58.18,1,130
51,female,1,1,NA,never,0,0,0,27.62,0,115
43,male,3,3,1.72,former,0,0,0,27.18,0,131
55,male,4,3,0,former,0,0,0,30.05,0,117
60,male,3,1,1.37,former,0,0,1,41.11,0,121
47,female,3,3,NA,current,0,0,0,18.41,0,121
61,male,4,5,5,former,105,0,0,29.53,0,111
68,female,1,5,2.22,never,420,1,0,27.77,0,110
41,female,1,3,0.78,never,120,0,0,35.15,0,128
61,female,3,3,5,never,360,1,0,27.31,0,133
68,male,3,1,2.13,never,0,0,1,45.72,0,110
59,female,3,3,3.71,former,90,0,0,32.52,0,124
47,male,2,2,2.18,never,0,0,0,56.21,0,129
49,male,5,4,1.81,never,0,0,0,22.28,0,114
53,female,3,3,3.82,former,240,1,0,36.19,0,118
50,male,3,4,3.43,current,0,0,1,33.17,0,124
47,male,1,3,3.5,never,0,0,0,41.63,0,115
61,male,3,5,5,never,60,0,0,25.06,0,110
80,male,3,5,2.4,former,360,1,1,24.79,0,112
66,female,1,1,NA,never,0,0,0,25.62,0,108
72,female,3,1,2.13,never,0,0,1,26.73,0,121
80,male,3,3,NA,never,0,0,0,22.11,1,17
73,male,4,4,0.51,former,0,0,0,24.78,0,128
67,female,3,1,1.37,current,0,0,1,21.67,0,128
58,male,3,4,1.29,former,0,0,0,22.89,0,125
72,female,4,4,1.47,current,30,0,0,22.29,0,128
66,female,3,4,5,never,0,0,1,37.58,0,114
41,male,1,4,2.31,never,0,0,0,34.81,0,118
44,female,3,4,4.67,never,420,1,0,21.15,0,116
80,male,3,4,3.55,former,180,1,1,30.57,1,29
64,female,3,4,2.8,never,0,0,0,40,0,121
75,male,3,1,1.58,former,0,0,1,31.8,0,118
72,female,5,5,0.91,never,0,0,1,18.34,0,111
70,male,1,1,1.2,former,15,0,0,34.32,0,119
69,male,1,1,0.78,current,0,0,0,NA,1,68
61,female,4,4,0.33,never,0,0,0,25.89,0,112
54,male,3,3,2.31,never,480,1,0,29.65,0,121
43,female,3,2,0.18,current,0,0,0,20.31,0,118
53,female,2,2,2.06,never,0,0,0,36.11,0,123
44,male,3,5,5,never,540,1,0,26.99,0,125
75,female,3,2,1.03,former,210,1,0,31.45,0,123
70,female,3,4,5,former,0,0,1,53.78,1,106
80,female,3,5,4.43,former,240,1,1,33.7,1,102
75,female,3,4,3.43,never,0,0,0,25.41,0,126
70,male,3,2,1.11,former,0,0,0,24.61,1,52
64,male,1,4,3,never,0,0,1,26.75,1,14
49,female,3,4,0.37,never,150,1,0,31.93,1,98
80,female,3,4,2.2,former,0,0,0,28.06,1,28
72,male,5,4,1.13,former,0,0,0,24.86,0,110
80,female,3,4,1.17,never,0,0,0,22.44,0,128
51,male,5,5,1.02,never,90,0,0,18.12,1,90
41,male,3,3,NA,current,0,0,0,40.01,0,124
68,male,1,1,0.12,former,0,0,0,25.71,0,120
41,female,3,5,2.33,former,0,0,0,22.96,0,122
59,male,3,3,3.43,never,0,0,1,33.67,0,119
64,female,2,4,1.51,never,225,1,0,22.51,0,110
45,female,2,3,1.2,never,210,1,0,20.15,0,120
54,male,3,4,5,current,0,0,0,27.32,0,124
72,male,4,2,1.02,former,0,0,0,30.32,0,114
41,male,4,3,1.37,current,1500,1,0,31.21,0,130
70,male,3,3,3.51,current,0,0,0,25.97,0,124
49,female,3,5,5,former,0,0,0,29.79,0,130
43,male,1,1,2.03,former,0,0,0,36.05,0,115
47,male,3,5,5,never,1140,1,0,27.37,0,124
62,female,1,4,1.24,former,0,0,1,43.2,0,125
45,female,3,3,0.95,current,0,0,0,19.65,0,123
60,female,3,2,5,current,0,0,0,31.4,0,121
79,male,4,1,2.25,never,0,0,1,21.39,1,88
79,male,3,1,5,former,120,0,1,28.44,0,129
41,male,1,2,5,never,240,1,0,26.8,0,110
48,male,3,2,1.12,never,0,0,0,43.76,0,122
51,female,4,3,1.53,current,0,0,0,40.4,1,64
66,female,1,2,NA,current,0,0,0,29.65,0,109
50,male,1,2,NA,current,0,0,0,30.83,0,120
62,male,3,4,2.95,current,150,1,0,31.69,0,118
78,female,3,3,1.11,never,210,1,1,23.55,1,90
41,female,3,5,5,never,135,0,0,28.13,0,118
56,male,1,3,0.84,current,0,0,0,21.01,0,119
65,male,3,5,5,never,0,0,0,24.5,0,121
67,male,3,4,5,former,0,0,1,35.77,0,126
62,male,1,3,1.48,current,315,1,1,43.3,0,119
51,female,3,5,3.43,former,0,0,0,19.68,0,119
78,female,3,2,1.37,former,0,0,1,25.57,0,122
70,male,3,3,3.09,current,0,0,0,33.34,0,130
40,male,3,3,3.63,never,375,1,0,29.41,0,130
49,female,3,5,4.92,never,0,0,0,26.63,0,112
66,female,3,5,3.69,never,0,0,0,26.64,0,119
80,female,1,1,0.74,never,0,0,0,29.89,1,59
63,female,1,2,0.41,former,0,0,0,30.94,0,119
71,female,3,5,5,never,180,1,1,20.74,0,112
75,male,3,1,1.11,former,0,0,1,36.8,1,107
43,female,1,1,0.31,former,150,1,0,28.53,0,124
64,male,3,5,1.59,former,0,0,1,32.23,1,102
65,female,2,1,0.75,former,0,0,0,32.83,1,24
40,female,1,4,0.84,never,0,0,0,30.9,0,109
80,male,4,3,4.46,never,0,0,0,23.62,0,127
54,male,3,4,5,former,0,0,1,27.81,0,119
72,male,5,4,3.43,former,0,0,0,22.72,0,110
43,female,3,2,5,never,0,0,0,30.35,0,121
65,female,3,2,5,never,180,1,0,27.32,0,128
70,male,3,1,1.22,current,0,0,0,28.54,0,130
54,male,4,1,0.68,never,1200,1,0,30.08,0,114
48,female,2,1,1.24,current,650,1,0,25.92,0,124
59,male,3,4,NA,never,0,0,0,29.72,0,124
41,male,3,4,5,former,990,1,0,28.9,0,118
60,male,3,5,1.28,never,2940,1,0,24.85,0,127
63,male,3,4,2.59,never,2040,1,0,33.2,0,112
77,male,3,5,2.27,never,360,1,0,32.69,1,109
63,female,1,1,1.03,former,0,0,0,28.1,0,113
63,female,3,3,1.12,former,0,0,0,37.46,0,119
66,male,5,5,1.12,never,0,0,1,NA,0,116
43,male,3,4,5,current,480,1,0,34.09,0,123
58,female,3,3,2.23,current,0,0,0,33.97,0,123
73,male,3,5,2.2,former,0,0,1,NA,1,42
65,female,2,2,NA,current,0,0,0,24.86,1,18
40,male,3,2,2.13,never,0,0,0,36.85,0,131
65,male,1,2,1.81,never,0,0,0,30.41,1,68
50,female,3,4,5,never,100,0,0,33.48,0,128
80,female,3,2,1.66,current,0,0,1,25.9,1,61
53,male,1,3,1.02,never,0,0,0,22.19,1,16
75,female,3,4,1.11,current,0,0,0,13.18,1,68
62,female,2,5,4.12,never,0,0,1,NA,1,107
80,male,3,5,4.12,never,30,0,0,22.46,1,55
45,male,1,2,0,never,0,0,0,35.01,0,125
63,female,3,2,1.63,former,0,0,0,37.82,0,131
58,male,3,2,1.11,current,0,0,0,26.58,0,113
80,male,3,4,NA,former,0,0,0,28.06,1,92
67,male,5,1,1.03,former,0,0,0,31.6,0,110
62,female,3,4,4.52,current,40,0,0,25.07,0,124
53,female,3,5,5,former,0,0,0,41.49,0,116
73,female,4,2,NA,never,0,0,0,27.78,1,70
73,male,1,2,NA,current,0,0,0,22.02,0,107
60,male,4,4,1.86,former,0,0,1,26.96,0,118
78,male,3,3,0.96,former,0,0,0,NA,1,9
73,male,3,5,3.98,never,60,0,1,20.34,0,123
64,male,4,2,1.94,never,150,1,0,32.09,0,109
61,male,3,4,3.09,former,0,0,1,21.06,0,133
77,female,3,4,5,current,270,1,1,26.94,0,120
46,male,4,2,1.16,current,0,0,0,49.37,0,125
44,female,3,4,3.4,never,60,0,0,34.07,0,119
57,female,2,5,3.98,never,60,0,0,23.05,0,126
55,female,3,4,3.88,current,0,0,0,38.55,0,116
40,male,1,5,2.04,former,30,0,0,27.93,0,106
62,female,4,2,0.41,current,0,0,1,28.01,0,123
47,female,2,4,1.94,former,90,0,0,21.97,0,128
46,female,1,1,0.44,never,0,0,0,31.42,0,118
66,female,3,4,1.51,former,120,0,0,NA,1,27
50,male,4,4,3.23,never,0,0,0,28.41,0,131
60,male,1,4,5,former,60,0,0,44.73,0,110
62,male,3,4,1.85,former,0,0,0,27.8,1,29
71,female,3,3,3.43,never,0,0,0,34.17,0,128
55,male,1,2,0.88,never,0,0,0,33.9,0,113
51,male,4,4,1.64,never,0,0,0,28.06,0,114
60,male,3,4,5,former,0,0,0,25.1,0,110
47,male,4,4,2.91,never,0,0,0,24.21,0,111
65,male,2,3,2.77,former,420,1,0,25.3,0,126
54,female,3,2,5,former,0,0,1,24.63,0,128
72,female,3,1,2.31,never,0,0,1,38.42,0,129
59,female,3,5,5,current,405,1,0,23.98,0,122
40,female,3,3,1.2,current,60,0,0,26.96,0,121
73,male,3,4,NA,never,140,0,1,29.07,0,120
70,female,5,4,4.65,former,0,0,1,35.56,0,109
40,female,3,5,4.08,never,0,0,0,34.1,0,130
80,male,5,2,4.1,former,0,0,0,39.84,1,12
80,male,3,3,2.13,former,0,0,0,27.59,1,80
80,female,4,2,1.07,former,0,0,0,43.41,0,111
60,female,3,4,2.71,former,90,0,0,26.94,0,108
44,male,3,5,5,never,540,1,0,NA,0,124
80,male,3,2,1.48,former,0,0,1,23.84,1,3
79,male,4,3,3.77,former,0,0,0,25.95,1,77
69,female,3,4,5,former,960,1,0,27.54,0,109
70,female,1,1,0.84,never,0,0,1,26.91,0,120
65,female,1,5,2.75,never,180,1,0,30.69,0,122
52,female,1,1,0.74,former,0,0,1,30.94,0,109
54,male,3,3,2.15,former,0,0,0,28.03,1,22
51,male,2,1,0.89,never,420,1,0,28.62,0,123
47,male,3,4,5,never,0,0,0,30.14,0,127
51,male,1,1,NA,never,0,0,0,25.06,0,115
41,female,3,5,0.92,never,180,1,0,38.38,0,111
67,female,1,1,NA,never,0,0,0,50.09,0,106
46,male,4,2,1.74,never,60,0,0,33.35,0,130
67,male,3,4,4.12,never,0,0,1,23.61,0,108
65,male,1,3,2.88,former,0,0,0,36.18,1,94
47,male,3,3,3.85,never,360,1,0,27.42,0,127
42,male,2,1,NA,never,0,0,0,26.49,0,118
78,female,3,2,3.43,former,0,0,0,32.24,0,119
69,female,3,4,5,never,600,1,0,20.18,0,112
52,female,1,3,2.17,never,300,1,1,33.39,0,121
53,female,4,2,1.26,former,0,0,1,26.66,0,130
47,male,3,3,1.09,never,0,0,0,39.43,0,123
79,female,3,3,4.46,former,0,0,1,26.46,0,127
80,female,3,4,3.43,never,0,0,1,29.68,1,68
64,female,3,4,5,current,420,1,1,40.76,1,69
43,female,1,1,1.16,never,0,0,NA,28.51,0,124
71,female,4,5,3.32,never,90,0,0,30.8,0,124
58,male,1,1,1.02,former,240,1,0,29.86,0,115
52,male,3,5,4.27,never,360,1,0,24.94,0,117
55,male,3,2,1.31,current,20,0,0,22.28,1,109
61,female,1,NA,0.39,never,0,0,0,NA,0,120
76,male,3,3,5,former,1200,1,1,27.53,1,113
60,female,1,3,4.45,never,0,0,0,34.09,0,120
52,female,5,4,1.09,current,0,0,0,37.39,0,120
80,female,3,2,NA,never,125,0,0,22.16,0,129
50,male,2,5,3.69,never,240,1,0,35.4,0,118
50,male,3,2,1.24,current,0,0,0,28.05,0,121
47,male,3,2,2.63,current,0,0,0,21.87,0,117
53,male,3,4,1.3,current,45,0,0,26.29,1,53
67,male,3,4,2.77,former,0,0,1,39.51,1,47
65,female,2,3,1.57,never,0,0,0,29.23,0,120
80,male,1,1,NA,former,0,0,NA,22.1,1,25
63,female,1,1,NA,never,0,0,1,29.34,0,114
47,male,2,3,NA,never,240,1,0,35.62,0,125
52,female,3,3,0.87,current,0,0,0,27.39,1,74
55,male,4,2,2.77,never,30,0,0,27.02,0,125
63,male,4,1,0.36,never,0,0,0,21.22,1,17
61,female,3,5,NA,never,120,0,0,30.78,1,119
44,female,4,5,3.69,never,120,0,0,27.84,0,112
41,female,4,5,1.09,never,0,0,0,29.43,0,118
43,female,2,5,2.15,current,1140,1,0,22.79,0,116
42,female,3,3,0.67,current,0,0,0,26.34,0,111
80,female,3,2,1.92,never,0,0,0,29.5,1,90
61,female,3,3,4.67,never,0,0,0,36.35,0,132
76,female,3,5,1.24,never,0,0,0,30.77,0,127
80,male,1,1,0.89,former,0,0,0,27.12,1,51
71,male,1,1,0.77,never,1260,1,0,30.37,0,116
43,female,3,4,1.81,never,0,0,0,25.39,0,113
68,female,2,3,0.92,never,0,0,0,31.71,0,108
55,female,5,5,4.12,never,360,1,0,38.5,0,118
70,female,4,2,2.06,former,20,0,0,36.13,0,124
58,female,3,3,0.79,current,0,0,0,37.95,1,92
47,male,1,2,NA,former,150,1,0,27.96,0,109
80,female,3,4,5,never,60,0,1,24.24,0,129
62,male,4,5,5,former,1640,1,0,34.99,0,110
64,male,3,4,NA,current,600,1,0,24.93,0,109
41,female,5,4,1.42,never,120,0,0,26.22,0,116
45,female,5,2,2.03,never,0,0,0,21.99,0,116
48,female,2,4,1.51,never,60,0,0,25.77,0,108
71,male,2,2,1.85,former,0,0,0,22.81,0,124
75,female,3,4,5,never,0,0,0,42.75,0,112
60,male,2,2,1.11,current,0,0,0,33.14,1,108
53,male,2,2,5,never,0,0,0,31.06,0,115
69,female,3,4,2.09,never,0,0,0,32.17,0,119
48,male,1,2,2.12,never,0,0,0,22.71,1,60
72,male,3,3,2.13,never,0,0,0,28.4,0,121
59,female,3,2,0.55,current,0,0,0,25.71,0,114
49,female,3,4,0.87,current,0,0,1,28.68,0,125
72,male,1,2,1.2,current,0,0,0,19.58,0,110
48,female,1,1,1.22,never,0,0,0,36.41,0,128
62,female,4,2,1.39,former,120,0,0,26.65,0,128
60,female,2,2,NA,never,840,1,0,24.3,0,119
51,male,4,5,5,never,0,0,1,32.4,0,128
72,male,4,2,1.35,former,0,0,0,31.09,1,85
42,female,3,5,4.23,never,960,1,0,20.19,0,132
65,male,3,5,4.85,never,0,0,0,33.26,0,113
57,male,3,4,5,former,120,0,0,33.55,0,130
49,female,4,5,NA,never,0,0,0,23.02,0,119
77,female,3,2,1.39,never,0,0,1,34.51,1,99
48,male,4,3,3.29,current,0,0,0,37.72,0,130
43,male,3,5,2.33,former,165,1,0,24.58,0,112
47,female,1,1,1.36,current,0,0,0,33.8,0,112
53,female,3,3,0.65,current,300,1,0,53.83,1,88
68,male,3,5,4.25,former,315,1,1,37.28,0,130
66,male,5,5,5,never,180,1,1,44.41,0,110
53,male,3,1,2.12,current,0,0,0,18.32,1,24
66,male,5,5,5,never,270,1,1,22.99,0,111
58,female,4,4,3.02,former,1650,1,0,30.61,0,122
80,male,3,1,1.72,former,0,0,1,24.76,1,13
80,female,4,4,2.03,former,90,0,0,26.74,1,89
56,male,1,2,NA,former,0,0,1,28.31,0,118
47,female,4,4,3.69,current,0,0,0,25.3,0,123
70,female,1,1,0.46,never,30,0,0,31.71,0,119
71,male,3,3,1.73,never,20,0,1,39.17,0,122
68,male,3,3,1.85,former,0,0,0,29.67,0,108
53,male,3,5,4.51,never,30,0,0,36.34,0,117
68,female,3,3,NA,never,0,0,0,26.58,0,113
63,female,3,3,0.67,current,0,0,0,32.68,0,118
80,female,3,4,5,former,0,0,1,22.75,1,115
71,female,3,2,1.78,never,0,0,0,44.14,1,68
54,female,4,2,0.68,never,0,0,0,25.09,1,78
55,female,2,4,0.85,never,0,0,0,31.98,1,112
73,male,5,5,0.91,never,0,0,0,22.3,0,110
73,female,3,3,NA,never,0,0,1,31.48,0,130
49,male,3,5,3.39,never,240,1,0,31.13,0,127
49,female,2,5,3.09,never,0,0,0,45.12,0,113
73,female,3,3,1.11,never,0,0,1,27.22,0,121
56,male,3,5,5,current,360,1,0,31.36,1,86
46,male,3,4,3.82,former,0,0,0,37.14,0,119
51,female,1,1,0.02,never,0,0,0,28.29,0,112
51,female,3,4,5,never,135,0,1,23.01,0,127
52,male,4,1,0.92,never,0,0,0,26.96,0,114
56,male,3,3,3.28,never,0,0,0,26.84,0,123
74,female,3,2,0.89,never,120,0,0,41.41,0,121
48,male,3,4,1.31,current,0,0,0,24.51,0,120
77,male,1,1,0.72,never,70,0,0,30.18,1,97
57,female,3,5,5,never,90,0,0,21.78,1,76
61,female,3,4,4.3,former,210,1,0,24.76,0,108
45,male,4,4,5,never,540,1,0,35.81,0,132
47,male,4,3,3.42,current,0,0,0,33.08,0,131
80,female,3,3,1.85,never,0,0,1,28.18,1,26
72,male,3,3,4.8,never,160,1,0,29.12,0,121
51,male,4,3,3.43,never,0,0,0,25.32,0,117
40,female,3,5,3.4,former,450,1,0,28.99,0,114
68,female,1,1,0.54,current,0,0,0,25.34,0,117
80,female,3,3,2.77,never,0,0,1,28.36,0,123
46,female,3,2,NA,current,0,0,0,27.45,0,124
44,female,4,2,1.02,never,180,1,0,31.13,0,114
60,female,3,5,5,never,600,1,0,21.15,0,111
80,female,3,2,0.65,never,0,0,0,23.53,1,61
75,female,3,3,1.07,former,45,0,1,35.16,0,115
73,female,3,3,5,never,120,0,1,31.25,0,130
42,female,4,4,3.39,never,0,0,0,53.49,0,113
47,female,3,4,1.31,former,0,0,0,25.08,0,118
45,female,3,2,1.17,current,0,0,0,24.64,0,127
51,male,4,4,3.28,never,480,1,0,21.99,0,113
61,male,3,5,4.99,former,0,0,0,23.88,0,111
55,male,1,1,2.49,never,0,0,0,29.58,0,120
71,male,3,3,3.08,never,0,0,0,29.53,0,123
61,female,1,1,NA,current,0,0,1,27.45,0,118
80,male,3,2,5,former,0,0,1,34.82,1,59
52,female,5,4,2.81,never,60,0,0,24.47,0,116
67,male,1,2,5,former,90,0,0,45.95,0,124
47,female,3,5,1.26,current,60,0,0,25.9,0,115
76,male,3,4,1.24,never,0,0,1,31.44,0,124
74,female,2,2,1.66,former,0,0,0,32.51,0,128
61,female,3,4,3.23,never,0,0,0,27.95,0,127
46,female,5,5,NA,never,240,1,0,27.27,0,110
57,female,5,1,NA,never,0,0,1,29.21,0,129
50,male,3,4,0,former,360,1,0,31.81,0,121
56,female,3,5,0.82,never,255,1,0,20.92,0,123
53,female,3,4,0.65,never,0,0,1,30.86,0,129
65,female,5,1,4.21,never,0,0,0,27.45,0,110
55,male,3,1,0.85,former,0,0,0,27.9,0,109
47,female,3,4,0.47,current,75,0,0,28.21,0,114
42,male,3,2,1.51,current,0,0,0,35,0,122
68,male,3,2,1.2,former,15,0,1,31.08,1,86
54,male,3,3,4.67,never,0,0,0,40.12,0,124
42,female,2,4,4.54,never,0,0,0,24.23,0,108
80,male,3,3,1.24,former,150,1,0,24.2,1,78
56,female,4,4,4.26,never,60,0,0,33.01,0,114
59,female,3,5,3.08,never,0,0,0,35.78,0,112
80,female,3,2,0.87,never,0,0,1,31.13,1,99
44,female,3,4,0.66,current,120,0,0,21.72,0,122
47,male,3,5,5,former,120,0,0,26.91,0,130
80,male,3,5,5,never,0,0,0,33.88,1,35
71,female,3,3,5,never,420,1,1,36.67,1,77
78,male,5,2,1.02,current,0,0,0,30.14,1,112
51,female,1,1,0.45,never,0,0,0,28.88,0,121
56,male,4,2,1.55,never,1680,1,0,23.08,1,107
46,female,4,3,0.69,never,0,0,0,31.55,0,115
48,male,3,3,1.16,current,600,1,0,21.46,0,115
73,female,2,4,NA,never,0,0,0,28.6,0,129
80,female,3,5,4.12,former,45,0,1,30.59,1,34
80,male,5,1,1.59,former,0,0,1,23.15,1,91
61,female,1,4,5,former,0,0,0,38.83,0,109
72,female,3,1,1.29,never,140,0,0,25.11,0,121
80,female,3,3,2.96,never,0,0,0,18.96,1,79
69,male,3,3,1.11,never,60,0,1,25.6,1,39
78,male,3,3,1.29,former,270,1,1,32.09,0,129
52,male,3,3,5,former,270,1,1,29.68,0,129
49,male,3,3,3.4,former,0,0,0,33.87,0,119
53,female,1,1,1.93,never,0,0,0,27.96,0,114
80,female,3,3,4.92,never,0,0,1,26.95,1,54
80,female,3,5,1.72,former,225,1,1,20.81,1,81
80,male,3,4,5,former,240,1,0,29.8,0,126
46,female,1,1,1.38,never,0,0,0,38.4,0,114
58,male,4,2,1.44,never,0,0,0,35.86,0,112
56,female,3,4,0.93,former,0,0,0,33.43,0,124
62,male,1,1,0.7,never,0,0,0,26.02,0,121
65,male,3,5,5,never,240,1,0,24.42,0,122
55,female,1,1,2.06,never,0,0,0,35.98,0,120
61,male,4,3,4.37,former,480,1,0,31.93,0,118
45,female,3,NA,1.39,current,0,0,0,19.76,1,117
40,male,1,3,2.72,former,270,1,0,27.9,0,108
80,female,3,3,1.39,former,0,0,1,25.48,1,84
80,male,3,5,5,former,0,0,1,16.19,1,4
60,female,3,2,0.84,never,0,0,0,66.96,0,128
75,male,3,1,1.37,former,600,1,1,23.85,0,131
53,male,3,5,2.4,former,480,1,0,24.81,0,123
50,female,3,4,4.8,former,100,0,0,26.97,0,122
71,male,3,5,5,former,0,0,0,23.81,1,32
50,female,2,4,4.27,former,240,1,0,21.1,0,123
53,male,3,2,0.76,never,120,0,0,33.53,0,115
72,female,3,3,2.06,never,0,0,0,18.9,0,120
70,female,2,1,2.54,never,180,1,0,25.03,1,103
47,female,3,5,5,never,360,1,0,21.49,0,123
44,male,3,2,0.81,current,0,0,0,22.11,0,130
40,male,1,4,0.85,never,0,0,0,32.38,0,109
67,female,2,2,0.92,current,0,0,0,29.03,1,59
40,male,2,4,4.54,never,180,1,0,30.22,0,120
57,female,3,3,1.93,former,420,1,0,29.13,0,129
62,male,1,3,1.2,former,0,0,0,28.84,1,108
72,male,3,5,5,never,330,1,1,26.23,0,123
50,female,2,1,3.39,former,0,0,0,29.97,0,123
80,male,3,3,2.2,former,0,0,1,NA,1,56
47,female,4,2,0.05,current,0,0,0,21.24,0,110
63,female,4,2,1.02,never,2100,1,0,29.16,0,128
80,female,2,4,0.43,never,0,0,0,31.92,1,8
80,female,3,4,2.22,never,0,0,0,18.61,1,60
65,male,3,5,5,former,360,1,0,35.37,0,124
62,male,3,3,4.1,former,630,1,0,26.71,0,122
53,female,2,1,NA,never,0,0,0,31.42,0,121
41,male,3,3,0.78,current,0,0,0,23.86,0,131
44,female,4,4,2.95,never,0,0,0,32.08,0,122
62,female,1,2,1.28,current,0,0,0,29.71,0,108
80,male,1,5,3.77,never,0,0,0,21.58,1,85
57,male,1,2,1.74,never,280,1,0,31.95,0,115
52,male,1,1,3.17,former,360,1,0,23.03,0,108
60,male,3,4,4.67,never,0,0,1,38.66,1,75
59,male,5,5,5,former,0,0,0,22.04,1,77
60,female,3,4,5,never,90,0,0,29.37,0,129
64,male,4,4,5,current,0,0,0,26.08,1,70
50,female,1,1,NA,never,0,0,0,35.97,0,113
80,male,4,1,1.55,former,210,1,1,31.58,0,130
74,female,3,4,4.46,never,0,0,0,44.13,1,19
61,male,3,4,NA,former,0,0,0,27.23,0,111
50,male,1,1,0.54,former,180,1,0,24.12,0,124
79,female,5,3,3.97,never,0,0,0,23.79,0,116
59,male,4,3,4.2,current,0,0,0,24.11,0,115
72,female,5,2,1.13,never,0,0,0,28.1,0,110
60,male,3,5,NA,never,180,1,0,28,0,116
75,female,4,3,2.75,former,180,1,0,28.47,0,127
66,male,4,5,3.55,never,0,0,0,24.02,0,130
79,male,3,1,1.51,former,0,0,1,26.05,0,132
72,female,2,2,NA,never,0,0,0,35.02,1,62
80,female,3,4,2.31,never,0,0,0,22.15,1,115
66,female,4,1,1.24,never,0,0,1,NA,0,123
54,female,3,4,5,former,720,1,0,27.87,0,130
67,male,3,4,4.94,never,120,0,0,30.52,0,129
41,male,1,2,0.95,current,0,0,0,27.15,0,110
44,female,4,4,2.18,former,0,0,0,33.3,0,111
80,female,1,1,0.09,former,0,0,0,31.83,1,11
62,female,4,3,NA,never,0,0,0,27.15,0,115
77,female,2,4,0.08,never,0,0,1,26.3,0,113
80,male,3,1,0.91,former,0,0,0,27.75,1,48
48,male,2,4,3.09,never,480,1,0,33.9,0,114
56,female,1,1,1.28,never,0,0,0,50.65,0,107
74,female,4,2,2.42,current,0,0,1,29.87,0,130
43,female,4,3,2.22,never,270,1,0,26.82,0,114
80,female,3,4,0.99,never,60,0,0,25.75,0,109
43,male,3,4,1.22,current,0,0,0,26.28,0,122
59,female,1,1,1.2,never,0,0,0,27.91,0,110
61,female,3,2,1.09,current,0,0,1,31.15,0,131
52,female,3,5,5,never,390,1,0,28.99,0,123
62,male,2,5,1.59,never,0,0,0,29.17,0,125
80,female,3,3,NA,never,0,0,0,30.87,0,125
56,male,2,2,4.12,former,0,0,0,25.08,0,120
41,female,3,5,1.39,never,3780,1,0,24.38,0,126
80,female,2,1,NA,former,0,0,0,37.21,0,112
72,female,4,4,5,never,20,0,0,29.26,0,115
43,male,3,4,5,never,540,1,0,32.51,0,114
80,female,3,3,4.62,never,0,0,1,26.66,0,125
78,male,4,3,0.55,never,0,0,0,19.35,1,107
77,female,3,3,1.11,never,0,0,1,28.98,0,123
55,female,4,3,1.3,never,0,0,0,26.45,0,130
42,male,5,5,5,never,120,0,0,31.07,0,114
49,male,4,5,1.55,never,960,1,0,31.83,0,121
72,male,3,5,5,former,180,1,1,28.03,0,127
45,male,3,4,1.31,current,0,0,0,23.81,0,131
73,female,4,2,NA,former,0,0,0,31.63,0,128
54,female,3,2,1.09,current,0,0,1,21.39,0,132
67,female,4,3,2.13,never,180,1,0,21.45,0,122
74,female,3,4,2.51,former,60,0,1,27.64,0,122
44,female,3,3,2.2,current,150,1,0,22.29,0,120
61,male,4,4,5,former,0,0,0,30.24,0,127
52,female,3,3,0.42,current,0,0,1,23.53,1,37
40,female,1,3,1.45,never,480,1,0,21.42,1,48
55,female,4,3,4.89,never,0,0,0,29.08,0,132
57,male,3,3,3.05,former,315,1,0,38.57,0,121
58,female,1,1,1.64,never,0,0,0,32.17,0,120
49,male,1,1,0.51,current,0,0,0,30.45,0,118
47,male,1,4,3.17,never,0,0,0,30.36,0,109
46,female,1,1,1.09,never,0,0,0,29.19,0,117
54,female,5,2,1.65,never,0,0,1,25.32,0,121
67,male,3,3,5,former,0,0,1,22.11,1,29
80,male,3,4,2.4,former,0,0,1,25.16,1,57
54,male,3,3,1.3,former,300,1,0,33.61,0,114
40,male,1,1,1.31,former,120,0,0,25.61,0,113
42,female,2,1,NA,never,360,1,0,26.59,0,121
45,female,2,2,1.31,never,0,0,0,37.62,0,111
55,female,3,4,4.8,never,90,0,0,30.34,0,124
54,female,5,1,1.37,former,300,1,0,27.81,0,116
50,female,2,4,1.64,never,0,0,0,31.93,0,128
80,female,3,3,2.22,never,420,1,1,26.77,1,94
61,male,4,3,1.03,never,0,0,0,23.73,0,131
66,male,3,3,1.29,never,0,0,0,31.12,0,123
53,male,4,4,1.5,current,0,0,0,25.82,0,115
54,female,3,5,3.23,former,180,1,0,25.66,0,124
47,male,4,3,NA,current,0,0,0,32.87,0,120
57,female,1,2,2.26,never,0,0,0,26.59,0,118
54,female,4,4,1.24,current,0,0,1,20.7,0,124
54,female,3,5,5,former,375,1,1,32.91,0,118
55,female,1,3,NA,never,360,1,0,26.25,0,116
63,male,4,3,3.42,current,90,0,1,29.6,0,122
49,male,3,4,1.11,current,0,0,0,25.44,1,29
57,male,1,4,1.13,former,0,0,0,31.12,0,109
60,male,4,4,1.77,former,280,1,0,33.85,0,114
80,male,3,1,1.65,former,0,0,0,29.6,1,42
60,female,3,5,NA,never,270,1,0,23.85,0,121
66,female,4,4,2.73,former,60,0,0,38.05,1,120
43,female,3,4,1.31,never,120,0,0,27.86,0,131
46,female,5,5,4.54,never,90,0,0,21.27,0,120
70,female,4,3,2.31,former,100,0,0,28.16,1,41
80,male,1,4,5,never,0,0,1,30.42,0,110
75,male,3,3,NA,current,0,0,0,21.35,1,85
58,female,3,5,5,never,0,0,1,25.68,0,121
78,female,3,3,2.2,former,0,0,0,26.88,0,111
57,male,3,4,5,never,150,1,0,32.07,0,122
52,male,3,3,5,former,90,0,0,24.51,0,131
45,female,3,3,0.82,current,0,0,1,35.28,0,122
52,female,4,2,1.69,current,450,1,0,42.45,0,115
80,male,3,3,2.2,former,420,1,0,28.42,1,72
63,female,4,4,1.62,never,180,1,0,25.63,0,128
68,female,3,5,5,never,200,1,1,17.7,0,111
41,male,2,2,1.74,never,60,0,0,28.34,0,126
42,male,2,2,NA,current,90,0,0,22.02,0,126
80,male,3,5,3.33,former,0,0,1,28.76,1,63
63,female,3,5,5,former,60,0,0,20.95,0,118
62,male,1,1,NA,former,420,1,0,36.56,0,122
55,male,3,3,4.46,current,0,0,0,31.64,0,121
57,female,2,4,NA,never,0,0,0,30.22,0,110
44,female,1,3,1.31,never,0,0,0,32.05,0,116
47,female,4,4,1.2,former,0,0,0,59.48,0,113
73,female,3,4,4.26,never,240,1,1,22.48,0,110
43,female,1,1,1.36,never,0,0,0,26.65,0,113
45,female,4,3,4.51,former,0,0,0,28.67,0,118
80,female,3,4,1.75,never,420,1,1,22.4,0,111
60,male,2,4,4.16,former,0,0,0,36.88,1,123
40,male,3,5,4.62,former,720,1,0,25.52,0,119
58,female,4,1,2.27,never,0,0,0,46.25,0,122
43,male,4,4,2.35,current,0,0,0,36.09,0,131
80,female,3,4,3.51,former,0,0,0,24.38,0,108
52,male,1,2,0.82,current,0,0,0,32.16,0,120
80,female,3,4,3.91,never,0,0,1,24.36,1,43
45,female,3,4,1.04,current,0,0,0,49.55,1,104
66,male,3,5,5,never,100,0,0,19.31,0,115
55,male,4,4,0.86,never,0,0,0,22.78,0,121
62,female,3,4,2.4,former,0,0,0,31.45,0,126
71,female,3,3,3.09,current,80,0,1,17.77,1,125
47,male,5,3,1.75,current,0,0,0,21.54,0,129
48,male,4,3,3.88,never,0,0,1,38.63,0,121
60,female,1,5,5,current,480,1,0,35.28,0,115
48,female,4,2,1.09,former,0,0,0,46.05,0,129
80,male,3,1,1.69,former,0,0,0,27.35,1,56
55,female,1,2,0.96,current,0,0,0,29.91,0,112
60,male,4,2,1.69,never,0,0,0,23.2,0,109
80,male,1,1,0.33,never,30,0,0,31.28,1,71
74,male,4,5,2.04,former,0,0,1,30.81,1,43
43,female,1,1,1.31,current,0,0,0,33.57,0,116
71,female,3,3,2.75,former,0,0,1,29.94,0,120
69,male,1,1,1.94,current,0,0,0,29.76,0,108
52,male,4,4,NA,former,0,0,0,26.7,0,131
40,female,2,5,4.12,never,0,0,0,39.02,0,131
61,female,1,3,NA,former,360,1,0,25.78,0,119
44,female,3,4,1.18,former,910,1,0,29.23,0,114
40,male,3,4,3.17,never,600,1,0,34.32,0,127
59,male,1,5,3.08,never,0,0,0,30.82,0,112
48,female,2,2,NA,never,0,0,0,30.53,0,119
61,male,4,3,3.55,never,0,0,0,19.81,0,115
52,female,3,5,5,never,150,1,0,31.53,0,117
50,male,5,4,1.11,former,780,1,0,49.46,0,131
40,female,3,4,2.33,former,180,1,0,37.33,0,118
72,female,3,5,5,never,840,1,0,29.37,0,121
44,female,5,5,1.09,former,0,0,0,27.66,0,124
61,female,3,2,2.77,current,120,0,0,26.2,0,122
44,male,1,5,1.19,never,0,0,0,28.61,0,117
59,female,1,3,2.18,never,20,0,0,42.57,0,114
52,male,2,3,3.28,never,540,1,0,36.8,0,114
48,female,3,4,1.1,never,0,0,0,30.59,0,122
65,female,3,4,3.09,never,0,0,0,35.27,0,131
44,female,3,5,5,never,390,1,0,20.02,0,129
52,female,4,5,NA,current,0,0,0,40.46,0,117
41,male,3,4,0.45,former,180,1,0,27.16,0,120
49,female,3,5,5,never,120,0,0,32.27,0,121
80,female,1,1,1.34,never,0,0,1,27.95,0,108
42,female,1,3,1.37,never,0,0,0,27.95,0,124
61,male,1,1,0.45,never,0,0,0,27.69,0,112
62,female,5,4,0.92,never,120,0,1,43.54,0,129
76,female,3,4,1.29,former,210,1,1,39.93,1,60
48,female,3,4,1.12,never,0,0,0,40.45,0,121
62,female,4,5,5,former,0,0,1,28.26,1,21
56,male,3,5,5,never,1440,1,0,29.95,1,29
61,male,4,4,0.11,never,60,0,0,22.43,0,118
45,female,3,3,2.06,current,0,0,0,17.34,1,90
41,male,3,5,5,never,210,1,0,25.59,0,109
61,male,3,3,4.8,never,960,1,0,25.3,0,121
80,male,3,2,5,former,0,0,1,NA,1,53
56,male,4,4,2.51,never,80,0,0,40.46,0,127
55,male,3,2,0.69,never,0,0,1,28.58,1,16
47,female,4,3,1.02,current,840,1,0,24.77,0,119
52,female,3,5,3.28,never,120,0,0,25.09,0,122
58,female,5,3,3.49,never,0,0,0,31.28,0,115
71,male,3,4,2.31,never,0,0,0,34.17,0,129
47,female,3,5,2.72,never,135,0,0,21.28,0,107
57,male,4,3,1.64,current,0,0,0,22.13,0,130
55,female,1,5,3.98,never,150,1,0,32.92,0,109
54,male,3,3,1.16,former,480,1,1,28.27,1,106
62,female,3,5,0.95,former,0,0,0,26.72,0,119
63,male,5,5,5,never,0,0,0,25.07,0,116
50,female,5,5,NA,former,60,0,0,22.73,0,107
63,male,5,2,0.66,current,0,0,0,23.73,0,131
74,male,3,3,1.65,former,0,0,1,30.23,1,95
45,female,3,2,4.04,former,0,0,0,33.72,0,110
72,male,5,5,0.25,former,0,0,0,20.65,0,129
50,male,1,1,1.93,never,0,0,0,23.58,0,108
70,female,4,4,0.94,never,0,0,0,33.76,1,98
45,female,1,5,5,never,0,0,0,23.3,0,117
44,male,3,5,5,never,360,1,0,23.53,0,116
55,female,4,5,1.92,current,0,0,0,28.67,0,121
80,female,3,3,1.96,never,0,0,1,31.75,1,46
53,male,3,5,5,never,210,1,0,29.18,0,125
56,female,3,4,NA,never,0,0,0,29.79,1,70
65,female,4,4,1.66,former,60,0,0,31.68,0,117
59,female,3,2,1.11,current,210,1,1,21.55,0,130
80,female,4,4,2.31,former,0,0,0,27.95,1,21
69,male,3,4,5,former,0,0,1,39.39,0,120
45,female,4,3,0.99,never,80,0,0,32.47,0,116
49,male,3,5,1.11,current,0,0,0,NA,1,5
56,male,4,4,1.02,current,0,0,0,25.88,0,127
50,female,3,4,5,never,0,0,0,29.63,0,120
51,male,4,1,1.81,former,120,0,1,32.61,0,125
50,female,1,2,0.89,never,300,1,0,29.54,0,123
75,male,3,5,5,former,225,1,1,28.58,0,121
65,female,1,1,1.2,never,0,0,1,27.92,1,18
80,female,3,3,3.29,never,0,0,0,30.22,1,77
71,female,3,3,2.47,former,0,0,0,31.09,0,123
80,male,3,5,4.12,never,480,1,0,24.62,0,124
66,female,2,2,2.25,never,600,1,0,28.04,0,128
57,female,3,3,5,current,180,1,1,24.73,0,121
43,male,1,1,1.19,current,0,0,0,36.57,0,115
49,female,1,4,0.89,never,140,0,0,40.89,0,109
63,male,4,1,0.74,current,0,0,0,23.3,0,132
41,female,3,5,3.39,never,0,0,0,22.77,0,115
61,male,3,5,5,current,0,0,1,25.3,0,121
61,female,1,4,5,never,0,0,0,26.81,0,109
60,female,4,4,3.63,never,0,0,0,43.03,0,123
60,male,3,2,NA,current,420,1,0,28.6,0,112
57,female,3,3,0.54,former,0,0,1,33.47,0,125
43,male,2,4,3.69,former,60,0,0,23.59,0,125
43,female,1,1,0.44,never,0,0,0,32.5,0,116
80,female,3,5,3.09,never,50,0,1,22.17,0,108
76,male,3,4,1.57,former,0,0,1,31.53,0,124
44,female,3,5,5,never,210,1,0,22.08,0,124
47,male,4,5,3.85,current,225,1,0,33.18,0,118
80,female,3,4,1.9,never,0,0,1,17.81,1,88
72,male,3,3,5,former,40,0,1,29.07,0,130
53,female,3,3,3.28,never,0,0,0,28.42,0,124
60,female,4,3,3.51,former,0,0,0,31.13,0,113
47,male,5,1,4.04,never,0,0,0,28.7,0,110
44,male,1,1,0.19,current,180,1,0,29.27,0,120
59,male,4,3,2.4,former,60,0,0,20.53,1,88
80,male,3,2,4.16,never,180,1,1,26.64,1,86
55,male,4,4,2.75,current,0,0,0,27.47,1,83
80,female,1,1,1.05,never,0,0,0,29.6,0,109
80,male,3,5,4.62,never,0,0,1,22.61,0,118
71,female,3,2,2.68,never,0,0,0,37.11,0,120
67,male,4,5,5,former,480,1,1,27.92,0,125
70,female,4,1,0.77,never,0,0,0,21.12,0,125
40,male,1,1,0.96,current,0,0,0,24.13,0,118
46,female,4,2,2.75,current,0,0,0,44.5,0,117
43,female,3,4,3.11,former,540,1,0,22.7,0,118
60,male,4,3,0.95,former,450,1,0,19.51,1,58
58,female,2,4,4.64,current,0,0,0,24.35,0,111
40,female,2,4,NA,never,900,1,0,24.66,0,115
43,female,3,3,1.94,never,315,1,0,23.75,0,129
51,male,4,3,4.43,current,0,0,0,26.47,0,118
77,male,3,1,1.2,never,0,0,0,29.62,0,122
67,female,3,5,NA,former,340,1,1,29.94,0,114
80,male,3,3,1.66,former,0,0,0,25.07,1,62
62,male,2,2,1.09,former,0,0,0,35.96,0,118
69,male,3,3,2.64,former,0,0,1,23.96,0,119
44,female,3,4,1.37,former,0,0,0,33.83,0,120
80,female,4,1,0.77,former,0,0,0,20.12,1,66
69,female,3,5,5,former,960,1,1,21.34,0,121
45,female,2,5,2.25,never,0,0,0,20.71,0,127
45,male,2,4,4.99,never,360,1,0,25.9,0,111
44,female,3,4,5,never,480,1,0,23.1,0,129
50,male,1,2,1.22,former,600,1,0,24.74,0,128
80,male,3,1,NA,former,0,0,0,25,0,128
52,male,4,3,2.71,never,0,0,0,35.27,0,116
46,female,3,3,0.91,current,0,0,0,23.26,0,117
61,female,4,3,3.82,never,420,1,0,33.06,0,117
52,female,3,3,4.43,never,0,0,0,29.93,0,121
54,male,1,4,NA,never,0,0,0,26.7,0,115
43,male,2,4,2.73,never,240,1,0,25.96,0,116
64,female,1,1,NA,never,0,0,0,28.45,0,116
40,female,3,5,1.31,never,225,1,0,22.38,0,117
52,female,1,3,2.46,never,300,1,0,35.3,0,116
52,female,4,2,0.76,never,200,1,0,38.01,0,114
66,female,3,5,4.53,former,150,1,0,35.53,0,122
46,female,3,4,1.1,former,0,0,1,55.04,0,130
52,female,3,2,0.8,never,0,0,0,29.11,0,127
51,male,4,5,NA,never,720,1,0,26.87,0,121
56,female,2,2,1.24,current,0,0,0,30.98,0,120
74,male,3,4,5,former,400,1,1,27.38,0,123
80,male,3,2,1.65,former,0,0,0,30.83,1,106
42,male,3,4,3.99,former,120,0,0,28.09,0,118
74,male,3,5,1.29,former,240,1,0,33.26,0,108
76,female,4,2,2.18,never,0,0,0,31.94,1,107
77,female,4,3,NA,never,0,0,0,39.53,0,126
60,female,1,1,1.59,never,270,1,0,29.82,0,108
72,female,3,2,NA,never,0,0,1,45.65,1,23
66,male,3,5,5,former,0,0,0,35.29,0,129
56,male,1,2,4.51,current,0,0,0,32.66,0,110
41,male,5,5,5,never,360,1,0,27.11,0,109
51,female,2,1,1.64,current,0,0,0,24.44,1,122
46,female,4,5,2.75,never,20,0,0,33.82,0,123
58,male,4,2,0.1,current,0,0,0,24.68,0,122
41,male,4,3,2.77,former,0,0,0,24.49,0,124
80,male,3,1,0.89,former,0,0,1,30.12,1,74
69,male,4,4,4.46,current,0,0,0,20.22,0,115
43,male,2,5,5,former,1800,1,0,23.82,0,125
63,male,2,1,NA,never,0,0,0,34.87,0,121
50,female,3,5,3.8,never,0,0,0,34.15,0,123
45,male,3,2,3.39,current,30,0,0,25.61,0,120
66,male,1,1,NA,former,0,0,0,32.11,0,125
79,female,3,NA,2.47,never,360,1,NA,22.66,0,117
69,male,5,4,4.15,former,210,1,0,21.36,0,111
49,female,4,5,5,never,60,0,0,26.19,0,109
70,female,3,5,2.73,never,315,1,0,22.24,0,112
56,male,3,3,1,current,45,0,0,34.08,0,121
80,female,4,4,1.34,former,0,0,0,33.77,1,92
67,female,3,3,2.75,never,210,1,0,29.69,0,115
44,male,1,5,1.69,former,0,0,0,29.58,0,114
76,male,1,4,4.62,former,100,0,0,28.74,0,127
51,male,1,1,2.77,current,0,0,0,35.28,0,115
68,female,1,1,NA,never,0,0,1,34.52,1,103
52,female,4,2,0,current,0,0,0,23.91,0,110
53,female,3,5,3.98,never,0,0,0,36.42,0,120
80,female,5,1,0.36,never,0,0,1,27.47,1,111
42,male,1,5,1.74,never,0,0,0,29.7,0,121
40,female,3,4,0.82,former,0,0,0,34.06,0,116
62,male,2,1,2.06,former,0,0,0,38.39,0,122
74,male,3,1,5,former,0,0,0,35.4,0,130
62,female,2,3,NA,current,0,0,NA,36.55,0,113
52,female,1,1,0.74,never,0,0,1,30.38,0,123
80,female,3,5,1.59,never,0,0,1,23.67,0,129
74,male,3,3,1.29,former,300,1,0,27.3,1,47
61,female,3,4,2.77,former,0,0,1,27.32,0,122
80,female,3,3,3.09,never,240,1,0,22.92,1,67
51,male,4,2,1.74,current,0,0,0,22.04,0,110
79,female,3,3,5,former,180,1,1,28.3,0,127
77,male,3,4,2.4,never,240,1,0,27.15,0,125
63,male,4,3,0.82,current,70,0,0,22.4,1,80
40,male,4,4,3.51,current,180,1,0,19.25,0,128
80,male,3,5,4.46,never,0,0,1,32.67,1,107
80,female,3,4,3.69,never,660,1,0,21.39,0,124
62,female,2,1,NA,former,0,0,1,36.26,0,108
45,female,4,4,2.67,never,0,0,0,35.43,0,130
48,male,3,5,5,former,540,1,0,21.14,0,117
44,male,1,2,1.36,former,300,1,0,30.05,0,112
70,male,2,1,2.75,never,0,0,0,31.91,0,120
56,female,3,5,1.03,former,180,1,0,35.15,1,68
51,female,4,3,1.72,current,0,0,0,28.62,0,118
66,female,3,4,2.68,former,0,0,0,38.6,0,122
64,female,3,2,2.75,former,0,0,0,29.34,0,129
54,female,1,1,5,never,0,0,0,31.94,0,119
41,male,3,2,NA,current,0,0,0,21.8,0,112
45,female,4,3,1.85,current,180,1,0,25.61,0,114
75,female,1,1,0.74,never,150,1,0,27.32,0,108
41,male,1,1,0.51,former,0,0,0,36.18,0,130
42,male,4,4,2.63,current,1260,1,0,29.55,0,123
40,male,5,5,5,never,720,1,0,22.09,0,111
56,female,1,4,5,former,0,0,0,40.71,0,110
41,female,2,1,2.31,current,0,0,0,29.57,0,115
80,female,3,2,1.58,never,0,0,0,28.69,1,80
57,female,5,4,0.93,never,40,0,0,24.86,0,109
44,female,3,4,3.5,former,0,0,1,44.87,0,115
79,male,1,3,5,former,0,0,0,26.24,0,118
66,female,5,4,1.12,never,420,1,1,19.16,0,115
77,female,3,3,1.37,never,60,0,0,28.44,0,131
62,male,1,4,0.78,former,360,1,0,28.83,0,119
80,male,3,4,5,former,0,0,1,26.91,1,87
40,male,3,5,5,former,0,0,0,38.33,0,130
44,female,3,5,2.4,never,120,0,0,29.92,0,122
59,female,4,3,0.74,never,0,0,0,37.49,0,121
62,female,3,5,5,never,150,1,0,24.73,0,124
74,male,3,2,3.6,current,0,0,0,28.22,1,68
60,female,1,1,0.89,never,240,1,0,30.2,0,108
61,male,4,2,0.14,never,0,0,0,28.7,0,113
62,male,1,1,0.66,former,0,0,0,27.47,0,119
53,male,2,3,1.37,current,0,0,0,33.08,0,126
45,female,3,5,2.49,never,0,0,0,44.2,0,123
52,male,4,3,0,former,0,0,0,23.84,0,114
46,male,3,4,5,current,0,0,0,40.35,0,122
50,female,3,2,0.86,current,0,0,0,16.56,0,118
50,female,3,5,5,former,540,1,1,24.95,0,123
80,female,3,2,NA,former,0,0,0,42.23,1,41
42,male,1,1,0.74,never,180,1,0,27.55,0,109
80,female,3,3,1.06,never,0,0,0,22.04,0,126
59,male,3,3,1,current,0,0,0,22.09,1,41
62,male,3,4,1.09,current,0,0,0,23.69,0,130
61,female,3,5,5,never,300,1,1,26.34,0,106
43,female,2,2,NA,never,0,0,0,31.39,0,118
46,male,1,1,0,never,420,1,0,26.9,0,125
72,female,5,5,NA,former,0,0,0,20.29,0,123
40,female,4,3,0.39,never,180,1,0,47.92,0,114
45,female,2,4,0.6,former,0,0,0,30.68,0,114
71,female,3,3,2.75,former,225,1,0,26.54,1,40
55,male,3,2,1.02,never,0,0,0,NA,1,23
44,male,3,2,0.94,former,420,1,0,36.22,0,116
75,male,4,2,1.97,never,0,0,0,21.6,1,93
67,female,1,4,4.46,never,600,1,0,26.09,0,110
73,male,3,3,0.54,never,0,0,1,35.88,1,33
67,female,3,5,4.67,never,0,0,0,34.22,0,125
76,female,4,2,3.77,never,360,1,0,21.41,0,128
73,female,2,1,NA,never,0,0,0,30.79,1,103
64,male,3,4,5,former,450,1,1,31.64,0,129
80,male,3,4,2.31,former,225,1,1,25.87,1,16
76,male,4,3,3.51,never,75,0,0,23.89,0,127
56,female,1,1,0.66,former,0,0,0,35.97,0,108
47,female,2,2,3.09,current,0,0,0,20.17,0,115
47,male,2,5,5,former,240,1,0,32.41,0,129
61,male,3,5,2.62,former,0,0,0,38.97,0,125
40,female,2,5,2.68,never,0,0,0,32.22,0,130
64,female,3,5,5,former,225,1,0,39.85,0,127
51,female,2,2,0.78,former,0,0,0,32.68,0,117
73,female,4,3,2.9,never,20,0,1,24.73,0,131
61,male,1,2,NA,never,60,0,0,33.83,0,115
78,female,4,1,0.75,never,60,0,0,25.91,1,111
75,female,3,3,2.61,former,0,0,1,37.48,1,80
67,female,1,1,3.09,former,0,0,0,25.28,0,115
55,male,1,2,1.36,current,0,0,0,29.31,0,109
62,male,1,3,1.09,never,0,0,0,34.06,0,113
48,female,4,4,3.43,current,0,0,0,20.3,1,44
56,female,3,3,NA,former,90,0,0,19.56,0,116
65,female,1,1,0.68,former,0,0,0,44.67,0,115
72,male,3,5,5,former,360,1,1,31.11,0,118
49,male,1,1,0.28,never,220,1,0,25.42,0,111
80,male,3,5,2.75,never,420,1,1,28.61,1,93
56,male,4,3,1.02,never,0,0,0,30.02,1,73
52,male,4,2,1.37,never,120,0,0,32.63,0,112
57,male,1,5,5,never,0,0,0,26.41,0,119
71,female,3,4,0.54,former,0,0,1,41.72,1,84
70,male,3,3,2.75,former,0,0,1,31.1,1,99
70,male,3,3,1.92,never,0,0,0,45.65,0,122
65,male,3,5,5,former,0,0,0,28.52,0,127
79,male,3,3,3.09,former,0,0,1,21.64,1,101
56,male,1,1,NA,never,0,0,0,25.71,0,106
80,female,3,3,3.19,never,0,0,1,29.04,1,20
52,female,4,4,3.55,never,0,0,0,36.59,0,119
80,male,3,2,1.03,former,0,0,0,33.38,1,39
65,male,4,1,0.14,former,0,0,0,28.27,0,127
56,male,4,2,4.12,never,0,0,0,27.77,0,113
66,male,4,4,5,former,0,0,0,33.76,0,132
80,female,3,1,0.96,never,0,0,0,33.8,1,33
53,male,2,2,0.88,former,0,0,0,40.4,1,11
53,male,1,3,3.43,never,0,0,0,35.36,0,118
71,female,3,4,4.12,never,0,0,0,35.21,0,121
50,male,2,3,1.94,former,0,0,0,33.3,0,127
49,female,1,5,2.13,never,720,1,0,20.43,0,115
60,female,4,3,1.51,current,120,0,0,28.76,0,110
76,male,3,5,5,never,60,0,0,27.85,1,114
80,male,3,4,4.12,former,180,1,0,29.66,1,93
56,male,1,1,0.62,former,70,0,0,29.46,0,119
41,female,3,3,NA,current,90,0,0,23.74,0,122
70,female,1,2,1.24,current,0,0,0,26.51,0,115
58,female,3,3,1.03,never,0,0,0,28.94,0,109
53,male,1,1,2.77,never,0,0,0,29.5,0,107
50,male,1,1,1.09,former,0,0,0,41.9,1,105
44,female,3,5,4.92,current,40,0,0,36.67,0,127
49,female,1,2,1.85,never,0,0,0,33.15,0,120
49,female,2,1,NA,never,0,0,0,26.85,0,129
63,male,4,5,5,never,0,0,1,30,1,9
45,male,1,4,1.36,former,0,0,0,28.28,0,116
66,male,3,5,1.2,never,0,0,1,33.72,0,111
46,male,1,2,0.93,never,0,0,0,31.97,1,93
80,male,3,2,1.17,former,0,0,0,27.04,1,16
53,male,1,3,2.7,never,1680,1,0,23.53,0,121
72,female,3,3,0.65,former,0,0,0,45.93,1,79
73,female,3,5,4.46,never,0,0,0,27.59,0,119
42,female,2,2,0.98,never,0,0,0,34.44,0,128
60,female,2,5,NA,never,1260,1,0,20.88,0,115
56,female,4,5,1.5,never,105,0,0,49.16,0,116
80,female,3,4,1.37,former,0,0,1,28.89,1,33
75,male,3,4,4.94,never,0,0,0,26.22,1,54
80,female,1,1,1.39,never,0,0,NA,17.68,1,72
78,female,3,2,3.23,former,0,0,1,21.21,1,32
45,male,3,5,0.28,former,600,1,0,25.11,0,116
80,female,4,5,1.29,former,0,0,0,33.29,1,25
53,female,3,4,0.18,never,0,0,1,29.61,0,120
59,female,3,2,2.22,former,0,0,0,34.2,0,120
48,female,3,4,5,former,135,0,0,39.68,0,123
43,male,3,5,4.26,former,0,0,0,28.44,0,118
40,female,4,5,4.62,never,0,0,0,30.45,0,120
53,male,3,4,0.66,never,0,0,0,36.49,0,124
80,male,3,2,3.29,never,0,0,1,24.11,1,47
44,male,3,5,NA,former,0,0,0,27.46,0,119
63,female,2,5,1.02,former,0,0,0,37.33,1,78
80,female,3,2,2.31,never,0,0,0,23.3,1,55
66,female,3,2,2.49,current,0,0,0,26.4,0,116
69,female,3,4,0.03,never,120,0,0,23.36,0,129
64,female,3,5,5,never,0,0,1,28.04,0,118
71,male,3,5,2.09,former,150,1,0,26.29,0,120
42,male,1,2,1.85,current,0,0,0,25.65,0,109
45,male,3,3,3.51,never,0,0,0,42.97,1,116
80,female,3,4,3.69,former,0,0,0,30.79,0,130
41,male,3,4,3.54,never,0,0,0,24.5,0,127
60,female,4,4,2.17,current,0,0,0,27.53,0,121
41,male,4,3,3.63,current,0,0,0,23.87,0,115
44,female,3,4,0.82,never,240,1,0,31.89,0,129
58,male,1,1,3.23,former,0,0,0,25.63,0,117
78,male,3,5,1.85,former,135,0,1,29.86,1,65
58,male,4,4,0.89,current,0,0,0,27.7,0,118
75,female,4,4,3.09,current,0,0,0,35.01,1,36
80,female,3,2,3.14,never,0,0,0,26.78,0,122
59,male,3,1,1.03,former,0,0,0,29.94,1,106
61,male,3,5,4.46,current,0,0,1,29.14,0,130
73,male,2,1,0.92,current,0,0,0,36.55,1,98
66,male,1,4,3.49,current,180,1,1,24.65,0,111
74,male,3,3,NA,never,0,0,0,25.87,0,122
74,female,1,2,1.04,never,0,0,0,40.14,1,82
68,male,3,5,0.91,current,40,0,0,17.47,1,114
42,female,2,5,5,never,480,1,0,23.27,0,123
68,male,1,2,0.55,former,0,0,0,31.29,0,115
65,male,3,1,1.24,never,0,0,0,36.38,0,126
50,female,3,4,0.66,former,0,0,0,25.43,0,122
67,male,5,5,3.49,never,30,0,0,23.8,0,109
55,male,3,5,3.82,former,0,0,0,27.04,0,130
46,female,3,5,1.81,never,80,0,0,30.41,0,117
43,male,1,2,0.37,never,0,0,0,29.96,0,112
78,female,4,3,NA,former,0,0,0,34.38,0,115
63,female,3,4,2.31,never,45,0,0,40.47,1,84
49,female,3,2,0.81,former,0,0,0,35.49,0,131
56,female,4,4,1.47,current,0,0,0,38.28,0,122
61,male,4,2,4.16,never,0,0,0,29.31,1,121
77,male,3,2,2.4,former,0,0,1,32.57,0,124
80,male,5,5,3.09,never,0,0,1,25.84,0,116
49,male,4,2,0.61,never,900,1,0,34.18,0,111
64,male,2,1,NA,current,420,1,0,26.42,0,117
48,female,3,5,5,never,150,1,0,20.86,0,108
61,male,3,3,2.33,former,60,0,0,23.14,0,131
55,male,1,1,5,current,0,0,0,29.84,0,121
64,male,2,1,1.66,never,0,0,0,27.68,0,126
41,female,3,3,0.6,current,90,0,0,45.45,0,122
55,male,1,1,1.91,never,0,0,0,34.92,0,111
64,male,2,4,5,former,0,0,1,43.3,0,115
64,female,5,4,1.01,former,40,0,0,27.66,0,109
48,female,3,3,1.11,never,60,0,1,20.89,0,124
76,male,3,3,NA,former,1200,1,0,32.94,1,126
68,male,1,1,1.8,former,690,1,1,33.37,0,120
78,male,2,5,4.37,former,0,0,0,31.74,0,116
64,female,2,2,3.3,never,0,0,1,18.73,0,127
49,female,5,3,5,former,600,1,0,22.31,0,116
40,male,3,5,5,former,480,1,0,25.01,0,113
71,male,1,1,0.65,never,0,0,1,30.98,1,95
78,female,4,2,2.16,never,0,0,0,30.17,0,122
48,male,1,1,1.38,never,0,0,0,26.5,0,124
73,female,2,4,1.29,former,0,0,0,22.6,0,109
53,male,1,1,NA,current,0,0,0,24.65,0,113
45,female,3,3,4.92,never,60,0,0,26.61,0,121
72,male,5,1,1.01,former,420,1,0,23.51,0,109
70,male,1,1,0.62,former,0,0,0,30.05,1,22
61,male,1,3,3.79,never,240,1,0,22.6,0,108
68,male,3,3,2.06,never,0,0,1,35.68,0,130
69,male,4,3,NA,current,0,0,0,34.94,0,111
58,female,5,4,1.11,current,180,1,0,18.19,0,114
80,female,3,2,1.65,never,45,0,1,30.42,0,122
41,female,5,4,0.91,never,0,0,0,20.02,0,111
57,male,1,4,1.09,former,0,0,1,28.86,0,122
56,male,2,2,4.59,former,0,0,0,29.8,0,117
80,male,4,1,3.11,former,0,0,NA,38.85,0,114
60,male,3,5,5,never,620,1,1,30.3,0,111
65,female,2,2,1.72,never,0,0,0,31.13,0,116
65,male,5,4,NA,former,0,0,0,19.56,1,90
48,female,3,4,5,former,210,1,0,18.35,0,117
79,male,3,4,2.51,never,0,0,1,41.63,0,122
47,female,3,4,2.17,former,325,1,0,20.05,0,129
55,female,4,4,3.28,current,0,0,0,18.37,1,104
49,male,3,4,3.51,former,0,0,1,30.77,0,123
70,male,3,3,5,former,195,1,1,25.04,0,123
51,female,1,1,1.16,never,0,0,0,33.46,0,128
55,male,1,5,5,never,240,1,0,32.61,0,108
80,male,3,2,2.77,former,0,0,0,28,1,22
80,male,3,3,2.49,never,30,0,1,29.04,1,55
60,male,4,5,5,former,0,0,1,35.09,0,130
49,male,2,4,1.95,former,0,0,0,30.94,0,121
80,female,3,4,2.35,former,270,1,0,19.34,1,38
64,male,3,5,2.2,former,0,0,1,33.42,0,114
48,male,4,3,1.36,former,540,1,0,27.36,0,122
56,female,3,4,2.27,former,0,0,0,28.85,0,118
49,male,3,5,NA,never,360,1,0,25.82,0,119
53,female,1,1,NA,never,0,0,0,32.88,0,110
46,male,3,4,4.99,never,180,1,0,25.35,0,119
53,female,2,3,0.88,former,0,0,0,30.54,0,113
62,male,3,2,NA,current,0,0,0,27.01,0,128
59,female,3,5,1.59,never,0,0,1,25.75,0,129
53,male,1,1,0.74,never,60,0,0,24.75,0,115
43,female,2,1,NA,never,0,0,0,26.86,0,119
72,female,3,3,3.23,never,180,1,0,19.13,0,132
78,male,1,1,1.1,never,0,0,1,26.48,0,115
51,male,4,4,1.34,never,540,1,1,52.73,0,131
46,male,4,2,5,never,0,0,0,32.51,0,110
51,male,3,1,0.95,current,0,0,0,NA,0,123
56,female,3,3,5,never,90,0,1,36.91,0,131
46,male,3,5,4.8,never,140,0,0,19.46,0,129
79,female,4,3,2.75,never,0,0,0,40.77,0,130
40,female,3,5,1.12,never,365,1,0,28.44,0,119
77,female,3,3,1.51,former,0,0,0,26.69,0,130
41,male,3,5,2.27,former,0,0,0,37.13,0,117
40,female,3,5,3.88,never,360,1,0,24.91,0,115
60,female,3,4,2.13,former,0,0,1,38.2,0,121
65,female,3,3,5,never,300,1,0,37.1,0,117
76,male,3,5,4.62,former,420,1,1,23,1,76
74,male,4,1,2.33,former,0,0,1,28.9,0,120
60,female,5,4,5,never,150,1,0,22.36,0,117
64,female,3,5,5,former,80,0,0,20.93,0,111
57,female,3,4,2.72,never,840,1,0,19.55,0,123
48,female,3,5,1.31,never,180,1,0,33.46,0,129
61,male,4,4,4.12,current,0,0,0,24.19,1,56
80,male,3,3,3.09,never,60,0,1,33.2,1,41
56,female,4,3,4.54,former,0,0,0,32.6,0,123
49,male,4,3,5,never,0,0,0,27.08,0,110
53,male,2,2,2.49,former,0,0,0,28.63,0,118
50,female,4,5,NA,never,0,0,1,36.59,0,117
63,female,5,5,5,former,120,0,1,21.13,0,128
68,female,4,4,1.75,former,315,1,0,33.62,0,115
40,male,3,3,1.14,current,0,0,0,29.14,0,133
58,male,3,5,3.41,never,0,0,1,29.2,0,124
45,female,3,2,0.55,current,0,0,0,22.05,0,126
56,male,4,4,0.82,current,720,1,0,19.55,1,87
48,male,2,5,0.92,former,0,0,0,25.36,0,127
73,female,4,4,2.49,never,60,0,0,27.08,0,117
69,male,4,3,3.43,never,0,0,1,31.91,0,127
74,female,3,3,1.99,never,270,1,0,23.43,0,110
61,female,1,1,0.74,never,0,0,0,26.92,0,109
62,female,3,2,0.74,never,0,0,0,29.5,0,122
53,female,3,4,5,never,240,1,0,25.03,0,123
79,female,3,3,3.09,never,0,0,0,28.46,0,121
51,female,1,2,0.68,never,0,0,0,36.08,0,111
60,male,3,2,NA,former,120,0,0,28.6,0,122
40,male,3,4,1.37,never,240,1,0,20.97,0,117
44,male,4,4,1.39,current,0,0,0,19.73,0,114
41,male,5,5,3.93,never,0,0,0,34.82,0,117
68,male,3,4,1.51,former,180,1,1,37.83,0,122
67,male,3,5,5,never,0,0,0,34.68,0,128
57,male,3,4,5,current,180,1,0,24.59,0,108
66,female,3,3,1.51,former,0,0,0,25.38,1,28
80,male,3,5,3.43,never,180,1,1,33.25,0,118
44,female,2,2,0,current,60,0,1,23.44,0,112
74,female,3,5,4.16,former,315,1,1,24.68,0,114
71,female,5,1,NA,never,0,0,0,32.45,1,107
73,female,3,5,5,never,840,1,0,30.04,0,125
67,female,3,5,4.8,never,180,1,0,31.32,0,128
69,female,1,1,0.39,never,210,1,0,35.63,0,120
80,female,4,4,1.33,former,0,0,0,28.63,1,58
57,female,4,4,1.16,former,0,0,0,39.62,0,117
58,female,1,3,2.7,never,200,1,0,25.4,0,120
58,male,4,4,2.47,never,240,1,0,37.55,0,128
62,female,4,5,4.37,never,0,0,0,42.07,0,121
43,female,1,2,0.48,current,0,0,1,26.87,0,130
80,male,3,1,0.37,former,0,0,0,32.21,1,91
49,female,4,2,1.36,former,60,0,1,40.92,1,70
63,female,4,3,4.8,current,0,0,0,27.4,0,126
65,male,3,3,1.72,former,0,0,1,24.37,0,116
76,male,3,3,4.53,former,120,0,1,27.39,1,87
58,female,2,3,NA,current,0,0,0,25.34,0,120
80,male,3,4,NA,former,270,1,1,25.79,0,129
65,female,3,4,1.52,former,60,0,0,26.94,1,12
43,female,3,4,NA,never,60,0,0,26.29,0,116
42,male,1,1,1.35,former,0,0,0,29.83,0,120
56,male,1,1,0.54,current,0,0,0,36.22,0,116
69,female,3,1,0.66,current,0,0,0,27.51,1,116
61,female,2,3,5,never,600,1,0,23.78,0,125
42,male,4,4,0.92,current,150,1,0,27.44,0,124
61,male,3,3,1.58,former,0,0,0,29.48,0,130
70,male,3,5,4.62,former,0,0,1,26.08,1,68
64,female,1,2,0.74,former,0,0,0,53.89,0,111
40,male,2,2,NA,never,0,0,1,27.91,0,119
56,male,3,4,3.17,never,0,0,0,30.04,0,125
67,male,2,3,0.64,current,0,0,0,26.89,0,121
45,male,3,4,1.81,never,0,0,0,37.49,0,127
55,female,3,5,5,never,0,0,0,23.09,0,117
48,male,3,2,1.64,current,0,0,0,27.48,0,117
77,female,4,2,NA,current,0,0,0,26.08,1,77
57,female,3,4,4.12,never,30,0,1,31.27,0,124
52,male,3,4,0.15,current,0,0,0,27.44,0,120
57,female,4,3,1.92,never,0,0,0,32.01,0,114
65,female,3,4,0.68,current,0,0,0,22.24,1,30
72,male,3,5,5,never,1500,1,0,29.96,0,117
69,male,3,4,3.69,former,0,0,1,42.76,0,122
49,female,5,1,1.02,never,300,1,0,28.06,0,129
65,female,3,4,5,former,300,1,1,23.95,0,128
56,female,4,4,5,former,240,1,0,25.63,0,113
47,male,3,4,4.54,never,0,0,0,29.47,0,130
72,male,3,4,4.46,former,0,0,1,41.69,0,119
66,male,1,5,5,never,240,1,0,28.02,0,112
80,female,5,3,NA,never,0,0,0,22.52,1,64
77,male,4,1,1.1,former,0,0,1,26.36,0,111
76,male,3,5,3.77,never,300,1,1,22.36,1,93
80,male,3,5,5,former,0,0,1,29.97,1,90
44,male,3,1,0.89,never,0,0,1,32.95,0,132
54,male,3,2,3.14,current,0,0,0,27.75,0,115
77,female,3,4,NA,never,0,0,0,28.55,0,127
46,female,2,2,NA,former,0,0,0,25.74,0,117
60,female,1,1,0.66,former,0,0,0,33.11,0,118
61,male,3,5,5,never,240,1,1,32.03,0,124
44,male,1,2,1.13,never,0,0,0,32.4,0,109
57,male,3,4,0,never,0,0,0,30.4,0,116
57,male,5,5,5,never,540,1,0,32.1,0,110
80,male,3,4,NA,former,0,0,0,35.47,1,88
52,male,1,1,0.39,never,360,1,0,28.13,0,118
80,female,3,4,1.44,never,0,0,0,NA,0,127
68,female,1,3,1.77,current,0,0,0,28.25,0,124
45,female,2,4,1.75,former,900,1,1,25.76,0,118
41,female,2,4,1.77,never,900,1,0,31.5,0,127
53,male,3,3,4.85,former,0,0,0,27.18,0,121
54,female,1,1,0.37,current,0,0,0,33.6,0,113
58,male,3,3,2.13,current,0,0,0,28.59,0,121
61,male,3,5,4.46,former,0,0,0,26.84,0,122
80,female,3,4,2.13,never,0,0,0,30.17,0,129
44,female,1,5,5,former,0,0,0,32.8,0,118
53,female,4,4,3.28,former,0,0,1,29.48,1,75
63,female,2,5,2.31,former,90,0,0,24.48,0,127
55,female,1,1,1.69,never,0,0,0,30.83,0,115
57,female,1,1,0.77,current,0,0,0,31.46,0,115
50,female,4,4,1.78,never,0,0,0,67.71,0,118
46,female,1,3,0.97,never,90,0,0,21.71,0,109
46,male,3,5,1.28,never,480,1,0,24.21,0,109
42,male,3,5,3.39,never,0,0,0,24.03,0,110
56,female,4,3,5,current,60,0,0,31.74,0,116
77,male,4,2,1.43,former,0,0,0,38.66,1,47
56,female,3,4,2.91,current,0,0,0,32.21,0,111
62,female,3,5,4.62,former,0,0,1,27.29,0,119
71,female,5,1,1.35,never,0,0,0,28.51,0,119
73,male,1,3,3.5,current,0,0,0,22.59,0,126
47,male,1,2,2.27,former,60,0,0,27.81,0,107
62,male,3,5,5,current,480,1,1,30.19,1,29
72,male,3,5,2.95,former,0,0,0,25.51,0,116
40,male,3,2,0.92,current,0,0,0,32.62,0,121
50,male,1,1,0.36,former,0,0,0,24.34,0,119
47,female,1,1,NA,never,0,0,0,22.6,0,110
53,female,3,4,4.89,current,0,0,0,26.31,0,124
43,male,3,5,NA,never,720,1,0,26.31,0,117
45,male,3,2,0.54,never,120,0,0,18.51,0,121
47,male,1,1,1.44,never,0,0,0,30.61,0,116
60,female,4,5,5,former,90,0,0,28.98,0,130
71,male,3,1,1,never,0,0,0,30.63,0,131
43,female,3,3,0.93,never,0,0,0,41.19,0,122
56,male,3,4,4.1,former,0,0,0,31.58,1,95
80,male,3,4,5,never,0,0,1,25.34,1,14
61,male,1,4,4.45,former,0,0,0,28.12,0,120
43,male,4,2,1.29,never,120,0,0,28.97,0,121
45,female,3,2,1.02,current,225,1,0,23.07,1,78
41,female,5,4,5,never,0,0,0,20.98,0,110
60,male,4,5,5,never,0,0,0,22,0,112
67,female,3,5,4.62,former,0,0,1,21.5,0,130
70,female,5,3,0.59,never,0,0,0,20.92,0,130
74,female,5,3,1.01,former,420,1,0,26,0,109
52,male,2,5,5,never,30,0,0,26.9,0,128
48,male,1,4,NA,never,0,0,0,25.29,1,78
59,male,3,3,0.75,current,0,0,1,33.34,1,92
47,male,1,3,NA,never,120,0,1,31.94,0,119
67,female,3,3,5,never,0,0,0,34.6,0,121
49,male,3,5,5,never,360,1,0,21.3,0,123
78,female,3,3,5,never,0,0,0,NA,0,110
48,female,3,4,4.12,current,60,0,0,21.67,0,130
41,male,5,4,5,former,120,0,0,23.39,0,118
42,female,3,5,1.36,never,0,0,0,44.68,0,119
77,male,3,5,2.73,former,270,1,0,22.81,1,98
80,male,3,2,2.33,former,0,0,1,30.3,1,12
42,female,1,4,0.64,former,0,0,0,42.9,0,108
80,male,3,2,1.21,former,0,0,1,31.84,1,91
41,male,4,5,5,never,30,0,0,32.36,0,127
80,female,2,5,0.49,never,0,0,0,21.03,0,128
54,female,3,4,5,never,0,0,0,40.74,0,122
56,male,3,3,1.03,former,0,0,0,41.59,1,83
52,male,3,5,5,never,240,1,0,27.77,0,114
60,female,4,5,5,never,300,1,0,32.18,0,112
49,female,4,2,0.61,current,0,0,0,15.74,0,114
60,female,5,5,5,never,480,1,0,36.58,0,122
63,female,4,4,5,never,540,1,0,30.41,0,122
73,female,4,4,1.48,former,120,0,0,19.01,1,30
54,female,3,5,5,never,120,0,1,22.91,0,131
80,male,3,3,4.43,former,0,0,0,28.14,1,28
57,female,4,3,1.32,former,0,0,0,40.74,0,111
44,female,3,3,2.33,current,0,0,0,21.16,0,114
72,female,3,5,3.09,former,60,0,0,30.37,0,118
40,female,3,4,5,never,0,0,0,28.5,0,124
45,male,4,5,NA,never,0,0,0,27.76,0,118
65,male,3,3,5,former,0,0,1,38.68,1,117
53,male,5,4,0.82,never,210,1,1,30.44,0,114
77,male,3,2,4.26,former,20,0,1,30.95,1,109
63,female,2,5,1.09,former,80,0,0,31.72,0,128
68,female,3,2,NA,former,135,0,0,NA,1,10
54,male,5,5,1.37,current,0,0,0,26.35,0,125
41,male,3,5,5,never,480,1,0,25.91,0,123
47,male,1,1,2.4,never,85,0,0,30.3,0,114
53,female,5,3,0.82,never,0,0,0,29.2,0,113
77,male,2,5,1.85,never,0,0,0,34.89,1,110
80,female,3,2,2.33,never,0,0,1,27.54,1,43
44,female,3,5,5,never,240,1,0,29.27,0,122
42,male,4,5,1.02,never,0,0,0,27.7,0,127
51,female,4,5,NA,never,120,0,0,32.53,0,112
54,male,3,5,2.47,never,70,0,0,41.32,1,11
69,female,3,3,1.73,never,0,0,0,46.36,0,122
50,female,1,4,3.39,never,0,0,0,25.86,0,115
79,male,3,3,2.26,never,120,0,1,22.06,1,90
54,male,3,5,5,never,720,1,0,28.73,0,124
55,male,4,3,3.97,never,60,0,0,27.05,0,124
63,female,5,3,NA,never,40,0,0,28.25,0,112
80,female,3,4,5,never,210,1,1,23.73,1,119
59,female,3,5,5,never,210,1,0,30.23,1,45
80,male,3,3,1.02,current,0,0,0,20.36,1,15
51,female,4,2,NA,never,45,0,0,26.19,0,122
72,female,1,4,2.22,never,180,1,0,21.68,0,121
51,female,3,4,5,current,30,0,0,31.12,0,125
53,male,3,3,1.37,current,0,0,0,34.58,1,16
74,female,3,4,2.03,former,0,0,0,52.87,1,33
48,male,4,4,3.4,never,0,0,0,44.48,1,112
74,male,2,4,1.03,never,0,0,1,31.46,0,120
60,male,1,3,3.05,never,0,0,1,34.6,0,109
58,female,3,4,0.85,never,0,0,0,46.27,0,130
48,male,3,2,0.65,current,0,0,1,27.32,0,120
54,female,4,2,0.66,current,0,0,0,31.01,0,113
69,male,4,1,1.2,never,0,0,0,28.52,0,112
68,male,2,4,1.59,former,0,0,1,25.85,0,111
63,female,3,5,3.69,former,810,1,0,31.89,0,123
55,male,1,1,0.16,never,0,0,0,29.4,0,118
80,female,3,2,3.49,former,0,0,1,40.32,1,50
62,female,1,3,0.44,never,0,0,0,29.19,0,109
58,female,3,5,2.83,never,1200,1,0,34.16,0,126
74,male,3,2,5,former,0,0,0,22.83,0,127
44,female,2,3,NA,never,180,1,0,28.4,0,128
65,male,2,4,0.49,current,0,0,0,25.5,0,127
62,female,3,4,1.03,former,0,0,0,26.29,0,129
67,female,4,3,1,never,0,0,0,31.13,0,123
43,male,3,5,5,former,960,1,0,24.74,0,116
80,female,3,3,NA,former,120,0,1,24.36,1,42
65,female,1,1,0.74,never,0,0,1,28.67,0,112
45,female,3,3,1.81,former,180,1,0,34.45,0,122
80,female,3,3,3.51,never,0,0,1,32.42,1,60
80,female,3,4,4.12,former,2520,1,1,19.81,0,128
65,male,3,2,1.09,current,0,0,1,34.57,1,99
61,male,4,3,5,never,0,0,0,33.36,0,126
57,female,2,4,0.74,never,0,0,0,30.41,0,113
48,male,3,3,5,never,60,0,0,39.63,0,111
42,female,3,4,0.93,current,720,1,1,29.73,0,130
54,male,3,3,4.16,never,240,1,0,26.34,0,131
61,female,3,4,4.92,current,0,0,0,38.49,0,120
42,female,3,5,NA,never,630,1,0,24.7,0,121
64,female,3,2,1.24,never,0,0,1,31.64,1,37
53,female,2,3,0.7,never,0,0,0,26.48,0,114
62,male,3,3,5,former,180,1,0,30.05,0,129
76,male,3,5,2.75,never,0,0,1,23.48,0,122
50,female,3,2,3.43,current,0,0,0,26.09,0,128
50,female,2,1,NA,never,0,0,0,31.97,0,120
45,female,3,2,0.91,current,0,0,0,37.67,0,114
56,female,3,5,5,never,120,0,0,19.54,0,110
53,male,3,3,5,never,0,0,0,25.13,0,123
80,female,3,3,3.43,former,300,1,0,22.47,1,85
44,male,3,5,2.17,never,280,1,0,23.91,0,129
56,female,3,3,1.72,current,0,0,1,23.87,0,114
63,male,3,5,5,never,180,1,0,26.15,0,117
41,female,5,5,1.24,current,0,0,0,18.65,0,113
76,female,1,3,1.11,current,0,0,0,22.82,0,118
48,female,3,5,5,never,75,0,1,26.05,0,128
70,male,3,4,5,never,0,0,0,34.17,1,69
49,female,1,1,NA,never,0,0,0,31.43,0,108
42,male,4,3,5,never,300,1,0,35.39,0,119
57,male,4,4,NA,current,240,1,0,NA,0,123
61,male,1,1,0.55,never,240,1,1,25.43,0,110
73,male,4,4,4.46,former,60,0,1,30.01,0,118
43,male,4,4,3.14,never,1200,1,0,35.86,0,117
57,male,3,3,3.43,never,0,0,0,36.84,0,124
46,female,2,2,0.45,former,0,0,0,36.57,0,114
80,female,3,4,2.4,never,0,0,0,22.24,0,109
59,male,4,4,NA,never,90,0,0,31.91,0,109
65,male,2,1,0.82,former,30,0,0,33.37,0,111
80,male,3,3,0.92,former,0,0,1,28.04,0,120
77,female,3,5,2.77,former,0,0,1,30.7,1,106
62,female,3,4,2.59,never,150,1,0,28.15,0,125
52,female,3,5,5,never,0,0,1,26.7,0,118
73,female,1,1,1.4,never,0,0,0,23.55,0,113
60,female,3,3,5,never,180,1,0,34.51,0,128
55,male,3,4,5,current,0,0,1,23.49,0,111
45,male,3,4,1.57,current,0,0,0,29.71,0,116
43,male,3,3,1.86,former,0,0,0,29.48,0,131
49,male,4,3,2.27,current,0,0,0,18.83,0,117
80,female,3,4,1.99,never,0,0,1,NA,1,1
48,male,3,3,5,former,0,0,0,33.48,0,123
47,female,3,2,NA,never,90,0,1,41.37,0,123
44,male,2,2,1.09,never,1500,1,0,30.51,0,113
76,female,3,4,3.43,never,150,1,0,27.19,0,128
77,male,3,4,0.82,never,30,0,0,22.77,0,113
53,male,4,2,4.92,current,0,0,0,29.59,0,123
43,male,1,1,2.18,never,240,1,0,30.81,0,129
61,female,3,5,5,never,0,0,0,21.4,0,116
40,male,1,4,0.77,current,0,0,0,26.66,0,115
80,female,3,5,3.23,never,150,1,0,17.23,1,104
48,male,3,5,5,never,0,0,1,25.57,0,126
41,male,3,5,5,never,900,1,1,32.83,0,117
79,female,3,4,2.4,never,0,0,0,20.92,0,112
71,male,4,4,3.43,former,120,0,1,28.82,0,128
54,male,4,2,NA,former,0,0,0,25.57,0,117
49,female,3,4,5,former,1200,1,0,33.49,0,130
66,female,2,1,1.11,never,0,0,0,39.12,0,113
42,female,1,1,1.01,never,0,0,0,26.51,0,119
56,male,3,5,5,former,360,1,0,26.82,0,116
43,female,3,1,0.96,current,0,0,0,54.41,0,128
61,female,2,3,5,never,0,0,1,40.34,0,111
56,female,1,1,5,never,0,0,0,31.75,0,112
74,female,3,4,5,former,240,1,1,25.83,0,108
52,female,3,4,3.42,never,615,1,0,25.17,0,118
71,female,4,2,1.97,never,0,0,0,44.95,0,118
66,female,4,5,5,former,200,1,0,35.02,0,118
80,female,5,5,1.1,never,70,0,1,35.42,1,68
67,female,3,4,5,never,180,1,0,28.97,0,121
75,female,3,3,5,never,0,0,0,23.1,0,126
80,male,3,5,5,never,0,0,0,32.72,1,40
80,male,3,5,2.75,never,0,0,1,31.7,0,125
73,female,4,2,3.43,never,0,0,0,26.79,1,40
43,male,4,4,5,never,0,0,0,37.03,0,112
50,female,3,2,0.89,current,0,0,1,22.74,0,116
53,male,3,4,2.75,former,0,0,0,29.81,0,128
80,female,4,3,5,former,0,0,0,15.86,1,67
73,male,3,2,3.43,never,0,0,1,26.13,1,43
61,female,1,3,2.18,never,0,0,0,29.42,0,110
50,male,3,5,5,never,450,1,0,25.74,0,108
80,male,3,4,1.29,never,30,0,1,24.38,1,72
40,female,3,3,0.73,former,0,0,0,39.55,0,115
50,male,3,5,5,former,360,1,0,29.05,0,124
74,female,3,2,0.11,former,0,0,0,30.45,1,25
80,male,4,3,1.72,never,0,0,1,29.72,0,118
60,female,2,1,2.08,never,0,0,0,29.58,0,117
78,male,3,5,1.94,former,210,1,0,22.62,0,127
80,female,4,1,0.91,never,70,0,0,45.23,1,93
60,female,2,1,0.44,never,0,0,0,22.67,0,118
68,male,2,3,NA,never,0,0,0,NA,0,112
46,female,3,4,2.03,current,0,0,1,19.02,0,115
62,female,1,1,0.02,current,0,0,0,27.7,0,121
48,female,3,4,5,never,510,1,1,21.89,0,122
68,male,3,4,4.8,former,0,0,1,39.28,0,111
57,female,1,1,1.13,never,0,0,0,28.46,0,109
57,male,4,4,5,never,270,1,0,29.85,0,113
80,female,4,4,1.75,former,0,0,0,28.89,0,119
67,female,3,4,NA,never,720,1,0,24.56,0,126
58,female,3,4,5,former,570,1,0,28.37,0,108
80,female,4,5,1.66,former,0,0,0,22.84,1,48
68,male,1,1,2.13,never,0,0,1,32.62,1,54
76,female,3,2,4.8,former,0,0,1,38.66,0,123
40,male,3,3,0.89,current,0,0,0,28.42,0,122
40,female,2,5,3.28,never,1350,1,0,24,0,120
48,male,2,5,5,never,720,1,0,28.67,0,122
62,male,3,4,2.95,former,45,0,0,27.35,0,118
45,male,3,5,4.17,never,1800,1,0,25.69,0,124
73,female,1,1,0.41,never,0,0,NA,42.22,0,122
62,male,4,4,NA,never,240,1,0,34.58,0,117
65,male,3,5,5,never,240,1,1,21.48,0,115
80,female,3,2,2.31,never,75,0,1,24.79,1,63
41,female,3,5,5,never,270,1,0,24.81,0,109
80,female,3,4,2.22,never,180,1,1,18.91,1,67
58,male,3,1,NA,current,0,0,1,18.28,0,127
45,male,1,2,2.54,never,60,0,0,33.33,0,109
49,female,1,1,0.74,never,0,0,0,31.19,0,109
50,male,3,5,2.77,never,90,0,0,24.17,0,122
58,male,3,3,2.23,current,0,0,1,30.07,0,124
45,female,1,3,1.37,former,0,0,0,30.21,0,114
61,male,2,5,5,never,840,1,0,29.51,0,123
65,male,2,1,NA,never,0,0,1,31.35,0,128
79,female,3,3,2.75,never,0,0,0,26.91,0,115
79,male,4,1,1.24,current,0,0,1,20.5,1,9
48,male,2,4,1.77,never,0,0,0,32.08,0,114
78,male,4,3,4.12,current,0,0,0,22.19,0,112
43,male,3,2,0.83,current,0,0,0,20.38,0,122
46,female,3,4,0.92,current,300,1,0,27.93,0,128
75,male,3,3,1.11,former,360,1,1,26.89,1,30
40,male,3,4,3.11,former,270,1,1,36.39,0,118
41,female,3,5,1.11,never,120,0,0,44.73,0,129
70,female,3,3,1.58,former,45,0,0,36.35,0,120
43,female,4,1,0.93,current,0,0,0,27.98,1,111
72,female,3,2,1.2,never,0,0,1,36.23,0,116
72,female,4,4,3.14,current,0,0,1,25.96,0,111
64,male,3,2,0.76,former,0,0,0,26.65,0,112
75,male,3,5,5,former,720,1,1,25.1,0,108
40,female,3,4,4.31,never,0,0,0,26.49,0,109
72,female,3,4,1.7,never,0,0,0,35.92,0,130
80,male,3,3,2.4,former,300,1,1,27.46,0,110
62,male,3,2,1.93,former,420,1,0,27.12,0,130
76,female,3,3,1.85,former,60,0,0,31.87,0,122
43,male,3,4,4.1,former,720,1,0,26.43,0,121
47,male,1,1,1.01,former,0,0,0,27.52,0,121
78,female,3,2,3,never,0,0,0,23.78,1,118
73,male,3,4,1.26,former,420,1,1,25.56,1,27
48,male,1,2,0.59,former,0,0,0,29.4,0,119
69,male,5,2,4.21,never,420,1,0,21.87,0,124
72,female,3,4,3.6,never,0,0,1,30.12,0,122
40,female,3,3,4.85,never,150,1,0,23.31,0,122
75,female,3,4,NA,former,90,0,1,24.13,0,116
46,male,4,3,0,current,240,1,0,22.22,0,128
50,male,3,5,5,never,720,1,0,44.42,0,118
80,male,3,1,1.92,never,0,0,1,23.67,1,12
74,female,4,2,NA,never,0,0,0,26.94,0,124
62,male,4,5,0.69,never,0,0,1,26.73,1,93
63,female,1,1,1.37,never,105,0,0,32.38,0,116
68,male,3,2,0.62,current,0,0,0,25.45,0,123
75,male,1,1,NA,former,210,1,0,25.47,0,128
50,male,3,4,4.12,former,0,0,0,29.34,0,120
54,female,3,2,5,former,540,1,0,24.15,0,122
60,male,1,1,0.68,current,0,0,0,26.31,0,110
46,male,5,5,5,never,240,1,0,25.12,0,115
80,male,5,2,0.93,never,0,0,0,26.11,1,98
68,male,4,3,2.4,never,210,1,0,20.69,0,113
67,female,1,1,0.41,never,0,0,0,30.2,0,123
41,male,3,5,5,never,225,1,0,34.04,0,108
71,female,1,1,NA,never,0,0,0,30.08,0,108
60,male,4,4,1.82,former,0,0,1,33.81,0,119
53,male,3,5,5,never,600,1,0,21.55,0,120
50,female,3,3,3.55,never,0,0,0,33.67,0,127
42,female,4,3,0.18,never,0,0,0,40.35,0,126
47,female,4,4,1.44,never,0,0,0,38.09,0,115
62,male,3,1,0.87,former,0,0,1,31.2,1,104
50,female,3,4,1.3,never,180,1,0,24.21,0,121
48,male,3,4,0.69,current,105,0,0,22.24,0,131
52,female,3,3,1.24,current,180,1,0,31.01,0,130
46,female,4,3,3.28,never,0,0,0,35.01,0,113
68,female,3,3,1.29,never,0,0,1,32.88,0,132
60,male,2,3,3.98,never,0,0,0,30.28,0,114
56,female,3,5,5,never,120,0,0,21.15,0,118
41,male,4,4,0.54,never,180,1,0,27.92,0,122
47,female,3,5,4.27,never,0,0,1,31.51,0,116
54,male,4,3,1.11,former,180,1,0,23.51,0,128
80,female,3,5,2.75,never,1050,1,0,19.87,0,126
77,female,4,1,NA,current,0,0,0,19.38,0,131
68,male,3,3,4.12,former,0,0,1,30.2,1,35
72,female,3,5,5,never,0,0,1,25.19,0,122
47,male,3,5,5,never,510,1,0,25.92,0,115
79,female,3,4,2.4,former,0,0,0,38.09,1,35
60,female,3,2,0.38,never,0,0,0,26.32,0,122
53,male,5,5,NA,never,0,0,0,26.63,0,124
43,male,4,4,5,former,0,0,0,42.97,0,113
49,male,1,5,3.68,never,600,1,0,23.17,0,108
69,female,3,2,1.92,former,0,0,0,45.12,0,122
64,male,3,4,5,current,135,0,1,34.34,0,110
79,female,3,2,0.92,former,0,0,1,22.49,1,7
60,female,1,1,0.54,never,0,0,0,31.49,0,115
60,female,4,2,0.41,current,0,0,0,37.77,0,123
49,male,3,4,0.55,current,420,1,1,21.86,0,109
47,female,1,1,1.4,former,0,0,0,28.72,0,113
73,male,2,4,NA,former,0,0,0,36.45,1,118
42,male,3,2,5,never,0,0,0,25.43,0,116
61,female,1,1,0.88,never,0,0,0,31.22,0,131
47,male,3,4,4.08,never,0,0,0,34.33,0,110
40,male,1,3,1.44,never,0,0,0,34.26,0,119
68,female,1,1,0.66,former,180,1,1,42.08,0,108
72,female,3,5,2.4,former,0,0,0,32.83,1,48
54,male,3,3,5,current,0,0,1,23.33,1,98
50,male,2,2,1.85,current,90,0,0,36.78,0,114
63,female,2,4,0.08,never,40,0,0,25.1,0,126
45,female,2,4,5,never,240,1,1,25.61,0,110
42,female,1,4,1.69,never,50,0,0,21.79,0,121
42,male,3,2,1.2,current,0,0,0,29.46,1,98
68,female,3,3,0.89,former,0,0,0,21.43,0,132
73,male,2,4,0.69,former,0,0,1,NA,1,29
41,female,1,5,3.17,never,240,1,0,26.72,0,117
50,male,3,5,5,never,240,1,0,34.01,0,125
51,male,5,1,NA,never,0,0,0,21.87,0,114
62,female,3,3,2.95,never,0,0,0,31.21,0,110
80,female,3,4,2.11,never,150,1,1,21.41,1,48
59,female,3,2,2.2,former,120,0,0,35.73,0,128
46,male,4,4,5,current,0,0,0,30.31,0,127
76,female,3,2,3.43,current,600,1,0,20.27,0,130
61,female,3,4,NA,former,0,0,0,25.81,0,124
49,male,3,4,4.42,current,0,0,0,35.47,1,29
57,male,5,3,1.26,former,0,0,0,23.96,1,104
75,female,3,3,NA,current,0,0,0,22.81,0,115
49,female,3,4,1.11,current,40,0,0,26.59,0,110
73,male,1,1,0.54,former,1260,1,0,25.15,1,76
76,female,4,4,2.25,never,0,0,0,39.16,0,129
57,male,4,5,5,never,0,0,1,33.49,0,122
80,female,3,3,1.85,never,0,0,1,28.48,1,39
80,female,3,4,2.2,never,0,0,0,24.01,1,33
48,male,4,5,NA,former,180,1,0,26.51,0,119
44,male,4,2,0.66,current,0,0,0,26.6,1,96
66,male,3,5,5,former,120,0,0,26.6,0,117
65,male,3,5,5,never,2520,1,0,27.02,0,124
61,male,1,5,4.46,current,0,0,0,33.98,0,130
45,male,3,4,NA,former,0,0,0,31.35,0,121
51,female,1,3,3.43,never,0,0,0,32.49,0,119
79,male,3,5,3.43,former,0,0,1,23.89,0,130
74,male,1,5,2.27,never,720,1,0,27.66,0,110
80,male,1,1,NA,never,0,0,0,24.37,1,51
46,male,3,2,1.09,never,270,1,0,35.43,0,122
49,female,1,1,0.74,never,60,0,0,30.65,0,115
45,female,3,5,5,never,270,1,0,20.27,0,120
62,male,1,5,5,never,0,0,0,33,0,110
75,female,3,4,5,former,0,0,0,40.74,0,129
49,female,4,5,4.92,never,0,0,0,41.43,0,126
52,male,3,4,2.06,current,0,0,0,24.72,0,110
64,female,4,2,2.18,never,0,0,0,23.39,0,127
46,male,3,4,5,former,450,1,0,25.85,0,118
55,male,3,3,3.23,never,0,0,0,28.66,0,119
68,male,4,2,4.12,never,0,0,0,30.37,0,128
55,male,5,2,1.91,never,0,0,0,26.29,0,110
69,female,3,2,1.43,never,0,0,0,24.49,0,128
63,male,3,3,3.4,former,0,0,1,NA,0,115
74,female,3,4,3.09,former,10,0,1,23.38,0,129
59,female,3,3,0.6,current,0,0,0,31.34,0,123
54,female,4,2,1.78,never,0,0,0,46.11,1,74
80,female,3,4,1.29,never,0,0,0,26.13,0,130
61,female,2,5,0.82,current,150,1,0,27.5,0,126
54,male,1,1,1.37,never,0,0,0,27.77,0,112
43,female,1,1,2.49,never,225,1,0,28.98,0,119
67,male,1,1,1.2,former,0,0,0,27.18,0,109
68,female,2,4,1.94,never,0,0,0,27.84,0,128
41,male,4,3,1.35,never,0,0,0,37.72,0,111
63,male,2,1,1.39,former,120,0,0,25.64,1,87
76,female,4,2,1.08,never,0,0,0,33.6,0,127
50,male,4,1,1.57,current,0,0,0,32.78,0,131
49,male,4,5,3.68,never,0,0,0,36.49,0,124
40,male,3,4,4.54,never,180,1,0,24.73,0,123
57,female,4,4,1.09,never,0,0,0,25.28,0,128
49,male,2,2,NA,current,0,0,0,27.8,0,120
48,female,4,3,0.81,former,0,0,0,27.18,0,113
55,male,3,4,5,never,840,1,1,22.84,0,107
77,male,1,4,1.48,never,0,0,0,40.17,1,109
70,male,3,5,5,former,160,1,1,26.34,0,111
40,male,1,3,1.45,never,0,0,0,36.32,0,128
75,male,3,5,4.46,current,0,0,0,30.67,0,128
46,female,3,5,5,never,0,0,0,25.44,0,129
45,female,3,2,5,current,0,0,0,24.24,0,121
60,male,4,3,0.82,never,175,1,0,29.2,0,114
40,female,1,1,1.12,never,0,0,0,33.9,0,124
48,female,3,5,5,never,390,1,0,18.88,0,114
42,female,2,2,2.4,never,0,0,0,21.84,0,112
48,male,1,3,1.09,current,0,0,0,25.67,0,109
50,female,2,3,NA,never,0,0,0,21.98,0,113
56,male,4,3,2.75,never,315,1,0,23.72,0,114
80,male,4,4,2.04,never,0,0,1,20.69,1,8
75,male,3,3,2.06,never,0,0,0,25.06,0,121
41,male,1,2,1.52,never,0,0,0,30.78,0,112
80,female,3,3,1.11,never,0,0,1,18.65,1,57
80,female,1,4,1.85,never,0,0,0,29.54,0,113
59,male,3,4,0.92,current,0,0,0,NA,1,98
40,female,4,3,0.92,never,0,0,0,37.79,0,126
68,male,2,2,2.88,current,0,0,1,30.88,0,110
41,female,2,1,0.68,current,40,0,0,32.52,0,126
47,female,1,2,1.1,never,0,0,0,29.68,0,120
53,female,1,1,1.37,never,180,1,0,25.36,0,111
51,male,2,3,2.36,never,0,0,0,26.48,0,117
66,male,2,2,0.86,never,0,0,0,22.26,0,131
74,male,3,4,NA,former,1480,1,1,27.11,0,117
74,female,3,3,1.66,never,60,0,0,26.66,0,120
40,female,1,2,1.52,never,0,0,0,31.25,0,113
59,female,3,5,4.46,former,180,1,0,19.78,0,121
67,male,3,3,0.82,current,0,0,0,28.98,1,61
50,female,3,5,3.77,former,120,0,0,21.14,0,129
54,female,3,4,0.55,former,180,1,0,32.64,0,122
50,female,5,5,NA,never,120,0,0,33.82,0,116
43,male,5,4,3.46,never,0,0,0,33.61,0,112
67,male,4,2,1.61,former,0,0,0,27.87,1,58
46,male,2,5,5,former,660,1,0,30.18,0,119
47,female,3,3,3.6,current,600,1,0,23.4,0,110
74,female,3,4,1.2,never,30,0,0,33.37,0,112
45,male,2,3,2.75,current,0,0,0,31.19,0,114
71,male,3,2,1.13,former,0,0,0,29.03,0,129
53,male,5,5,5,never,40,0,0,32.65,0,122
71,male,4,3,2.77,never,0,0,1,30.52,1,84
77,male,2,1,NA,never,0,0,0,32.87,1,2
45,male,2,3,4.37,former,60,0,0,34.72,0,128
64,male,1,1,NA,former,0,0,0,39.58,1,76
63,female,4,3,NA,former,120,0,0,27.01,0,132
53,male,3,2,0.86,former,0,0,0,27.46,0,132
48,male,3,5,3.82,former,0,0,0,41.54,0,124
45,male,3,4,3.63,never,360,1,0,36.44,0,129
56,male,4,1,NA,current,0,0,0,21.4,1,14
48,male,3,3,1.1,current,60,0,0,24.79,0,122
80,female,3,5,5,never,0,0,1,28.8,0,115
49,male,1,1,3.17,never,0,0,1,30.79,0,116
52,male,3,3,1.24,current,0,0,0,38.84,0,118
75,female,4,3,NA,former,0,0,1,35.42,0,121
66,female,2,4,1.48,never,0,0,0,27.27,0,125
74,male,3,5,4.92,former,900,1,1,28.85,0,124
40,female,3,3,5,current,120,0,0,23.08,0,123
69,male,4,2,0.89,former,30,0,0,33.92,1,33
61,female,1,2,1.09,never,0,0,0,29.03,0,125
80,female,3,3,0.78,never,0,0,1,31.71,1,96
60,male,3,3,4.12,current,0,0,0,30.75,0,111
60,female,2,2,NA,never,0,0,0,38.25,0,121
65,male,3,3,NA,former,0,0,0,35.68,0,114
57,male,3,1,1.26,former,0,0,0,30.21,1,9
52,male,1,1,1.72,former,1680,1,0,26.95,0,130
51,male,4,2,0.92,current,0,0,0,25.53,0,130
74,female,3,4,NA,never,125,0,1,28.37,0,122
65,female,4,3,3.36,former,190,1,0,24.55,0,119
80,male,2,3,NA,never,0,0,0,26.39,1,33
55,male,4,2,1.63,current,0,0,0,23.23,0,131
68,male,1,1,2.13,former,0,0,0,26.35,0,119
80,female,3,3,NA,never,0,0,0,19.88,1,32
78,female,3,5,5,never,540,1,0,35.48,1,87
47,female,3,4,1.85,current,60,0,1,40.04,0,121
65,female,3,3,5,current,0,0,1,20.58,1,86
54,male,3,5,5,never,30,0,0,25.71,0,121
61,female,5,4,4.67,never,60,0,0,28.47,0,122
80,male,4,2,2.18,never,0,0,1,25.77,1,78
75,male,1,2,0.82,never,40,0,0,27.63,0,111
75,male,3,4,5,never,180,1,0,29.5,1,98
46,male,1,4,3.88,never,210,1,0,25.39,0,108
46,male,3,3,1.36,current,0,0,0,25.87,0,124
46,female,3,4,5,never,420,1,0,29.93,0,123
73,female,2,1,0.64,never,0,0,0,24.56,0,121
52,female,4,3,3.85,never,0,0,0,25.04,0,118
66,male,3,5,5,never,0,0,0,36.22,1,99
45,female,3,4,1.2,current,0,0,0,27.28,0,121
68,female,3,3,2.06,never,0,0,0,29.08,0,127
60,male,4,1,0.68,current,0,0,NA,28.08,1,30
44,female,3,2,1.36,current,0,0,1,24.7,0,112
53,male,2,4,1.36,former,0,0,1,25.95,1,74
54,female,3,4,0.69,current,0,0,0,26.53,0,121
76,female,3,3,4.12,former,0,0,1,23.07,0,127
78,female,3,2,3.43,never,0,0,1,25.59,1,89
47,female,1,2,0.61,former,120,0,0,35.91,0,110
72,male,1,1,0.84,current,0,0,0,24.91,1,112
80,male,3,3,2.47,former,90,0,1,25.27,1,13
43,female,1,2,1.44,never,0,0,0,28.36,0,121
56,female,3,3,5,never,420,1,0,36.91,0,120
80,female,3,4,0.76,never,0,0,1,26.85,1,51
77,male,3,5,2.75,former,180,1,1,26.43,1,21
58,female,1,4,1.24,former,180,1,1,34.83,1,57
75,male,3,5,4.8,former,0,0,1,28.2,1,104
80,male,4,3,1.27,current,0,0,1,17.34,1,54
65,female,4,2,0.6,current,0,0,1,26.58,1,82
49,male,3,3,0.06,current,0,0,0,40.08,0,122
66,male,1,4,1.55,former,720,1,0,28.77,0,112
67,female,1,1,NA,never,0,0,0,27.44,0,109
59,male,1,1,0.88,never,0,0,0,23.27,0,116
53,female,4,3,0.41,never,0,0,0,32.84,0,115
55,male,5,5,5,current,360,1,0,26.03,0,116
60,male,1,1,2.26,never,90,0,0,30.26,0,117
40,female,4,4,1.35,current,270,1,0,43.01,0,110
76,male,3,5,1.17,never,0,0,1,33.71,1,55
42,female,3,4,5,former,0,0,0,23.29,0,117
63,male,4,4,3.77,former,0,0,0,29.24,0,130
45,male,2,4,3.09,never,0,0,0,26.56,0,116
61,male,1,1,0.74,never,0,0,1,27.26,0,108
80,female,3,3,1.16,never,0,0,1,24.61,0,130
73,female,4,5,0.82,former,0,0,1,33.09,0,128
64,female,3,3,2.06,never,0,0,0,35.45,0,130
64,female,2,3,1.11,never,0,0,1,28.74,1,116
41,female,2,4,5,former,360,1,0,32.18,0,116
44,female,1,1,0.87,never,10,0,0,29.64,0,114
67,male,3,3,3.77,former,480,1,0,32.92,0,125
70,male,3,3,3.43,former,0,0,0,31.66,0,130
59,female,3,3,2.51,never,0,0,0,28.27,0,131
74,male,3,5,5,former,60,0,1,23.81,1,73
69,female,4,3,4.16,never,520,1,0,33.57,0,123
55,female,1,2,NA,former,0,0,0,29.56,0,115
69,female,4,4,NA,never,0,0,0,42.17,0,112
61,female,1,1,2.33,never,0,0,0,35.05,0,115
74,male,4,4,NA,never,0,0,1,27.49,1,60
49,female,1,1,NA,never,0,0,0,34.33,1,36
58,male,4,2,3.05,current,90,0,0,27.34,1,50
41,female,5,1,0.82,never,180,1,0,20.58,0,111
69,female,4,4,1.63,never,0,0,0,25.62,0,113
62,female,1,1,0.62,former,0,0,0,38.69,0,112
71,female,3,2,5,never,0,0,0,30.23,0,117
62,male,2,4,3.17,former,0,0,0,22.39,0,112
41,female,1,3,NA,former,420,1,0,25.47,0,115
52,male,1,1,NA,never,0,0,0,25.54,0,129
57,male,3,5,0.13,current,390,1,0,26.49,0,117
80,male,3,2,NA,former,0,0,1,28.67,0,113
45,female,4,2,0.39,never,0,0,0,65.62,0,116
79,female,4,2,3.69,never,0,0,0,32.15,0,130
80,female,4,3,1.39,never,0,0,0,17.73,0,115
51,female,3,2,0,current,0,0,1,18.62,1,76
61,female,1,3,0.69,never,0,0,0,28.95,0,118
59,female,3,3,1.29,current,0,0,1,41.03,0,113
60,female,3,4,5,former,0,0,0,24.42,0,122
46,male,3,2,0.37,never,0,0,0,32.47,0,122
80,female,3,3,5,never,0,0,0,20.37,1,97
62,male,3,4,5,former,600,1,0,29.59,0,121
63,male,1,2,NA,current,240,1,1,36.4,0,123
60,male,1,1,2.95,current,0,0,0,25.21,0,127
63,male,3,2,4.46,current,0,0,1,37.68,1,61
70,female,3,5,5,former,270,1,0,24.28,0,121
48,male,3,5,5,never,480,1,0,24.32,0,109
44,male,4,3,0,current,0,0,0,19.25,0,117
40,male,3,4,5,current,0,0,0,33.85,0,118
59,male,3,3,5,former,0,0,0,34.69,0,110
53,female,3,4,1.11,never,0,0,0,33.13,0,114
45,female,3,5,4.54,never,210,1,0,24.34,0,121
66,male,3,1,0.48,never,0,0,0,21.6,1,109
47,male,5,5,4.27,current,0,0,0,28.71,0,112
68,male,3,5,5,never,420,1,1,28.68,0,117
51,male,1,3,2.7,never,120,0,1,25.79,0,119
55,male,3,4,1.24,former,0,0,0,28.32,0,111
80,female,3,2,1.11,former,0,0,1,26.42,1,81
41,female,5,4,1.18,never,150,1,0,36.5,0,115
64,male,3,3,5,never,240,1,0,31.86,0,117
70,male,3,5,3.09,former,450,1,0,31.29,0,120
58,female,3,5,5,former,0,0,0,41.5,0,133
59,female,3,3,3.42,never,315,1,0,23.18,0,131
60,female,3,5,NA,former,0,0,0,34.66,0,129
57,male,4,3,0.28,current,80,0,0,17.93,0,116
63,male,4,4,1.64,current,900,1,0,24.48,0,126
80,female,5,4,1.09,former,70,0,1,27.92,1,87
46,female,1,1,2.27,former,360,1,0,27.35,0,106
66,female,3,5,3.6,former,140,0,0,33.33,0,124
57,female,5,1,3.5,never,0,0,0,23.32,0,111
80,female,3,5,NA,current,140,0,1,31.63,1,22
75,female,3,5,5,former,90,0,1,30.8,0,121
79,female,1,1,1.69,former,0,0,0,29.14,0,117
59,male,2,4,1.71,former,0,0,0,33.7,0,132
54,male,3,5,5,never,0,0,0,37.97,0,124
56,male,3,5,5,former,160,1,1,23.04,0,117
57,female,3,4,5,never,180,1,0,29.47,0,108
74,female,1,2,2.27,former,0,0,1,27.3,0,109
78,male,4,2,1.66,never,0,0,1,20.08,1,98
62,female,2,4,5,never,60,0,0,29.48,0,112
61,female,3,1,0.76,former,0,0,0,35.06,0,127
52,male,1,1,2.33,former,0,0,0,28.45,0,115
65,female,1,2,NA,former,70,0,0,25.67,0,108
59,male,4,2,NA,current,0,0,0,22.36,0,122
79,female,1,2,NA,never,0,0,0,28.56,1,96
77,female,1,1,0.95,never,0,0,1,38.32,1,91
57,male,1,5,5,never,180,1,0,30.93,0,109
61,male,3,4,1.65,current,0,0,0,43.44,1,50
41,female,1,3,0.91,former,0,0,0,20.87,0,124
50,male,2,4,5,current,315,1,0,25.97,0,115
48,male,4,3,NA,never,210,1,0,32.95,0,115
74,female,3,3,0.89,never,0,0,1,27.33,0,113
51,male,4,4,0,current,0,0,1,23.2,1,100
48,female,3,1,0.91,current,0,0,0,16.38,0,111
72,male,3,5,NA,never,100,0,1,26.35,0,119
49,male,3,4,5,never,1680,1,0,33.18,0,117
42,male,1,1,1.72,current,60,0,0,20.33,0,130
74,female,3,2,1.66,former,120,0,0,41.89,0,128
41,female,5,4,3.93,never,0,0,0,25.7,0,116
41,female,3,4,1.15,current,0,0,0,39.06,0,122
64,female,3,5,4.8,never,0,0,0,28.78,0,117
54,female,1,3,2.7,never,210,1,0,22.13,0,119
44,female,1,1,0.31,never,300,1,0,34.29,0,110
48,male,2,2,NA,former,0,0,0,27.29,0,117
60,female,1,2,0.37,never,0,0,1,39.49,1,107
77,female,1,2,1.29,former,0,0,1,28.51,1,112
45,female,5,4,1.91,never,0,0,0,27.69,0,125
43,female,4,4,0.95,former,0,0,0,31.55,0,130
70,male,3,4,2.31,never,225,1,0,20.79,1,9
80,female,3,4,3.85,never,0,0,1,27.09,1,99
44,female,5,5,5,never,300,1,0,31.88,0,124
53,male,1,2,2.31,never,0,0,0,26.91,0,110
54,male,3,5,4.92,former,0,0,0,25.16,0,111
74,female,4,4,2.77,never,0,0,0,18.94,0,113
58,female,3,4,5,never,180,1,0,27.86,0,122
40,male,3,3,1.29,current,0,0,0,38.64,1,82
55,male,5,3,NA,never,0,0,0,28.48,0,116
80,male,3,4,2.77,former,0,0,0,29.1,1,110
80,female,3,1,0.51,never,0,0,0,23.81,0,130
51,male,2,4,0.38,never,140,0,0,29.9,0,116
54,female,4,5,2.71,never,180,1,1,48.09,0,113
80,female,3,2,1.21,never,0,0,0,37.77,0,123
44,female,4,2,0.61,current,630,1,0,47.85,0,111
73,female,3,5,5,former,240,1,0,24.99,0,123
47,male,1,4,2.71,never,120,0,0,35.67,0,122
52,male,3,3,5,never,105,0,1,33.16,0,128
67,male,2,2,0.89,current,0,0,1,23.52,1,111
52,female,2,2,2.59,never,180,1,0,29.25,0,111
62,female,1,1,1.78,never,0,0,0,30.54,0,120
74,male,5,3,0.48,former,350,1,0,23.78,0,129
50,male,3,3,5,never,60,0,0,27.2,0,129
80,male,3,3,2.75,former,0,0,1,31.28,1,24
42,female,1,1,0.21,never,0,0,0,33.81,0,124
58,male,3,4,5,former,360,1,0,29.79,0,121
40,male,3,3,2.33,former,480,1,0,25.41,0,123
77,male,2,1,NA,current,0,0,0,27.77,0,119
60,male,4,4,NA,never,900,1,0,32.15,0,121
68,male,3,5,5,never,600,1,0,29.94,0,123
76,female,3,5,3.43,never,0,0,0,23.56,1,73
70,male,3,5,3.09,never,60,0,1,30.52,0,111
58,female,4,2,NA,never,180,1,0,33.58,0,126
61,male,3,5,5,never,360,1,0,28.21,0,119
42,male,3,5,4.54,never,720,1,0,25.44,0,122
55,female,4,4,0.92,current,70,0,0,42.71,0,116
76,female,2,4,2.95,never,20,0,0,29.48,0,122
68,male,4,3,1.92,current,0,0,0,22.32,0,112
47,female,3,3,5,former,180,1,0,23.26,0,110
72,female,1,1,0.84,never,0,0,0,25.05,1,1
50,male,4,3,3.49,current,0,0,0,43.84,1,26
72,male,5,5,2.06,never,150,1,0,24.25,0,116
68,male,1,1,1.32,former,0,0,0,26.97,0,115
51,male,1,1,0,current,0,0,0,26.75,0,113
80,female,3,3,1.11,never,0,0,1,26.01,1,34
46,male,2,4,1.11,never,540,1,0,29.52,0,127
60,female,3,2,0.55,former,0,0,1,56.65,1,81
56,male,4,4,1.25,never,300,1,0,54.93,0,121
80,female,3,4,1.39,never,0,0,0,29.76,0,130
63,male,3,4,3.23,never,0,0,1,34.43,1,62
54,male,3,5,5,current,720,1,0,23.25,0,124
73,male,1,3,0.69,former,0,0,0,26.98,1,78
70,male,1,1,1.77,former,0,0,1,26.72,1,110
43,male,3,5,0,former,540,1,0,26.73,0,131
60,male,1,1,3.1,former,0,0,0,23.62,0,114
61,male,5,3,0.55,never,0,0,0,20.87,0,112
80,female,3,3,1.18,former,0,0,1,31.53,1,54
58,male,3,5,5,never,210,1,0,27.87,0,119
65,male,1,1,NA,current,0,0,NA,27.45,0,115
80,female,3,5,0.32,never,0,0,1,27.59,1,35
51,female,3,4,2.86,never,0,0,0,32.05,0,120
64,male,3,5,5,never,210,1,0,26.39,0,125
61,female,3,3,0.69,never,0,0,0,33.07,0,118
80,male,3,1,1.37,never,0,0,0,29.87,1,74
57,male,2,4,NA,never,0,0,0,28.12,0,120
40,male,2,4,0.78,never,1830,1,0,24.67,0,121
75,male,3,3,3.43,former,0,0,1,17.64,0,119
61,female,3,3,1.03,former,225,1,0,32.93,0,110
43,female,1,3,1.36,never,0,0,1,22.12,0,116
45,male,3,3,5,former,1320,1,0,33.27,0,125
74,female,3,3,2.29,former,0,0,0,32.03,0,131
57,female,4,3,5,never,60,0,0,36.66,0,127
66,male,1,1,1.37,never,0,0,0,29.62,0,116
80,female,3,2,1.11,never,0,0,0,28.93,1,8
78,male,3,2,5,never,0,0,1,26.73,0,108
45,female,3,5,4.65,former,180,1,0,23.53,0,129
54,female,3,3,1.53,current,0,0,0,NA,0,125
65,female,3,4,3.97,never,150,1,0,26.25,0,121
60,female,1,1,0.65,never,260,1,0,31.24,0,118
80,male,2,4,0.08,never,0,0,1,22.94,1,30
54,male,3,2,2.91,current,0,0,0,26.49,0,124
53,female,3,2,2.15,current,0,0,1,27.8,0,119
72,female,1,4,2.06,never,0,0,0,25.06,0,108
69,female,3,3,0.74,never,0,0,0,15.22,0,118
58,male,3,5,5,former,0,0,0,38.41,1,101
53,female,3,4,0.55,former,0,0,0,20.12,0,128
63,female,4,4,2.75,former,0,0,0,29.72,0,115
62,male,1,5,5,never,360,1,0,31.72,0,112
73,male,3,4,5,never,300,1,1,21.37,0,127
41,male,1,1,0.74,former,0,0,0,26.31,0,112
73,female,2,1,NA,never,1380,1,0,19.6,0,117
71,male,4,2,1.37,never,0,0,0,23.96,1,65
64,male,3,3,0.83,current,0,0,0,29.25,0,121
51,male,4,3,0,former,840,1,0,24.37,0,130
67,female,3,4,2.4,former,60,0,1,24.22,0,129
70,male,3,2,1.72,former,0,0,0,26.6,0,130
64,male,3,5,4.64,never,135,0,1,29.1,0,127
55,male,3,3,3.43,never,0,0,0,37.59,0,119
78,male,3,5,3.43,never,0,0,1,23.31,0,128
80,female,3,4,1.57,former,0,0,1,19.25,1,12
40,female,1,2,1.35,never,0,0,0,29.77,0,120
47,male,4,4,5,never,720,1,0,26.22,0,117
48,female,4,4,3.04,never,0,0,0,40.18,0,110
50,male,4,5,5,former,270,1,0,28.13,0,130
71,male,4,2,3.26,never,0,0,1,25.77,0,113
66,female,4,4,5,never,450,1,0,31.29,0,121
43,female,3,2,0.38,current,150,1,0,21.31,0,122
47,female,4,3,NA,never,0,0,0,35.79,0,123
60,male,1,3,0.68,current,0,0,NA,33.94,0,116
80,female,2,1,2.71,never,0,0,0,NA,0,109
43,female,3,4,1.29,never,0,0,0,32.42,0,126
48,female,3,3,3.5,never,60,0,0,28.97,0,118
68,female,1,1,1.2,current,45,0,0,26.56,0,110
42,female,3,1,0.03,current,0,0,0,32.76,0,122
51,male,3,5,5,never,180,1,1,28.05,0,124
45,female,1,1,2.09,never,0,0,0,29.57,0,115
43,male,3,3,1.85,never,0,0,0,24.12,0,131
45,male,2,5,2.25,never,0,0,0,26.63,0,126
72,female,3,5,1.04,former,90,0,0,26.45,0,128
42,male,4,3,0,never,0,0,0,44.81,0,128
70,male,3,4,4.52,never,900,1,1,29.3,0,113
67,female,3,4,1.1,former,60,0,0,41.26,1,70
47,female,1,1,1.31,never,30,0,0,38.31,0,114
54,male,3,1,0.74,current,0,0,0,18.29,1,10
72,male,3,5,4.62,former,150,1,0,28.47,0,130
74,male,3,5,5,former,225,1,1,32.31,0,127
65,male,3,3,2.33,former,60,0,0,33.99,0,121
66,female,1,1,0.72,never,0,0,0,30.39,0,106
44,female,3,5,5,former,540,1,0,18.64,0,119
62,male,2,4,3.82,never,0,0,1,24.61,1,53
80,female,2,1,0.82,never,0,0,0,27.99,0,126
72,female,2,3,NA,never,0,0,0,35.1,0,116
52,male,3,3,3.14,former,480,1,0,32.9,0,131
42,male,3,5,0.69,current,420,1,0,31.05,0,132
64,female,1,4,3.09,never,0,0,0,34.24,0,114
46,female,2,5,5,never,0,0,0,39.1,0,115
76,male,3,2,NA,former,0,0,0,29.78,1,107
60,male,3,2,1.39,current,0,0,1,25.09,0,117
79,male,4,2,1.66,former,360,1,0,32.16,1,108
63,female,3,3,2.57,never,0,0,0,45.39,0,118
61,male,1,4,0.81,never,90,0,0,46.87,0,109
49,female,1,2,1.8,never,90,0,0,32.72,0,108
48,female,3,4,1.72,current,0,0,0,20.09,0,120
40,male,3,5,2.95,former,0,0,0,39.1,0,118
49,female,2,4,2.33,never,270,1,0,20.07,0,117
80,female,3,3,NA,never,0,0,0,26.57,1,84
40,female,3,4,4.27,never,0,0,0,26.82,0,111
57,male,4,2,2.37,current,0,0,0,27.28,0,130
53,male,3,4,5,never,250,1,0,20.93,0,117
42,male,3,4,1.34,never,360,1,0,30.06,0,120
43,female,4,3,1.08,never,0,0,0,27.33,0,128
61,female,4,4,1.66,former,0,0,1,26.38,1,19
61,female,1,1,1.94,never,200,1,1,31.64,0,107
64,male,3,3,4.67,never,0,0,0,29.51,0,133
60,male,3,3,5,never,640,1,1,28.82,0,117
68,male,1,1,0.46,former,90,0,1,43.99,0,120
80,female,3,1,5,never,0,0,1,27.61,0,119
65,male,3,3,4.65,never,0,0,0,37.32,0,109
45,male,3,4,0.64,current,90,0,0,28.55,0,122
55,male,4,3,5,never,0,0,0,22.92,0,110
48,male,3,4,NA,former,45,0,0,27.71,0,107
62,male,3,4,2.72,never,125,0,0,32.84,0,123
77,female,4,2,0.83,former,0,0,0,NA,1,61
48,male,4,3,1.48,current,360,1,0,36.81,0,122
71,male,3,5,1.07,former,0,0,0,38.99,1,105
64,female,3,4,1.48,current,0,0,0,34.23,0,119
80,male,3,1,1.85,never,210,1,1,22.41,1,48
44,female,5,1,0.69,former,0,0,1,35.09,0,110
48,male,3,4,3.36,never,1500,1,0,26.33,0,128
71,male,4,4,3.43,former,0,0,1,46.02,0,112
76,male,3,3,3.23,former,0,0,0,25.8,1,49
61,male,4,2,2.06,former,0,0,0,29.25,0,115
45,male,2,5,2.27,never,0,0,0,25.2,0,124
54,male,3,2,3.4,current,0,0,1,21.47,1,9
48,male,3,5,5,former,300,1,0,25.47,0,123
44,male,1,1,1.1,never,0,0,0,26.44,0,121
63,male,3,5,5,former,420,1,1,24.15,0,129
80,male,3,2,1.78,former,0,0,0,30.67,1,93
60,male,1,3,1.09,never,120,0,0,26.19,0,111
42,female,4,2,1.08,never,0,0,0,24.98,0,126
48,male,3,5,4.65,never,0,0,0,26.51,0,128
62,male,1,1,2.62,never,0,0,0,30.04,0,109
40,male,1,2,0.98,current,0,0,0,27.47,0,108
71,female,1,4,4.46,former,300,1,0,37.39,1,62
43,female,3,4,2.21,never,0,0,0,32.43,0,122
46,male,1,2,1.32,former,0,0,0,23.13,0,120
63,male,1,3,1.12,never,0,0,1,32.17,1,95
46,male,5,2,0.66,current,150,1,0,18.19,0,128
59,male,1,1,0.74,never,0,0,0,26.75,0,123
54,female,3,3,1.36,never,0,0,0,38.4,0,131
72,female,3,5,NA,never,675,1,0,26.06,0,120
66,male,3,5,3.77,never,300,1,1,23.29,0,110
52,female,3,5,0.44,current,0,0,0,28.2,1,114
67,female,1,2,1.23,never,0,0,0,26.83,0,111
80,female,3,2,0.96,former,0,0,0,25.56,1,82
79,male,1,5,2.02,never,120,0,1,23.19,0,128
52,female,1,3,3.43,never,200,1,0,25.26,1,21
79,male,3,5,4.62,former,0,0,1,21.95,0,123
46,male,3,5,1.78,never,0,0,0,43.17,0,115
67,male,3,5,3.69,never,900,1,0,24.73,0,128
69,female,2,1,0.91,never,0,0,0,32.14,0,121
67,female,2,4,NA,never,0,0,0,23.09,0,127
41,female,3,2,0.3,former,0,0,1,51.3,0,127
69,male,3,3,3.09,never,0,0,0,27.39,0,127
62,female,4,2,0.76,never,0,0,0,32.35,0,129
53,male,1,5,2.72,never,750,1,0,24.19,0,107
74,female,3,2,1.68,current,0,0,0,20.74,0,116
76,female,3,5,2,never,0,0,1,32.87,0,121
42,female,3,4,5,never,0,0,0,22.62,0,110
42,female,4,3,3.63,never,0,0,0,30.4,0,113
51,female,3,4,NA,never,0,0,0,33.56,0,124
58,male,3,4,2.59,never,0,0,0,30.52,0,120
42,male,3,3,1.11,current,630,1,0,27.18,0,128
49,male,3,3,1.91,former,0,0,0,34.6,0,109
58,male,1,2,NA,former,0,0,0,32.46,0,128
49,male,1,3,2.7,never,360,1,0,34.23,0,121
51,female,3,3,0.83,current,0,0,0,19.15,1,79
75,female,5,2,0.64,current,0,0,1,39.08,0,120
45,male,2,5,4.54,never,0,0,0,31.19,0,118
47,female,3,2,0.39,never,90,0,0,21.96,0,132
66,male,3,5,5,never,160,1,1,24.46,0,123
67,male,1,1,1.94,former,300,1,0,28.04,0,107
45,female,2,3,4.54,never,0,0,0,26.11,0,120
42,female,3,2,1.65,current,90,0,0,34.72,0,132
55,male,3,3,3.69,never,75,0,0,18.11,1,49
74,male,1,1,1.22,former,0,0,NA,28.8,0,115
80,female,3,4,1.02,never,0,0,1,22.42,1,41
63,male,1,1,1.59,former,270,1,0,29.95,0,108
71,male,1,4,0.2,former,0,0,0,35.33,1,80
60,female,2,1,1.37,former,540,1,1,29.97,0,118
53,female,1,2,5,current,0,0,0,35.51,0,120
76,female,4,4,1.58,never,0,0,1,39.53,0,131
42,male,3,2,1.85,former,300,1,0,27.37,0,115
43,male,1,1,1,current,0,0,0,23.78,0,111
52,male,3,5,3.28,never,180,1,0,29.85,0,129
54,female,2,4,NA,never,0,0,0,27.08,0,121
78,male,3,4,4.12,never,900,1,0,26.18,0,130
47,male,3,5,5,never,780,1,0,26.32,0,121
71,female,3,3,2.73,former,90,0,1,34.38,0,118
45,female,3,4,0.89,never,0,0,0,49.21,0,122
69,male,2,3,0.93,former,0,0,0,31.62,0,117
70,male,5,5,0.92,never,420,1,0,29.24,1,84
43,male,3,3,5,never,60,0,0,23.96,0,130
71,female,3,3,NA,never,260,1,1,30.43,0,116
60,female,1,3,2.7,never,0,0,0,26.65,0,121
80,male,5,1,2.62,never,210,1,NA,23.41,1,71
71,female,4,3,3.69,never,0,0,0,39.82,0,122
64,male,3,5,5,never,240,1,0,20.77,0,118
54,male,4,3,2.18,current,420,1,0,27.34,0,126
47,female,1,3,0.85,never,90,0,1,31.33,0,115
40,female,3,4,0.57,current,0,0,0,45.66,1,93
40,male,1,3,0.98,current,240,1,0,27.22,0,121
71,female,3,3,2.4,never,0,0,1,20.18,1,47
54,male,3,5,1.64,never,0,0,0,41.79,0,129
49,male,3,2,NA,former,330,1,0,24.17,0,126
54,female,4,2,0.6,never,0,0,0,40.29,1,119
64,female,1,1,0.69,former,0,0,0,32.59,0,118
54,male,4,3,2.86,former,240,1,0,23.04,0,121
67,female,3,5,5,never,300,1,0,22.65,0,121
80,male,3,5,4.12,former,0,0,0,30.63,1,91
42,female,3,4,0.55,never,0,0,0,28.93,0,129
66,male,4,2,2.31,former,90,0,0,27.62,0,112
75,female,2,2,5,never,0,0,0,25.74,1,77
63,female,3,5,5,former,480,1,0,29.03,0,119
80,male,3,4,2.2,former,0,0,1,34.81,1,88
61,female,3,4,2.12,never,60,0,0,35.34,0,123
80,female,3,4,4.12,never,40,0,0,21.5,1,87
51,male,4,3,4.51,never,240,1,0,30.89,0,119
44,male,3,4,2.21,never,0,0,0,35.93,0,122
65,male,3,3,1.66,former,0,0,0,26.44,1,43
59,female,3,3,5,never,90,0,0,30.55,0,113
42,male,1,1,0.78,current,0,0,0,41.04,0,114
49,male,4,3,1.16,current,60,0,0,29.58,0,118
43,female,3,5,1.8,current,0,0,0,23.35,0,124
80,male,3,1,0.65,former,0,0,1,28.57,0,129
80,female,4,1,NA,never,0,0,1,NA,1,16
72,male,3,2,NA,never,600,1,0,32.14,1,99
80,female,3,4,1.35,never,0,0,0,23.76,0,124
44,male,3,3,1.25,current,0,0,0,24.23,0,131
65,female,4,3,1.28,current,0,0,0,25.7,0,114
41,male,5,3,0.9,current,0,0,0,21,0,130
41,male,3,4,1.94,former,120,0,0,24.85,0,127
72,male,3,1,2.68,former,240,1,1,29.6,1,120
72,male,4,3,3.6,former,960,1,0,30.35,0,123
60,female,1,1,0.75,never,0,0,1,31.28,0,112
65,male,4,2,NA,former,0,0,1,36.36,1,26
52,female,3,5,5,never,240,1,0,26.98,0,131
76,female,1,4,1.75,never,0,0,0,23.98,0,112
80,male,3,4,5,former,0,0,1,30.81,1,114
60,male,4,4,3.23,current,60,0,1,31.63,0,113
55,male,3,4,1.03,never,60,0,0,44.13,0,129
46,female,1,2,0.98,former,300,1,0,28.9,0,123
48,female,3,2,3.85,current,0,0,0,23.11,0,128
52,male,3,3,2.18,never,0,0,0,20.76,0,127
51,male,2,5,5,never,180,1,0,21.72,0,118
46,male,2,5,3.6,never,300,1,0,22.98,0,118
47,male,1,4,4.67,current,1920,1,0,28.38,0,124
50,male,3,5,3.63,never,0,0,0,33.43,0,119
49,female,3,2,1.4,never,0,0,1,18.43,0,109
54,female,3,5,5,never,200,1,0,26.56,0,117
67,female,3,2,NA,former,0,0,0,40.76,1,97
43,male,4,5,3.88,never,810,1,0,28.21,0,112
51,male,1,3,NA,never,180,1,0,27.46,0,110
64,male,2,4,0.52,current,30,0,0,18.46,0,116
70,male,3,4,1.65,current,0,0,1,28.57,1,56
47,male,3,4,0.79,current,0,0,0,25.51,0,131
54,male,4,1,1.69,never,0,0,0,43.9,0,114
71,male,3,5,4.63,former,180,1,1,25.81,0,111
80,male,3,4,4.62,former,240,1,0,34.52,1,73
77,male,3,2,2.29,former,0,0,0,28.35,0,131
62,female,2,4,4.39,current,0,0,0,30.55,0,112
40,male,3,2,1.02,current,0,0,0,44.96,0,121
45,male,3,3,NA,never,480,1,0,27.23,0,123
65,male,3,3,3.28,former,0,0,0,37.98,0,118
44,male,3,4,5,former,240,1,0,30.42,0,126
77,female,3,4,2.31,never,0,0,1,34.65,1,84
53,female,5,4,2.29,never,45,0,0,33.64,0,119
62,male,3,4,2.06,never,120,0,0,28.44,0,128
57,male,2,1,0.6,former,0,0,0,24.36,0,121
52,female,3,3,5,never,30,0,0,25.56,0,123
61,male,2,1,0.09,current,0,0,1,20.8,1,113
43,male,3,3,0.63,current,120,0,0,32.38,0,122
52,female,4,2,1.85,current,0,0,0,31.68,0,123
51,female,2,1,0.88,never,0,0,0,30.82,0,118
67,female,3,4,4.31,never,840,1,0,20.5,0,117
77,female,4,1,1.24,never,0,0,0,26.58,0,110
80,female,2,5,1.8,former,0,0,0,23.84,0,130
53,female,3,3,1.3,current,0,0,0,34.53,0,127
58,male,3,5,5,never,30,0,1,25.39,0,118
71,male,2,5,2.13,former,0,0,1,31.81,0,108
62,female,3,4,NA,never,0,0,0,36.45,0,131
69,male,3,3,1.78,former,720,1,0,29.98,0,122
79,female,4,1,1.55,never,60,0,0,42.14,0,122
46,female,1,1,NA,never,0,0,0,30.36,0,108
56,female,1,1,1.2,former,0,0,0,34.83,0,108
54,female,3,5,3.36,never,270,1,0,24,0,130
76,female,2,2,1.11,former,0,0,0,25.53,0,111
73,female,3,3,2.06,never,0,0,0,29.29,0,130
50,male,4,3,2.18,current,0,0,0,24.96,0,113
78,male,3,5,4.8,never,540,1,1,27.99,0,117
62,male,1,3,5,former,240,1,1,29.89,0,121
55,female,4,2,1.58,former,120,0,0,44.51,0,125
55,female,3,5,5,former,720,1,0,22.21,0,125
51,male,4,4,0.14,former,0,0,0,27.5,0,121
75,male,4,2,0.09,former,0,0,0,19.56,1,26
45,female,2,4,1.45,former,0,0,0,36.91,0,130
63,male,4,3,1.36,former,100,0,0,30.37,0,114
49,female,4,4,5,never,1200,1,0,27.32,0,128
65,female,2,4,NA,never,0,0,0,26.65,0,126
48,female,3,3,3.17,former,300,1,0,25.42,0,122
45,female,3,4,0,current,450,1,0,29.78,0,117
46,male,5,3,1.22,current,120,0,0,26.75,0,110
47,female,1,3,0.33,never,540,1,0,28.55,0,115
71,male,4,2,3.69,current,0,0,0,25.59,1,92
60,female,4,2,NA,never,0,0,0,45.76,1,90
67,female,3,4,5,never,0,0,1,33.6,0,115
66,female,3,4,5,former,300,1,0,27.28,0,131
63,male,3,4,5,never,600,1,0,27.21,0,123
47,male,1,1,2.17,never,0,0,1,35.66,0,121
70,female,1,1,1.31,never,0,0,0,30.27,0,117
64,female,3,4,5,current,135,0,0,23.84,0,124
68,male,4,4,0.68,former,630,1,0,NA,0,118
80,female,3,3,NA,never,0,0,1,23.15,0,123
80,female,3,3,2.77,never,0,0,0,30.77,0,130
78,female,3,3,1.33,former,0,0,0,31.6,0,123
80,female,5,NA,3.55,never,0,0,0,24.86,1,55
64,female,2,1,0.98,former,0,0,1,39.84,0,128
55,male,3,2,1.11,never,0,0,0,51.85,0,128
49,male,3,3,4.54,current,720,1,0,30.88,0,123
50,male,1,1,1.93,never,0,0,0,28.69,0,115
73,female,3,4,1.3,former,0,0,0,26.86,1,39
47,female,4,3,0.76,current,0,0,1,45.67,0,121
48,male,5,2,NA,current,80,0,0,23.95,0,130
80,male,3,2,3.26,former,540,1,0,32.79,0,126
62,female,4,5,4.1,never,0,0,0,34.1,0,130
73,male,3,5,0.83,former,0,0,1,36.28,1,15
42,male,3,4,1.11,never,0,0,0,35.53,0,124
54,male,3,4,3.49,current,0,0,0,26.36,0,118
43,male,5,5,1.34,never,300,1,0,26.7,0,114
43,female,3,3,3.95,former,0,0,1,33.01,0,132
44,male,1,4,0.98,former,360,1,0,21.92,0,124
42,male,1,3,5,former,0,0,0,27.15,0,114
58,male,1,1,0.3,current,0,0,0,27.34,0,109
72,female,3,5,2.4,former,330,1,1,23.12,1,44
55,male,3,4,1.39,never,0,0,0,24.83,1,65
58,male,4,5,5,never,120,0,0,30.28,0,123
44,male,3,4,3.23,never,150,1,0,30.72,0,131
49,male,3,5,1.16,never,30,0,0,27.44,0,106
50,male,4,3,2.72,former,90,0,0,29.43,0,130
57,male,3,3,4.1,former,0,0,1,28.28,0,129
48,female,3,2,3.4,former,300,1,0,21.58,0,114
67,male,4,4,3.98,never,300,1,0,29.14,0,130
68,female,3,2,1.81,never,0,0,0,NA,1,51
56,male,1,1,1.94,never,0,0,0,37.14,0,109
80,female,3,4,4.1,never,0,0,0,25.16,0,127
75,female,3,4,1.22,never,0,0,1,23.25,0,132
42,female,3,5,5,former,270,1,0,31.31,0,113
42,male,4,3,NA,current,0,0,0,22.15,0,118
62,female,3,3,1.37,never,90,0,0,28.85,0,120
67,male,1,2,3.09,former,630,1,1,26.18,0,114
80,male,3,4,4.1,former,0,0,1,24.79,1,31
60,male,1,1,2.22,former,90,0,0,26.7,0,120
41,female,3,2,0.66,never,180,1,0,27.2,0,124
71,female,3,5,3.23,never,180,1,0,29.08,0,120
53,male,1,1,0.86,current,0,0,0,24.51,0,113
56,male,2,1,NA,former,0,0,0,27.27,0,121
65,male,3,5,3.43,former,125,0,0,28.02,0,108
70,female,4,2,0.56,former,0,0,0,20.81,0,128
72,male,3,5,2.4,never,780,1,0,25.26,0,120
41,male,3,4,1.29,current,0,0,0,23.58,0,128
64,female,4,4,NA,never,0,0,0,36.31,0,112
46,male,1,3,1.01,current,0,0,0,27,0,114
41,male,3,3,2.91,never,120,0,0,37.58,0,118
49,male,3,2,0.86,current,0,0,0,24.51,0,117
61,female,5,4,1.69,former,0,0,0,39.37,0,128
56,male,3,2,5,former,0,0,0,27.3,0,128
51,male,2,4,4.08,former,975,1,0,25.05,0,120
50,male,3,3,0.6,current,0,0,0,33.93,0,130
53,female,4,4,1.01,never,0,0,0,36.04,0,121
71,male,3,3,1.39,never,0,0,0,27.59,1,12
49,female,2,4,NA,never,30,0,0,28.28,0,117
74,female,3,3,2.11,never,1500,1,1,34.12,0,118
51,female,3,4,1.85,former,0,0,0,21.49,0,129
60,female,1,1,NA,never,0,0,0,24.71,0,128
67,male,1,1,2.75,never,0,0,0,24.48,0,111
61,female,2,3,2.86,former,90,0,0,26.74,1,41
51,male,1,3,1.45,former,1080,1,0,25.78,0,112
69,female,2,1,NA,never,0,0,0,46.01,0,118
78,female,3,2,1.37,never,0,0,1,31.05,1,78
69,male,3,4,2.75,current,0,0,0,31.03,0,117
42,male,4,2,0.6,former,0,0,0,29.82,0,113
63,female,2,1,NA,never,0,0,0,30.9,0,123
46,female,1,5,5,never,0,0,0,22.01,0,107
62,female,2,3,1.2,never,0,0,0,38.62,0,127
74,female,1,1,1.1,never,0,0,0,36.22,0,115
58,female,4,4,0.66,never,0,0,0,40.23,0,119
44,female,1,1,NA,never,0,0,0,47.96,1,64
61,female,3,4,5,never,0,0,0,27.14,0,108
49,male,1,3,1.27,never,360,1,0,24.92,0,115
44,female,3,5,2.13,never,0,0,0,35.67,0,119
60,male,1,4,2.77,never,0,0,0,27.98,1,20
48,female,3,5,5,never,120,0,0,44.27,0,125
69,female,2,1,0.66,never,0,0,0,29.48,0,110
41,female,4,4,1.05,current,0,0,0,39.25,0,131
66,male,5,1,0.72,current,630,1,0,24.67,0,131
54,male,4,5,3.32,never,500,1,0,26.79,0,115
72,male,3,4,2.4,former,705,1,0,26.68,0,126
75,female,1,1,2.23,former,0,0,0,31.16,0,112
69,male,1,1,3.49,former,270,1,0,30.56,0,110
66,male,3,4,1.01,never,0,0,0,31.7,0,121
49,female,3,4,0.95,former,180,1,0,29.59,0,127
57,male,3,2,5,current,0,0,0,28.25,0,118
67,female,3,3,2.16,never,0,0,0,25.15,0,132
70,female,3,3,1.78,former,0,0,1,33.93,0,122
49,male,2,5,5,former,210,1,0,30.99,0,108
71,male,3,4,3.85,former,60,0,1,39.44,0,126
42,male,3,5,5,never,170,1,0,25.95,0,121
74,female,3,2,4.26,current,0,0,0,19.79,1,104
61,male,4,4,1.86,former,0,0,1,26.31,0,126
47,female,2,5,5,former,750,1,0,22.2,0,110
59,female,2,5,5,never,135,0,0,28.55,1,33
69,male,3,4,5,former,0,0,0,32.08,0,120
63,female,3,4,5,never,0,0,1,33.43,0,128
45,female,1,4,NA,never,360,1,0,21.34,0,113
73,female,4,1,2.68,former,240,1,0,34.13,0,127
49,female,4,3,0.87,current,0,0,1,24.38,0,117
63,female,3,3,2.57,former,120,0,0,17.91,0,108
42,male,3,3,NA,never,1260,1,0,24.8,0,115
65,male,3,5,0.01,never,240,1,0,24.42,0,124
45,female,5,4,4.27,never,0,0,0,26.52,0,112
67,male,1,1,2.06,former,0,0,1,26.12,0,121
41,female,4,3,3.49,never,0,0,0,29.16,0,120
58,female,2,1,1.86,never,0,0,0,31.88,0,112
68,female,4,3,1.81,never,0,0,1,38.4,0,131
59,male,4,3,4.54,former,0,0,0,39.14,0,115
65,male,3,5,5,former,0,0,0,37.38,0,124
60,female,3,5,4.12,former,300,1,0,22.28,0,108
64,male,4,3,3.46,former,180,1,1,32.86,0,131
59,female,3,4,NA,current,0,0,1,29.02,1,100
55,male,4,2,1.14,former,0,0,0,25.78,0,127
65,male,1,4,5,never,0,0,1,23.39,0,123
61,female,2,3,3.43,never,180,1,0,38.81,0,121
80,male,3,2,3.09,former,90,0,0,26.63,1,91
80,male,3,3,1.1,former,105,0,1,22.33,1,92
70,female,3,5,1.94,never,0,0,1,41.07,0,128
57,male,3,3,4.12,current,0,0,0,19.42,0,116
53,male,3,5,5,former,0,0,0,38.31,0,125
63,female,3,5,5,former,180,1,0,31.29,0,124
59,male,3,3,0.23,former,0,0,0,18.21,1,33
50,male,1,1,2.17,former,0,0,0,31.85,0,120
62,female,3,4,2.68,never,150,1,0,33.66,0,124
80,male,3,1,1.58,never,0,0,1,NA,1,11
41,female,3,5,2.95,never,0,0,0,19.87,0,118
42,female,4,3,NA,never,0,0,0,31.09,0,120
80,male,3,4,4.8,former,840,1,1,31.05,1,85
64,female,4,2,0.54,former,0,0,0,29.97,1,17
77,male,3,5,5,never,100,0,1,29.65,0,112
52,female,3,5,3.69,never,540,1,0,18.29,0,121
80,female,3,4,1.85,former,150,1,0,21.19,0,130
53,female,4,4,5,never,60,0,0,26.76,0,122
41,female,2,4,2.71,current,0,0,0,30.76,0,127
45,male,4,4,4.92,never,0,0,0,29.14,0,115
55,female,3,5,5,never,80,0,1,41.71,0,118
73,male,3,4,5,never,720,1,1,25.17,0,122
80,male,3,2,1.65,never,0,0,1,21.03,1,11
62,male,3,2,0.72,never,360,1,0,35.19,1,30
62,female,3,1,1.37,former,0,0,0,35.55,1,102
48,female,3,5,3.82,former,240,1,0,27.94,0,130
80,female,3,3,1.68,never,70,0,1,23.06,1,54
44,female,3,5,5,former,960,1,0,19.99,0,118
80,female,3,4,4.62,never,45,0,1,24.06,0,130
47,female,3,5,5,never,120,0,0,32.54,0,110
59,female,4,4,4.54,former,240,1,0,43.44,0,114
51,male,3,2,3.51,current,600,1,NA,33.62,0,126
61,male,3,3,5,never,300,1,0,31.49,0,120
43,female,3,5,0.82,never,160,1,0,22.48,0,128
50,male,3,5,5,never,660,1,0,25.88,0,108
73,male,3,4,1.51,never,120,0,1,41.2,1,67
50,male,3,5,5,never,90,0,NA,30.24,0,122
41,female,3,5,2.95,former,0,0,0,44.05,0,117
80,male,2,3,2.2,never,0,0,0,28.38,1,6
57,male,1,1,5,former,60,0,0,31.2,0,111
61,male,4,3,5,current,60,0,0,27.11,0,122
80,female,4,4,1.11,former,0,0,1,28.26,1,47
61,female,2,4,1.09,former,0,0,0,26.05,0,128
76,male,3,5,5,never,780,1,1,23.27,0,120
52,male,3,2,0.69,former,0,0,0,39.28,0,123
40,male,3,3,4.17,never,0,0,0,31.78,0,110
52,female,3,4,2.4,former,20,0,0,19.16,0,121
53,female,1,1,0.96,never,0,0,0,35.96,0,115
62,male,4,2,1.47,former,0,0,1,23.07,0,124
45,male,3,5,5,never,170,1,0,29.17,0,121
49,female,1,5,1.16,never,270,1,0,31.45,0,115
80,male,3,2,1.4,former,0,0,1,26.74,0,110
76,female,4,3,0.88,never,0,0,0,30.11,0,111
57,female,4,3,0.83,former,0,0,0,30.12,0,130
53,male,4,3,1.24,current,0,0,0,23.04,0,131
74,female,3,4,1.31,former,0,0,0,27.04,1,70
67,male,4,2,4.08,never,0,0,1,33.12,0,112
53,female,3,5,5,current,375,1,0,21.99,0,124
44,male,5,3,0.82,current,0,0,0,22.56,0,112
56,male,2,2,NA,current,0,0,0,35.44,1,93
80,female,3,4,NA,former,0,0,1,38.46,1,41
40,male,2,1,0.97,current,0,0,0,29.52,0,117
75,female,3,5,2.31,former,690,1,1,24.84,0,115
69,male,3,3,5,former,0,0,1,33.02,1,25
60,male,4,4,5,never,0,0,0,30.01,0,113
66,female,5,1,0.43,never,0,0,0,24.83,0,128
75,female,3,4,NA,never,420,1,1,27.11,1,81
69,female,2,1,NA,never,0,0,0,26.75,0,114
50,female,1,3,0.84,never,0,0,0,21.64,0,120
51,female,2,3,2.08,never,120,0,0,29.49,0,117
53,male,4,3,0.81,never,45,0,1,35.66,0,115
45,female,2,4,NA,never,0,0,0,26.95,0,116
80,male,4,1,4.54,never,0,0,1,23.86,0,125
78,female,3,3,1.11,never,0,0,1,20.03,0,130
67,male,4,3,1.66,former,105,0,0,23.79,0,118
80,male,3,2,1.78,former,0,0,0,28.83,1,43
45,female,4,3,5,current,0,0,0,24.48,0,123
43,female,1,2,1.35,current,0,0,0,23.96,0,112
75,female,3,2,0.74,never,0,0,1,27.62,0,122
80,female,3,3,0.62,never,240,1,0,27.51,0,129
51,female,3,4,1.91,former,90,0,0,38.9,0,121
40,male,2,3,5,never,0,0,0,36.75,0,118
80,female,4,2,2.95,former,0,0,1,22.39,1,4
45,female,3,5,5,never,1140,1,0,20.01,0,124
80,female,1,1,3,never,0,0,0,22.15,1,61
73,female,4,5,2.04,never,0,0,0,26.04,0,114
65,male,3,4,2.73,never,180,1,0,27.53,1,51
52,male,3,5,5,never,120,0,1,36.03,1,40
55,male,2,5,1.39,former,625,1,0,24.5,0,125
60,female,2,3,NA,former,90,0,0,25.95,0,117
67,male,3,5,5,never,180,1,1,29.43,1,78
43,female,2,1,0.3,never,0,0,0,31.63,0,108
61,female,4,2,2.06,current,0,0,0,27.29,0,125
74,female,3,3,NA,former,0,0,0,29.7,0,130
69,male,1,2,2.49,current,0,0,0,35.81,0,119
80,female,4,4,1.39,never,0,0,1,NA,0,111
65,male,3,4,5,never,0,0,1,21.88,0,115
53,female,2,3,NA,former,0,0,0,25.37,0,109
49,female,3,4,5,former,0,0,0,21.47,0,123
67,male,3,4,5,current,30,0,0,29.94,1,104
51,female,3,4,NA,current,1680,1,0,22.55,0,109
60,male,3,5,5,former,280,1,0,27.36,0,129
55,male,1,1,0.91,current,120,0,0,24.75,0,124
62,female,4,4,NA,never,0,0,1,47.22,0,123
80,male,4,1,1.24,never,0,0,0,22.4,0,112
62,male,3,5,2.06,former,0,0,1,24.73,1,13
66,male,3,1,0.68,current,0,0,0,25.26,1,78
50,male,2,5,5,former,560,1,0,27.76,0,131
50,male,5,3,0.98,never,500,1,0,26.77,0,132
53,male,4,5,0.69,current,120,0,1,20.17,1,24
70,male,5,5,0.82,former,105,0,0,19.14,0,129
78,female,3,5,5,never,360,1,1,26.39,0,115
43,male,4,3,5,never,810,1,0,26.26,0,117
60,female,3,5,5,never,180,1,0,22.92,0,117
71,male,4,3,1.75,former,180,1,0,26.22,0,115
57,female,4,3,1.02,current,0,0,0,41.05,0,109
53,male,3,5,5,former,30,0,0,25.73,0,115
68,female,3,4,1.01,never,0,0,1,41.27,0,120
75,male,3,1,0.87,current,0,0,1,24.7,1,88
51,female,3,4,1.39,current,210,1,0,23.95,0,123
62,male,3,3,3.77,never,0,0,0,26.61,0,123
68,male,4,2,1.24,never,0,0,1,19.33,0,111
78,male,3,2,1.03,current,0,0,1,22.29,1,86
42,female,3,5,4.54,never,600,1,0,28.94,0,117
49,male,4,5,1.47,never,180,1,0,27.87,0,122
60,female,3,3,1.92,current,0,0,0,20.22,0,120
65,female,2,1,1.31,never,0,0,0,44.4,0,112
49,male,3,4,5,never,900,1,0,39.6,0,122
65,female,1,1,0.32,former,120,0,0,34.61,0,131
62,male,3,4,5,never,0,0,1,30.97,0,113
43,male,4,3,5,never,270,1,0,32.68,0,113
64,male,3,4,5,never,0,0,0,25.84,0,114
56,male,1,1,NA,never,600,1,0,28.12,0,111
56,male,3,2,0.89,current,600,1,1,24.14,1,104
80,male,3,3,2.96,never,0,0,1,32.94,1,76
50,female,3,3,4.46,current,0,0,0,24.11,1,112
51,male,2,5,4.54,current,240,1,0,32.15,1,95
70,female,1,1,NA,never,0,0,0,29.62,0,115
45,female,3,2,5,former,0,0,0,25.39,0,123
65,female,1,3,2.88,never,0,0,0,29.4,0,118
49,male,3,3,1.07,current,0,0,0,25.88,0,122
60,male,1,5,4.46,former,0,0,0,40.33,0,109
62,female,4,4,2.95,never,330,1,1,26.58,0,131
76,female,2,1,2.72,never,0,0,0,34.38,0,110
43,male,4,3,1.85,current,0,0,0,24.21,0,122
67,male,3,3,1.34,former,0,0,0,34.43,1,80
49,male,5,4,1.29,never,40,0,0,29.21,0,128
62,male,3,1,1.17,never,0,0,1,25.76,0,119
71,female,3,1,0.8,never,0,0,1,29.36,0,129
50,female,3,4,2.95,former,0,0,0,35.48,0,123
55,male,3,1,0.66,current,0,0,1,30.42,1,100
50,female,2,4,NA,never,0,0,0,27.64,0,122
69,male,3,5,2.75,never,300,1,0,20.27,0,122
55,male,3,3,3.43,current,840,1,0,26.57,0,118
43,female,1,2,1.13,former,0,0,0,31.46,1,91
45,female,1,3,1.05,never,0,0,0,35.91,0,108
70,female,3,3,5,never,0,0,0,45.17,0,116
59,female,3,5,5,former,350,1,0,25.9,0,123
71,female,2,1,NA,never,0,0,0,27.34,0,124
71,female,3,3,1.72,never,0,0,0,23.4,0,115
52,female,1,1,2.4,never,0,0,0,34.12,0,112
58,female,1,2,0.92,former,180,1,1,46.42,1,20
46,male,3,5,5,never,120,0,0,20.76,0,129
48,male,1,1,1.31,never,0,0,0,25.23,0,114
60,male,2,4,1.01,former,0,0,0,34.56,0,120
46,female,3,4,4.54,former,600,1,0,26.13,0,124
65,female,3,5,3.84,current,600,1,0,32.11,0,111
40,female,5,3,0.36,never,0,0,0,33.47,0,110
63,male,3,3,0.71,former,0,0,1,20.86,1,81
44,male,2,2,3.69,former,0,0,0,26.63,0,126
60,female,3,5,5,former,60,0,0,22.83,0,108
40,female,3,3,0.06,current,120,0,0,18.42,0,122
60,female,1,1,1.11,never,0,0,0,30.79,0,113
50,female,4,3,3.43,never,30,0,0,24.88,0,117
51,female,1,5,1.94,never,180,1,0,37.27,0,115
68,male,4,3,0.97,current,60,0,0,28.7,0,118
44,female,4,4,3.84,never,135,0,0,30.08,0,130
80,male,5,2,0.74,former,0,0,0,18.15,0,122
40,male,3,3,4.43,current,0,0,0,25.59,0,123
47,female,3,3,NA,current,0,0,0,28.61,0,130
66,male,4,3,0.74,current,0,0,0,28.12,1,100
75,male,3,5,1.24,never,120,0,0,22.43,0,127
80,male,3,4,1.11,never,0,0,0,20.25,1,4
67,female,4,3,3.43,never,0,0,1,49.47,0,122
40,male,3,4,1.32,former,60,0,0,29.89,0,114
61,female,4,2,0.71,current,0,0,1,46.97,0,129
51,female,1,4,2.26,never,180,1,0,30.83,0,109
59,male,1,1,1.16,never,0,0,0,27.92,0,128
66,female,3,4,3.33,former,0,0,0,31.96,0,122
70,male,3,1,0.76,former,0,0,1,33.92,0,127
64,female,4,5,2.95,never,0,0,0,30.08,0,130
67,male,3,5,0.82,never,300,1,1,23.59,0,124
80,male,3,5,5,never,210,1,1,28.65,1,90
66,male,3,2,1.72,former,0,0,0,23.49,0,122
61,female,4,3,5,never,200,1,1,37.01,0,110
45,male,3,3,1.36,never,0,0,0,41.87,0,114
58,male,4,2,NA,current,0,0,0,32.35,0,121
42,female,1,1,0,current,1080,1,0,30.88,0,115
71,female,3,3,2.47,former,15,0,0,26.47,0,119
76,male,3,5,1.1,never,0,0,0,29.58,0,129
53,female,4,3,3.69,former,0,0,0,26.53,0,118
77,male,4,2,1.39,current,0,0,1,28.81,0,112
41,female,3,5,5,never,495,1,0,22.29,0,123
48,male,2,2,3.39,former,0,0,0,25.94,0,112
61,male,4,4,4.43,current,0,0,0,38.73,0,124
54,female,1,2,0.62,never,0,0,0,31.53,0,119
76,male,3,4,5,former,0,0,1,35.92,0,123
54,female,4,2,NA,current,0,0,0,46.92,1,92
63,male,3,4,4.46,current,360,1,0,27.15,0,121
53,male,3,5,5,never,540,1,0,26.65,0,122
46,male,5,5,1.09,current,720,1,0,20.45,0,124
65,female,3,1,0.78,current,0,0,1,35.11,0,125
40,female,4,2,0.23,current,0,0,0,39.89,0,120
75,female,3,3,4.23,never,0,0,0,26.1,1,62
74,female,3,1,0.8,never,0,0,0,25.57,0,128
40,male,4,3,1.74,never,0,0,0,25.24,0,110
64,female,1,5,NA,current,0,0,0,34.21,1,22
72,male,3,3,2.57,former,0,0,0,31.23,0,111
58,male,3,5,5,never,600,1,1,24.51,0,117
52,male,3,2,0.96,former,0,0,0,21.23,0,131
42,female,1,1,NA,former,0,0,0,29.63,0,115
63,female,3,4,1.34,current,0,0,1,21.58,0,114
48,female,4,4,4.8,never,60,0,0,45.59,0,112
45,female,4,2,5,never,0,0,0,25.89,0,112
64,female,1,4,3,never,0,0,0,27.71,0,128
53,female,3,3,NA,never,0,0,0,28.32,0,120
80,male,5,5,NA,former,180,1,0,25.56,1,30
61,female,3,3,4.67,never,0,0,0,38.71,0,127
46,female,3,3,0.86,current,0,0,0,28.77,0,117
52,female,3,3,1.58,current,0,0,0,31.27,0,110
56,male,3,2,1.35,current,0,0,0,26.99,0,126
62,male,3,5,5,never,0,0,0,28.77,0,108
60,male,2,5,NA,former,0,0,0,18.76,0,116
48,male,3,5,5,never,1290,1,0,34.93,0,120
58,female,3,4,5,never,120,0,0,23.71,0,126
80,female,3,2,2.75,former,0,0,1,29.72,0,126
69,male,2,1,2.73,never,0,0,0,26.2,0,117
45,female,1,5,0.59,never,0,0,0,27.01,0,118
47,female,2,5,1.72,never,60,0,0,37.82,0,126
46,female,1,3,1.17,former,720,1,0,33.43,0,112
66,female,3,5,5,never,90,0,1,18.17,0,115
71,female,3,4,3.43,never,0,0,1,36.04,0,120
60,male,4,4,5,former,2160,1,0,32.25,0,122
64,female,3,5,5,never,0,0,0,31.44,0,126
57,male,1,4,5,former,0,0,0,28.97,0,115
49,female,3,3,1.16,current,0,0,0,55.6,0,115
71,male,3,1,0.58,former,0,0,1,36.72,0,122
46,male,1,2,0.21,never,90,0,0,31.5,1,92
78,male,3,5,5,never,20,0,0,20.19,0,128
72,male,3,3,1.48,former,0,0,1,28.69,1,14
76,male,3,4,1.85,current,0,0,0,29.27,1,15
62,female,1,1,1.35,former,0,0,0,31.33,0,120
44,male,3,5,5,never,45,0,0,26.41,0,119
79,male,3,2,3.43,former,0,0,1,30.29,0,130
64,female,3,4,3.77,never,0,0,1,34.44,0,130
46,female,1,2,0.41,former,0,0,0,34.63,0,111
47,female,2,2,1.09,current,0,0,NA,35.08,0,109
42,male,1,3,1.13,current,360,1,0,31.02,0,111
49,male,3,3,5,former,510,1,0,32.39,0,124
61,female,3,3,1.2,former,0,0,0,24.92,1,92
48,female,3,3,0.66,never,0,0,0,38,0,127
68,male,2,1,0.98,former,0,0,1,28.12,0,115
68,male,4,4,4.26,former,0,0,1,30.22,0,128
51,male,3,4,NA,current,0,0,0,29.54,0,122
53,male,4,2,1.51,current,0,0,0,24.61,1,101
69,female,1,1,1.91,never,0,0,0,32.83,0,111
41,female,2,2,2.72,never,480,1,0,26.23,0,108
80,male,1,1,1.11,former,0,0,0,29.07,1,35
40,female,3,4,1.18,current,0,0,0,45.25,0,123
50,female,4,2,0.82,current,0,0,0,25.87,0,115
64,male,2,3,2.4,never,1260,1,0,39.89,0,112
64,male,3,5,5,former,600,1,0,23.83,1,26
43,male,4,3,2.37,current,0,0,0,19.11,0,129
42,female,2,4,0.38,never,0,0,0,21.9,0,116
80,male,3,3,3.43,never,180,1,1,30.23,0,126
80,male,5,1,0.74,former,0,0,0,25.37,1,69
67,female,3,5,1.58,never,0,0,1,42.27,1,88
52,male,4,3,5,never,0,0,0,25.7,0,118
65,male,4,3,NA,never,0,0,0,23.58,0,121
48,male,2,1,NA,never,0,0,0,32.05,0,117
49,male,1,4,1.8,never,90,0,0,26.6,0,108
60,male,4,4,NA,never,1080,1,0,30.55,0,121
70,male,4,2,2.18,former,0,0,1,39.78,1,72
60,female,2,1,2.64,former,0,0,0,52.49,0,125
41,male,3,3,1.2,current,0,0,0,23.87,0,122
75,male,3,4,3.5,former,45,0,0,28.69,0,128
41,male,3,2,1.51,former,30,0,0,30.56,0,124
80,male,3,1,3.43,never,0,0,0,33.22,0,129
80,female,3,3,3.77,never,0,0,0,23.81,0,110
55,male,3,2,3.95,former,120,0,0,29.03,0,133
61,female,3,2,3.43,former,240,1,0,29.31,0,120
53,male,1,4,1.64,former,0,0,0,41,0,111
62,male,2,1,0.97,never,420,1,0,30.08,0,125
47,female,4,4,1.64,never,0,0,0,32.95,0,111
41,female,5,5,NA,never,0,0,0,28.74,0,119
41,female,4,4,1.91,never,0,0,0,24.8,0,128
54,male,3,4,NA,current,0,0,0,22.44,0,109
69,male,1,2,1.2,current,0,0,1,26.29,1,48
44,female,3,5,5,never,0,0,0,23.35,0,120
47,male,3,4,3,current,0,0,1,23.79,0,123
78,male,4,1,0.75,never,420,1,0,29.95,1,22
80,male,3,5,NA,former,720,1,0,27.68,0,127
72,female,3,3,5,never,0,0,0,27.2,0,127
71,female,5,3,1.01,never,150,1,0,22.88,0,109
44,male,1,1,3.33,current,0,0,0,28.06,0,117
80,male,3,5,1.72,former,585,1,0,31.5,0,132
80,male,4,2,0.89,current,0,0,0,19.95,1,8
70,male,3,4,5,never,0,0,0,26.54,0,118
65,male,3,5,5,current,0,0,0,32.58,0,116
44,male,1,3,0.87,current,50,0,0,32.26,0,115
46,male,1,4,3.63,former,960,1,0,32.42,0,118
62,male,3,4,5,former,0,0,1,29.21,0,122
51,female,3,4,5,never,0,0,0,24.91,0,114
64,female,3,3,0.86,never,50,0,0,35.56,0,110
59,female,5,5,5,never,225,1,0,22.01,0,108
41,male,1,2,1.69,never,0,0,0,26.85,0,109
49,male,4,3,3.09,current,180,1,0,23.28,0,116
56,male,3,5,0.82,former,330,1,1,38.21,0,123
62,male,4,3,NA,never,0,0,0,27.27,0,121
42,male,1,4,3.34,never,60,0,0,23.18,0,131
47,female,3,2,1.47,current,0,0,0,28.21,0,129
53,male,1,1,1.36,current,0,0,0,30.91,0,112
53,male,3,3,2.71,former,0,0,0,26.76,0,113
58,female,4,3,1.59,never,0,0,1,41.09,0,126
77,female,4,3,2.71,never,0,0,0,36.24,0,124
49,female,5,5,5,never,300,1,0,29.37,0,116
51,female,3,5,5,never,540,1,1,18.01,0,129
57,female,3,2,5,former,0,0,0,28.14,0,110
80,male,3,3,2.2,former,0,0,0,30.82,1,59
74,male,3,5,3.09,former,420,1,0,32.7,1,125
62,male,1,4,2.27,never,0,0,1,32.09,1,10
46,female,4,5,4.12,never,0,0,0,84.87,0,113
66,female,4,4,4.12,former,0,0,1,40.33,0,128
60,female,3,3,4.8,former,0,0,0,33.5,0,123
61,male,5,4,5,never,180,1,0,21.19,0,119
69,male,2,2,4.53,current,0,0,0,43.36,0,114
75,male,3,5,1.1,former,0,0,1,20.3,1,89
44,female,1,1,1.64,former,0,0,0,30.66,0,125
63,female,3,3,4.12,former,0,0,0,37.62,0,111
64,female,4,5,2.75,never,120,0,1,NA,0,122
80,female,3,1,2.06,never,0,0,0,27.14,0,132
43,female,5,4,3.14,current,360,1,0,22.72,0,132
48,female,2,NA,NA,never,30,0,0,32.11,0,126
69,male,1,5,NA,current,300,1,0,29.83,0,120
41,male,3,5,5,never,120,0,0,24.22,0,111
61,male,2,2,0.92,never,300,1,1,29.53,0,119
55,female,3,5,5,former,360,1,0,23.02,0,124
44,female,1,4,2.71,never,60,0,0,23.41,0,116
64,male,2,3,2.68,current,100,0,0,36.57,1,94
50,male,4,2,1.27,current,960,1,0,26.28,0,131
46,female,2,4,0.38,never,0,0,0,31.36,0,116
64,female,4,3,1.44,former,0,0,1,47.09,1,34
54,male,1,1,2.4,former,240,1,0,30.34,0,112
60,female,3,5,4.46,never,20,0,0,31.2,0,130
80,male,3,1,0.96,current,0,0,0,23.72,1,63
80,female,3,1,0.42,never,0,0,0,35.41,1,29
41,male,3,3,NA,never,135,0,0,47.49,0,127
51,female,4,2,3.93,never,0,0,1,37.32,0,127
50,female,2,4,4.54,never,1080,1,0,28.09,0,115
59,female,1,1,NA,never,0,0,0,48.3,0,111
80,male,3,1,2.06,current,0,0,1,19.53,1,25
66,male,4,3,3.23,former,0,0,0,25.89,0,126
71,female,3,2,0.75,former,0,0,1,36.34,1,83
44,female,3,3,1.07,current,0,0,1,25.5,0,122
44,female,3,4,0.04,current,0,0,0,17.75,0,121
63,male,3,1,1.63,current,0,0,1,31.71,1,92
43,male,4,3,2.95,current,0,0,0,32.53,0,130
68,male,4,2,2.67,never,0,0,1,27.42,1,39
68,female,1,1,1.82,never,0,0,0,28.48,0,117
40,female,3,2,0.54,never,240,1,0,26.6,1,106
51,female,1,1,NA,never,150,1,0,33.36,0,111
67,male,4,5,5,never,480,1,0,27.68,0,129
61,female,3,3,NA,former,120,0,0,28.29,0,123
40,female,3,5,2.72,never,330,1,0,22.14,0,118
65,female,3,3,1.2,never,0,0,0,40.98,0,122
48,female,4,5,3.4,former,45,0,1,37.71,0,120
72,female,2,2,0.65,former,0,0,0,28.17,0,128
47,male,3,4,1.94,former,150,1,0,22.65,0,130
56,female,3,2,3.09,never,60,0,0,34.6,0,111
43,male,3,3,1.55,current,0,0,0,25.26,1,50
80,female,3,2,0.89,never,0,0,0,20.03,1,91
55,male,4,4,2.49,former,1080,1,0,32.97,0,118
60,female,4,3,1.03,never,0,0,1,31.52,1,29
49,male,1,1,2.08,former,0,0,0,35.85,0,108
40,female,3,3,5,never,40,0,1,48.54,0,130
49,male,4,4,NA,current,180,1,0,19.75,0,123
62,male,3,5,5,former,120,0,0,37.27,0,129
70,male,3,3,1.2,never,0,0,0,30.75,1,99
55,male,3,5,5,current,0,0,0,32.33,0,124
49,female,3,5,5,never,150,1,0,19.16,0,125
80,male,3,4,2.75,former,0,0,1,25.39,0,130
59,male,1,4,0.72,former,0,0,0,27.17,0,109
55,female,3,4,5,former,50,0,0,22.11,0,124
80,male,3,5,2.66,former,0,0,1,NA,1,27
57,male,3,4,5,never,40,0,0,25.56,0,114
54,male,4,4,1.43,current,0,0,NA,18.58,0,131
58,female,2,3,NA,current,0,0,0,29.04,0,123
55,female,4,2,NA,current,0,0,0,25.75,1,26
74,female,4,3,1.72,former,0,0,0,45.37,1,61
80,male,3,5,5,current,0,0,1,28.42,1,55
61,female,3,5,5,current,120,0,0,24.24,0,132
42,male,3,5,1.29,current,0,0,0,28.31,0,129
54,male,2,1,0.69,current,0,0,0,NA,0,115
57,female,3,4,NA,current,0,0,0,28.4,0,130
56,female,3,1,1.47,never,0,0,1,30.47,0,125
61,male,3,3,5,former,120,0,0,29.67,0,127
40,male,4,3,1.59,never,240,1,0,39.87,0,127
40,male,4,2,1.55,never,0,0,0,28.42,0,122
66,male,4,2,2.33,former,0,0,0,30.05,0,127
58,male,1,3,5,former,0,0,0,23.81,0,108
56,female,1,2,1.64,never,60,0,0,29.45,0,111
48,male,3,3,5,never,240,1,0,21.13,0,119
63,female,3,4,5,never,0,0,0,30.18,0,118
54,male,2,2,0.67,never,80,0,0,25.34,0,121
73,female,3,4,1.57,never,210,1,0,34.47,0,109
42,female,3,3,0.63,current,420,1,0,31.52,0,122
46,male,3,4,NA,never,0,0,0,30.23,0,123
60,female,4,3,NA,former,90,0,0,28.74,0,121
61,female,5,3,5,never,0,0,0,36.12,0,117
75,male,3,3,1.01,former,0,0,0,20.37,1,74
57,male,3,4,5,never,960,1,0,28.75,0,124
70,male,3,2,1.11,current,0,0,0,27.98,1,12
73,female,4,2,0.68,former,60,0,1,36.92,1,94
73,male,1,4,2.46,former,1260,1,0,27.05,0,108
74,male,1,1,NA,never,0,0,0,31.57,1,57
79,male,4,1,1.58,never,0,0,1,40.6,1,69
80,female,3,4,1.78,former,0,0,1,37.43,1,58
80,male,3,3,1.48,former,0,0,1,NA,1,69
63,male,5,4,1.01,former,40,0,0,25.3,1,63
63,female,1,1,NA,never,0,0,0,30.04,0,109
72,male,3,4,1.24,former,0,0,0,22.49,1,76
74,male,3,5,5,former,0,0,1,30.37,0,123
43,female,2,3,0.14,never,240,1,0,21.03,0,120
80,female,1,1,4.64,former,0,0,0,29.62,0,122
44,male,1,3,2.13,never,0,0,0,38.06,0,109
51,female,1,4,1.32,never,0,0,0,33.02,0,111
52,male,3,4,3.6,current,0,0,0,22.31,0,113
72,female,3,2,0.96,never,0,0,0,NA,0,117
58,female,1,4,1.13,never,0,0,0,36.19,0,109
53,female,4,4,4.37,current,135,0,0,31.48,0,119
52,female,3,4,3.51,former,0,0,0,24.46,0,127
46,female,3,5,2.27,former,0,0,0,23.58,0,130
62,female,4,2,0.74,never,0,0,0,24.38,0,114
45,male,3,4,3.23,never,0,0,0,43.44,0,129
55,male,4,4,NA,never,780,1,0,26.59,0,113
64,female,3,5,0.01,never,380,1,0,23.89,0,122
76,male,2,3,0.33,current,105,0,0,29.36,0,127
80,female,3,5,5,never,0,0,1,21.61,1,61
51,male,4,3,0.74,current,0,0,0,53.39,0,127
62,male,2,4,1.12,never,0,0,0,46.24,0,112
52,female,5,3,2.18,never,210,1,0,22.2,0,118
44,male,4,3,0.55,current,0,0,0,30.77,0,117
48,male,3,5,2.13,never,0,0,0,22.84,0,119
63,male,1,3,NA,current,0,0,0,26.98,0,120
40,female,1,1,NA,never,0,0,0,27.04,0,116
59,female,3,3,3.77,never,0,0,0,33.97,0,123
63,male,1,4,5,former,0,0,1,29.95,0,109
80,female,3,1,1.39,never,210,1,0,26.83,1,63
41,female,2,5,3.88,never,0,0,0,26.7,0,108
55,female,1,2,2.31,former,0,0,0,30.24,0,108
46,female,1,1,NA,never,0,0,0,36.21,1,100
68,female,1,2,0.91,current,0,0,0,28.23,0,125
45,female,3,2,1.28,current,0,0,0,31.21,0,128
43,female,5,3,0.98,never,840,1,0,21.91,0,110
80,male,3,1,3.09,former,0,0,1,21.47,1,102
77,female,3,2,4.81,former,0,0,1,25.3,0,109
48,female,2,2,0.82,never,0,0,0,24.19,0,119
46,female,3,4,2.77,current,0,0,0,32.91,0,129
42,female,4,4,0.12,never,1120,1,0,22.04,0,116
80,male,3,4,0.89,former,0,0,0,28.32,1,28
50,male,1,1,5,current,0,0,0,39.15,0,120
43,male,3,2,1.65,current,0,0,0,43.12,1,30
50,male,1,2,0.85,former,170,1,0,28.84,0,109
47,male,4,5,2.79,never,15,0,0,30.52,0,121
69,male,1,5,3.32,former,870,1,0,27.21,1,88
72,male,3,3,5,former,0,0,0,30.19,1,103
73,female,1,1,NA,current,0,0,0,19.56,0,115
62,female,2,5,5,never,240,1,1,25.55,0,127
80,male,3,5,NA,former,0,0,0,24.7,0,126
80,female,1,1,NA,never,105,0,1,27.43,1,117
57,male,2,3,NA,current,720,1,0,31.26,0,125
62,male,3,1,1.02,never,10,0,0,50.49,1,71
63,male,3,2,1.24,current,0,0,0,25.26,0,131
76,female,3,3,4.8,current,0,0,0,25.75,0,117
55,male,3,5,5,never,0,0,0,23.89,0,116
64,female,3,5,5,never,140,0,0,30.11,0,114
41,male,1,2,2.33,never,0,0,0,24.81,0,110
53,male,3,4,1.1,former,0,0,NA,40.6,0,129
41,female,1,4,2.27,never,0,0,0,24.69,0,124
52,female,3,5,5,never,235,1,0,32.04,0,114
66,female,4,2,4.12,never,0,0,0,28.77,0,114
51,female,3,3,5,former,135,0,0,26.67,0,119
69,female,1,2,1.35,never,180,1,0,33.77,0,112
46,female,3,3,0.78,former,0,0,1,NA,1,83
61,male,4,4,2.95,former,0,0,0,24.79,0,131
66,male,4,5,5,former,90,0,0,27.78,0,115
43,female,3,5,3.63,never,750,1,0,27.73,0,118
59,female,3,3,0.85,never,0,0,0,26.67,0,110
49,female,1,4,1.03,never,0,0,0,30.49,0,109
46,male,5,5,1.35,former,1260,1,0,23.19,0,119
70,male,3,2,NA,never,0,0,0,26.91,0,120
60,female,3,3,3.41,former,200,1,0,32.2,0,124
40,male,2,3,2.68,never,120,0,1,28.99,0,130
80,male,3,2,1.92,former,0,0,1,28.72,1,27
76,male,3,3,3.43,current,0,0,1,20.22,1,60
77,female,2,1,0.58,never,0,0,0,23.21,0,111
44,female,5,2,NA,never,0,0,0,19.42,0,118
43,male,4,2,0.68,current,0,0,0,28.17,0,116
73,male,3,5,NA,never,135,0,0,32.58,1,91
48,male,3,4,1.72,current,0,0,0,20.37,0,120
60,female,3,4,4.85,never,0,0,0,35.49,0,112
65,female,2,3,1.1,former,0,0,0,31.64,0,125
42,female,3,5,4.17,never,90,0,0,33.72,0,124
40,female,5,5,5,never,0,0,0,21.27,0,113
49,male,1,2,1.35,current,720,1,0,26.59,0,111
59,female,4,5,0.92,current,0,0,0,21.78,0,130
53,female,1,4,3.43,former,0,0,0,30.9,0,127
72,female,3,2,4.62,current,0,0,1,25.06,1,106
40,male,3,4,NA,never,0,0,0,36.06,0,112
80,male,3,3,2.75,former,0,0,1,32.23,1,44
80,female,4,3,2.27,never,0,0,1,30.29,1,23
56,male,3,5,2.27,former,0,0,0,26.54,0,118
54,male,1,5,3.04,never,0,0,0,28.64,0,111
43,male,3,5,1.65,former,150,1,0,27.08,0,118
41,female,3,4,2.72,never,0,0,0,26.57,0,126
40,female,4,5,5,never,0,0,0,34.49,0,115
63,male,3,4,5,former,240,1,1,31.19,0,128
44,male,3,5,5,never,840,1,0,21.09,0,123
59,male,3,5,5,never,315,1,0,30.1,0,107
45,female,3,4,1.03,current,150,1,0,27.15,0,115
52,male,3,5,4.23,former,60,0,0,27.39,0,123
71,female,2,1,1.55,never,30,0,0,39.15,0,113
56,male,3,5,0.65,never,1680,1,1,29.28,0,124
50,female,3,4,2.75,former,30,0,0,30.94,0,132
42,female,2,3,1.01,never,0,0,0,33.65,0,119
55,female,4,1,0.81,never,0,0,0,25.27,0,126
45,female,4,3,0.98,never,0,0,0,27.29,0,112
61,female,4,4,2.31,never,30,0,0,26.1,0,132
80,female,3,5,4.98,former,0,0,1,30.03,0,130
74,female,3,3,1.02,current,0,0,1,25.08,1,23
59,female,3,5,5,never,60,0,0,26.49,0,119
58,male,3,3,5,former,45,0,1,23.25,0,118
57,male,3,3,5,never,720,1,1,40.4,0,131
62,female,1,3,1.94,never,0,0,0,25.22,0,115
56,male,2,1,0.74,never,0,0,0,30.86,0,117
61,female,1,5,5,never,330,1,0,25.74,0,128
78,male,2,2,0.55,never,0,0,1,28.93,0,113
80,female,3,2,2.31,never,0,0,0,34.36,0,119
55,male,3,5,5,never,720,1,0,25.13,0,118
68,male,2,2,4.74,former,0,0,0,27.36,0,125
59,male,3,5,5,former,120,0,0,39.7,0,123
80,female,1,1,0.69,never,240,1,0,21.08,1,76
50,male,3,4,2.22,former,0,0,1,35.67,0,125
49,male,4,2,0,current,720,1,0,23.79,0,117
66,male,3,4,NA,former,480,1,1,19.68,0,108
51,female,3,4,5,never,840,1,0,19.76,0,107
41,male,4,4,0,current,0,0,0,22.33,0,116
49,male,4,4,1.47,current,0,0,0,27.43,0,128
47,male,4,4,3.49,never,0,0,0,29.57,0,121
45,female,1,1,2.54,never,0,0,0,26.96,0,109
79,male,2,4,3.65,former,60,0,1,27.15,1,57
40,male,1,1,1.74,never,0,0,0,28.07,0,107
61,female,2,4,3.01,former,555,1,1,21.06,0,118
60,male,1,1,2.77,never,180,1,0,30.26,0,112
61,male,1,1,1.13,never,0,0,0,30.71,1,83
66,male,3,4,2.16,former,480,1,0,27.26,0,131
55,female,4,5,3.43,never,0,0,0,34.27,0,114
51,female,2,5,1.94,never,300,1,0,25.11,0,127
69,female,3,3,3.09,never,120,0,0,30.23,0,130
42,female,3,5,4.54,never,450,1,0,20.27,0,124
51,male,4,5,4.92,never,100,0,0,39.06,0,127
61,male,3,4,NA,former,0,0,0,28.29,0,121
44,female,1,2,0.55,current,0,0,0,35.17,0,109
48,male,4,3,2.75,current,0,0,0,23.15,0,118
49,female,1,5,3.39,never,150,1,0,34.02,0,127
47,female,3,4,1.06,current,0,0,0,29.43,0,125
80,male,3,5,5,current,300,1,0,23.16,0,118
49,female,4,4,2.44,current,0,0,0,62.81,0,119
80,male,2,4,0.82,never,315,1,1,29.39,0,127
46,male,3,2,1.1,current,240,1,0,20.8,0,130
73,male,4,5,2.05,former,1080,1,1,19.83,0,129
57,male,4,1,0.09,current,0,0,NA,34.68,0,126
80,female,3,4,3.77,never,0,0,0,23.49,1,59
80,female,4,1,2.22,never,0,0,0,35.1,1,87
59,female,2,2,5,never,0,0,0,34.94,0,118
57,female,3,3,3.32,never,240,1,0,26.91,0,126
80,female,3,3,2.47,former,0,0,1,34.58,1,35
46,female,1,5,1.86,never,420,1,0,25.51,0,111
77,female,3,1,NA,current,0,0,0,24.73,1,68
75,male,4,2,1.39,former,0,0,0,30.33,0,131
72,female,3,1,3.82,never,0,0,0,30.94,1,39
80,female,3,4,1.89,never,0,0,1,22.38,1,2
60,female,3,3,1.3,former,10,0,1,26.91,1,69
40,female,3,4,4.52,current,180,1,0,15.02,1,82
45,male,3,4,3.69,current,0,0,0,27.65,0,126
41,female,2,2,1.16,never,40,0,0,40.11,0,126
80,male,1,2,NA,former,0,0,0,28.25,1,91
74,female,3,3,2.4,never,0,0,0,33.33,0,116
57,female,1,4,0.6,former,36,0,1,34.98,0,116
66,male,4,3,1.06,former,1500,1,0,33.47,0,132
58,male,3,2,1.66,former,120,0,0,26.83,0,131
40,female,2,4,0.08,current,0,0,0,35.04,0,121
50,male,3,4,0.82,current,0,0,0,24.12,0,117
60,female,2,2,0.55,never,0,0,1,37.74,0,113
41,female,5,NA,1.22,never,0,0,0,24.44,0,111
53,female,1,1,4.51,never,0,0,0,27.17,0,111
50,male,1,3,1.17,never,0,0,0,48.53,0,112
45,male,3,4,NA,current,0,0,0,30.5,0,111
40,male,1,1,NA,never,0,0,0,26.37,0,130
73,female,1,1,0.89,never,0,0,0,42.78,0,115
60,male,4,4,4.8,former,0,0,0,32.24,1,91
54,male,3,4,1.16,former,180,1,0,30.67,0,115
60,male,4,4,1.24,current,90,0,1,31.05,0,132
77,female,3,4,2.12,never,0,0,0,46.81,0,122
53,female,3,3,0.3,never,0,0,0,33.93,0,121
68,female,3,3,2.95,never,150,1,1,29.82,1,92
80,female,3,2,2.29,never,0,0,0,26.9,1,30
66,female,3,5,4.46,never,0,0,1,47.13,0,114
44,female,3,5,5,never,540,1,0,18.44,0,116
46,male,4,3,0.92,never,270,1,0,28.75,0,114
80,female,5,1,2.03,never,0,0,0,26.93,0,115
64,female,1,4,2.4,never,0,0,0,41.2,0,110
41,female,2,4,4.1,never,90,0,0,29.76,0,130
47,female,2,4,0.89,never,0,0,0,29.56,0,121
59,male,3,2,5,never,0,0,0,33.56,0,122
56,male,3,2,5,former,360,1,1,32.21,0,124
71,male,1,5,1.44,never,420,1,1,30.64,0,111
61,female,2,2,0.72,never,0,0,0,33.02,0,115
80,female,2,1,0.91,former,0,0,0,33.24,1,65
76,male,4,4,3.43,current,0,0,0,29.8,0,128
43,male,5,4,1.27,never,0,0,0,24.71,0,116
52,male,2,5,5,never,0,0,0,28.22,0,110
78,female,3,4,2.12,never,0,0,1,46.98,0,123
80,male,2,3,2.77,former,140,0,0,27.14,1,50
80,female,3,4,1.55,never,210,1,0,19.15,1,74
69,female,3,4,2.06,never,360,1,0,23.54,0,122
66,male,3,2,4.8,never,0,0,0,38.79,1,83
50,male,3,4,0.95,never,360,1,0,30.74,0,120
54,male,2,1,1.75,never,0,0,0,23.09,0,117
63,male,1,1,1.54,current,0,0,0,27.88,0,115
54,male,1,3,1.25,former,210,1,0,25.7,0,110
52,male,3,4,1.18,former,0,0,0,35.01,0,110
80,male,3,3,NA,former,0,0,1,28.31,0,126
46,male,3,4,2.71,never,660,1,0,29.67,0,127
67,female,2,3,1.03,former,0,0,0,29.59,0,119
50,male,4,4,0.37,current,0,0,0,31.47,0,131
51,female,3,2,NA,never,0,0,0,22.79,0,119
73,female,3,4,NA,never,0,0,0,26.62,0,122
80,female,3,3,3.84,never,0,0,1,24.48,0,113
69,male,3,2,1.34,former,525,1,1,39.71,0,125
47,female,2,4,2.49,current,0,0,0,27.85,0,117
80,male,3,2,1.96,former,0,0,0,20.79,1,57
56,male,3,4,0.07,never,360,1,0,23.3,0,107
42,female,5,5,0.92,former,600,1,0,22.55,0,129
43,male,4,2,1.39,current,0,0,0,39.09,0,129
60,male,3,5,5,never,60,0,0,24.22,0,109
56,male,3,5,5,never,0,0,0,22.71,0,125
62,female,4,2,0.62,former,0,0,0,30.71,0,112
75,female,3,3,5,never,250,1,0,21.49,0,122
55,male,4,4,1.92,former,180,1,1,40.37,0,127
74,male,3,5,3.43,never,0,0,1,30.27,0,120
53,female,4,4,2.18,never,105,0,1,37.5,0,118
49,male,1,3,NA,former,420,1,0,28.56,0,111
76,female,3,5,1.17,never,0,0,1,35.86,1,105
80,female,2,2,NA,never,0,0,0,30.99,0,112
73,female,1,2,3.63,never,150,1,0,28.94,0,113
77,female,3,4,1.8,never,140,0,1,26.95,0,110
51,female,1,1,1.02,never,180,1,0,30.02,1,101
70,male,4,4,4.46,former,180,1,0,22.72,0,116
49,male,4,2,0.78,current,1680,1,0,22.14,0,121
60,female,4,4,3.26,former,0,0,1,41,0,125
76,female,4,1,2.33,never,0,0,0,28.62,1,73
58,male,3,4,NA,never,0,0,0,27.84,0,118
55,male,2,5,3.63,former,320,1,0,32.94,0,112
40,female,4,4,0.63,never,0,0,0,26.61,0,126
54,male,4,4,4.92,never,0,0,0,27.8,0,123
74,female,3,3,1.92,former,0,0,1,39.97,0,117
66,female,1,2,0.45,never,0,0,0,36.23,0,121
46,female,5,5,1.37,never,300,1,0,30.11,0,124
75,male,3,5,2.59,never,140,0,1,23.6,0,128
69,male,1,3,5,never,960,1,1,27.44,0,114
59,female,3,3,2.33,never,0,0,0,26.74,0,131
53,female,2,5,5,never,175,1,0,20.09,0,124
43,male,3,4,5,never,0,0,0,30.12,0,122
70,female,5,4,NA,never,180,1,0,42.05,0,121
54,female,1,1,0.95,never,0,0,0,28.98,0,110
58,female,2,3,0.93,never,250,1,0,24.55,0,117
72,female,4,3,1.02,current,0,0,1,29.11,1,82
49,male,3,2,0.86,current,0,0,1,27.02,0,118
64,male,5,2,1.81,current,0,0,1,31.06,1,76
78,female,3,4,2.75,former,0,0,0,29.89,0,122
56,male,3,5,4.8,never,540,1,0,30.89,0,124
54,male,1,1,1.16,former,105,0,0,29.93,0,117
48,female,4,4,NA,never,1050,1,0,36.09,0,113
67,female,1,4,5,former,0,0,0,20.37,0,108
66,female,3,2,0.88,former,40,0,0,45.39,0,115
70,male,1,1,0.74,current,210,1,0,32.84,1,63
55,male,3,3,1.36,never,300,1,0,27.85,0,133
48,female,3,5,3.63,former,480,1,0,21.66,0,120
43,male,3,4,1.12,current,0,0,0,28.82,0,118
74,female,4,4,1.25,former,0,0,0,35.38,0,123
66,female,3,4,3.43,former,0,0,1,21.32,0,127
52,male,4,2,1.39,never,0,0,0,44.82,0,116
48,female,3,3,0.11,current,0,0,0,35.38,0,123
75,male,4,2,0.82,never,0,0,1,28.37,0,128
63,female,2,3,NA,never,135,0,1,28.82,0,125
44,female,3,4,1.67,never,645,1,0,23.2,0,89
43,female,4,3,2.02,current,0,0,0,33.3,0,88
80,male,3,5,4.3,never,0,0,1,33.9,1,21
51,male,5,3,NA,current,0,0,0,20.1,0,85
80,male,3,3,0.05,never,0,0,0,28.5,1,7
55,male,5,5,5,never,0,0,1,27.6,0,103
70,male,4,3,0.9,former,30,0,0,NA,0,99
57,male,3,5,5,former,120,0,0,28,0,84
42,male,5,5,4.07,never,660,1,0,27.6,0,98
62,female,1,1,1.11,never,0,0,0,26,0,88
65,female,3,4,NA,never,0,0,0,26.7,0,94
77,female,1,1,0.97,never,350,1,0,30.6,1,79
41,female,4,5,3.6,never,60,0,0,52.6,0,102
54,male,5,3,NA,never,0,0,0,20.5,0,92
80,male,2,4,3.64,never,0,0,0,28.4,1,3
50,male,3,5,3.15,never,75,0,0,43.4,0,94
75,male,3,1,1.07,former,0,0,0,29.7,0,99
48,female,1,3,3.92,never,0,0,0,33.2,0,93
42,female,3,4,3.3,current,0,0,0,31.6,0,94
63,female,1,2,0.78,former,0,0,0,45.2,0,103
61,male,5,4,5,never,1200,1,0,23.2,0,97
58,female,3,5,2.64,former,0,0,0,39.9,0,94
65,male,5,1,1.2,former,0,0,0,26.6,0,87
51,female,5,4,NA,former,630,1,0,31.9,0,104
65,male,3,3,0.87,current,0,0,1,27.1,0,103
80,male,3,1,1.63,former,0,0,1,26,1,30
47,male,2,1,0.93,never,630,1,0,31,0,105
61,male,4,4,0.87,former,480,1,0,41.7,0,90
47,male,2,4,3.25,former,0,0,0,28.6,0,102
77,male,3,2,2.72,former,0,0,0,31.1,0,89
52,male,3,4,1.13,current,0,0,0,31.4,0,91
64,male,3,5,1.79,former,0,0,1,16.6,0,104
41,female,5,5,5,never,330,1,0,21.8,0,97
55,female,3,4,5,former,300,1,0,25,0,103
72,female,3,4,2.51,former,180,1,0,28.3,0,89
80,male,4,2,NA,current,0,0,0,21.9,1,9
54,female,4,4,1.7,current,0,0,0,24.3,0,92
57,female,4,5,1.7,never,0,0,0,23.7,0,85
64,female,3,5,2.41,never,0,0,1,25.6,0,89
73,female,4,4,2.11,never,0,0,0,26.8,0,97
71,male,5,2,1.07,former,0,0,0,28.8,0,89
56,male,5,4,5,never,300,1,0,29.9,0,104
80,male,3,5,5,former,0,0,1,25.2,1,11
67,male,3,4,1.16,current,0,0,1,21.3,1,53
69,female,2,2,0.79,never,0,0,NA,32.7,1,49
43,male,4,4,3.67,former,600,1,0,31.1,0,91
51,female,2,1,NA,never,0,0,0,25.4,0,83
76,female,3,3,1.62,never,20,0,0,31.9,0,110
61,male,4,3,1.2,former,480,1,1,33.5,0,87
78,female,3,3,2.64,never,150,1,0,24.6,0,95
47,female,1,2,0.46,never,0,0,0,34,0,101
63,female,1,1,1.85,never,180,1,0,34.7,0,101
61,male,4,3,1.33,current,300,1,0,34.2,1,100
80,female,4,2,NA,never,0,0,0,22.7,0,91
46,male,3,5,0.94,former,300,1,0,27.6,0,88
64,female,3,4,2.89,never,0,0,0,30,0,93
60,female,1,4,0.23,current,0,0,NA,28,0,96
43,female,4,3,0.1,current,840,1,0,18.4,1,98
69,male,3,5,4.3,never,30,0,0,26.4,0,95
45,female,5,3,NA,never,180,1,0,20.1,0,84
55,male,2,4,3.67,never,0,0,0,28.5,0,103
44,male,3,4,1.28,never,0,0,0,25.9,0,98
71,female,3,3,1.21,never,0,0,1,24,0,91
43,female,3,3,2.72,current,60,0,0,22.3,0,106
80,male,3,5,5,former,0,0,1,27.8,1,53
54,female,1,1,1.04,former,0,0,0,27.1,0,106
44,female,3,2,1.43,current,0,0,0,25.8,0,99
80,male,3,3,1.65,never,0,0,0,21.7,1,51
50,male,5,2,3.23,never,0,0,0,27.4,0,91
80,female,2,1,0.81,former,0,0,1,22,1,62
55,female,5,4,2.01,never,0,0,0,30.4,0,98
46,male,1,1,1.34,current,0,0,1,NA,0,86
78,female,3,2,1.24,current,0,0,1,24.7,1,48
68,female,2,1,4.66,never,0,0,1,33.2,0,101
40,male,5,5,3.22,never,0,0,0,20.2,1,12
40,male,3,3,2.31,never,90,0,0,30.5,0,101
69,female,3,3,1.12,never,0,0,1,38.4,1,25
40,female,1,3,5,current,225,1,0,25.1,0,103
70,female,1,1,NA,current,0,0,0,40.6,0,90
53,female,1,1,1.63,former,120,0,0,30.7,1,71
48,male,5,1,1.15,current,0,0,0,23.3,0,86
44,male,4,3,2.95,current,140,0,0,26.1,1,72
49,male,5,4,1.1,current,0,0,0,29.9,0,90
80,female,3,3,1.16,former,0,0,1,30.5,1,16
51,female,4,4,3.21,current,240,1,0,26.3,0,88
65,male,3,4,1.6,former,0,0,0,40,1,76
58,male,4,3,0.4,never,0,0,0,16.5,0,98
80,male,3,1,1.98,current,0,0,0,23.5,1,16
80,male,3,3,0.65,never,0,0,0,26.5,0,104
72,female,3,4,5,never,105,0,1,29,0,93
47,male,4,5,5,never,720,1,0,37.3,0,90
54,male,4,2,0.81,former,0,0,0,18.9,0,93
61,female,4,3,5,never,1200,1,0,34,0,92
75,male,3,4,5,former,120,0,1,33,0,90
68,male,2,1,0.31,former,0,0,0,24,0,87
42,female,4,4,1.08,current,0,0,1,39.1,0,90
57,male,3,4,1.92,current,0,0,1,28.2,0,87
64,female,2,4,1.32,never,0,0,0,36.8,0,103
69,male,4,5,5,never,280,1,0,25.7,0,91
41,male,3,5,4.34,former,360,1,0,21.9,0,94
44,female,4,5,4.21,never,0,0,0,27.8,0,93
65,male,3,5,2.15,never,1320,1,0,25.6,0,90
76,female,3,1,NA,former,0,0,0,28,1,86
71,female,3,3,1.13,former,0,0,1,56.3,0,94
40,male,3,3,1.29,never,270,1,0,25.8,1,14
43,male,3,3,4.12,former,180,1,0,28.5,0,94
42,female,4,4,1.22,former,0,0,0,47.2,1,2
65,male,2,2,5,current,3300,1,0,25.5,0,96
61,female,5,3,5,never,200,1,0,27.8,0,97
44,male,3,2,3.61,never,0,0,0,28.6,0,102
52,female,4,5,NA,never,1800,1,0,24.3,0,101
46,female,2,3,0.84,never,135,0,0,28.4,0,103
60,female,3,5,1.36,never,0,0,1,24.1,0,91
80,female,3,3,2.64,former,0,0,0,29.8,1,52
46,female,2,1,1,never,0,0,0,26.7,0,96
44,male,3,3,1.19,current,0,0,0,33.6,0,90
42,female,2,1,0.01,never,0,0,0,31.6,0,106
80,male,3,1,NA,never,180,1,0,32.3,0,97
56,male,4,3,0.72,never,0,0,1,25.8,0,91
59,female,3,5,5,current,1980,1,0,23.1,0,101
54,male,3,4,5,current,0,0,0,31.2,0,106
62,female,2,3,NA,current,0,0,0,28.7,0,93
79,male,4,2,NA,former,600,1,0,25.8,0,104
40,male,2,1,NA,former,3600,1,0,24.8,0,96
59,male,4,4,NA,never,30,0,0,45.6,0,92
51,female,3,2,0.89,current,0,0,0,36.3,0,106
52,female,4,3,0.4,current,0,0,1,33.3,1,14
64,female,4,3,NA,never,90,0,1,39.5,0,87
46,male,5,2,5,never,0,0,0,27.5,0,85
60,male,4,2,0.92,current,0,0,0,31.9,0,109
42,male,4,5,4.86,never,0,0,0,25.6,0,91
64,male,1,4,2.69,current,240,1,0,36.5,0,105
57,male,2,3,2.64,never,0,0,0,34.2,0,99
53,male,5,3,2.01,never,0,0,0,21.5,0,84
41,female,3,5,4.07,current,90,0,0,22.5,0,104
49,female,4,3,3.67,former,0,0,0,38.2,0,91
56,female,4,4,NA,never,0,0,0,26.4,0,99
72,female,4,NA,NA,never,2520,1,1,22.1,0,92
80,female,3,1,NA,never,0,0,1,22.4,1,43
80,female,3,1,3.47,never,0,0,1,28,1,31
80,female,3,5,3.22,never,0,0,0,20.3,1,35
48,female,3,4,1.1,current,0,0,0,29.6,0,102
66,male,1,1,2.22,former,0,0,0,36.5,0,100
71,female,3,4,2.04,former,0,0,0,35.6,0,104
78,male,1,4,1.08,former,480,1,0,23.8,0,88
80,female,4,3,0.98,never,0,0,1,34.3,1,23
70,male,3,3,2.02,never,0,0,0,40.1,0,101
73,male,3,4,1.07,former,120,0,0,24.8,0,100
75,female,3,4,1.89,never,600,1,0,24.8,0,96
72,female,3,5,2.92,never,0,0,0,34.5,0,106
52,female,5,5,0.65,never,0,0,0,32.5,0,104
60,female,4,2,1,never,0,0,0,50.5,0,88
50,female,4,4,0.76,never,0,0,1,30,0,88
65,male,4,3,5,former,0,0,1,26.1,0,87
80,female,3,4,4.59,never,0,0,0,25.8,0,101
73,female,3,3,1.42,former,0,0,0,22.2,0,86
45,male,5,2,1.16,never,100,0,0,30.7,0,91
80,male,3,5,3.21,current,120,0,1,24.9,1,64
41,male,4,4,1.95,never,500,1,0,28.8,0,101
78,female,3,4,1.57,never,180,1,1,26.9,0,91
40,female,5,5,3.47,never,0,0,0,20.9,0,105
60,female,1,4,5,never,600,1,0,23.9,0,105
68,female,3,2,1.25,never,0,0,0,31,0,95
61,female,5,5,5,never,240,1,0,24,0,85
68,male,3,2,3.06,former,180,1,0,32.6,1,95
61,male,4,4,1.79,former,0,0,1,42,0,101
57,female,4,2,3.57,current,0,0,0,28.9,0,97
80,female,5,1,4.76,never,0,0,1,NA,1,59
76,male,4,3,2.59,never,0,0,0,36.6,0,88
71,male,4,1,1.85,never,0,0,1,33.3,0,105
55,male,3,3,2.69,former,180,1,1,39.5,0,90
46,male,1,2,2.44,former,0,0,0,29.3,0,99
68,male,3,3,2.3,former,150,1,0,34.5,0,103
64,male,3,5,3.3,former,180,1,1,39.4,0,90
67,female,4,4,1.8,never,0,0,0,20.1,0,100
69,male,4,4,NA,never,40,0,0,26.3,1,68
68,male,2,1,1.79,current,0,0,0,23.7,0,84
68,male,5,3,4.96,former,0,0,0,25.7,0,91
62,female,3,3,0.86,never,0,0,1,34.9,0,108
55,female,5,5,NA,never,0,0,0,22.3,0,98
80,female,3,3,2.31,former,0,0,0,38.7,1,70
44,male,3,5,5,never,0,0,0,43.5,0,106
69,female,1,2,2.2,never,0,0,1,40.7,0,104
41,female,4,2,0.22,current,0,0,1,27.7,0,106
80,male,5,3,1.59,former,105,0,1,24.8,1,22
49,female,3,2,0.97,current,0,0,0,30.5,0,93
52,male,5,3,1.34,former,120,0,0,21.9,0,93
41,male,2,5,0.87,current,0,0,0,28.7,0,102
75,male,1,1,0.68,never,0,0,1,27,1,73
42,female,5,5,NA,never,0,0,0,23.3,0,92
50,female,3,3,1.38,current,0,0,0,23.6,1,83
63,male,4,4,2.51,former,720,1,0,26.8,0,99
74,male,2,1,4.66,never,0,0,0,27.6,0,100
58,male,3,5,5,never,0,0,0,26.1,0,97
57,female,3,5,5,never,300,1,0,26.1,0,104
80,female,3,4,1.65,former,0,0,1,30.8,1,36
71,female,1,2,0.56,former,210,1,0,38.8,0,106
52,male,4,2,0.53,former,0,0,0,33.9,0,97
40,female,4,4,1.4,never,840,1,0,22.8,0,88
58,male,5,1,0.7,former,420,1,0,23.6,0,84
74,male,3,5,2.49,former,0,0,0,26.4,0,96
70,male,2,1,1.7,former,0,0,0,28.8,0,89
71,female,4,2,1.63,never,250,1,0,29.2,0,100
52,male,4,4,2.78,never,240,1,0,28.8,0,102
48,male,4,2,5,former,300,1,0,28,0,99
45,female,5,4,0.68,never,0,0,0,20.3,0,107
54,male,3,3,2.1,former,420,1,0,36.1,0,102
68,male,1,3,1.97,never,210,1,0,37.6,0,98
51,female,2,3,0.36,never,0,0,0,48.6,0,104
46,female,1,5,5,former,0,0,0,38.1,0,87
50,female,3,4,0.19,never,0,0,0,23.2,0,93
52,female,3,4,1.09,never,0,0,0,42.3,0,94
72,male,3,3,5,former,0,0,0,29.9,0,101
45,female,4,5,2.17,never,450,1,0,29,0,100
50,male,2,2,1.57,current,240,1,0,25.8,0,97
69,male,3,5,5,never,210,1,1,30.8,0,91
41,female,4,5,4.1,never,360,1,0,27.2,0,92
53,male,4,2,0.76,former,0,0,1,25,0,89
67,male,3,5,4.15,former,360,1,0,30.8,0,105
44,female,1,1,0.78,never,0,0,0,31.4,0,90
51,female,3,3,0.23,current,0,0,0,21,0,99
40,female,4,5,2.69,never,75,0,0,37,0,97
50,male,1,1,0.46,former,0,0,0,24.2,0,99
71,male,3,4,1.16,former,0,0,1,27.6,0,90
72,male,4,2,1.7,former,0,0,0,24.4,0,106
41,male,4,3,0.94,current,0,0,0,31.9,0,96
52,female,4,4,1.34,never,0,0,0,37.3,1,55
59,female,3,5,2.17,never,240,1,0,21.2,0,94
53,female,5,1,0.76,never,180,1,0,24.5,0,105
56,female,4,3,1.88,former,0,0,1,34.9,0,91
46,male,4,2,0.18,current,0,0,0,30.5,0,88
40,female,4,5,4.03,never,3015,1,0,34.8,0,108
66,female,5,5,3.48,former,0,0,1,33.8,0,86
44,female,4,3,1.16,current,0,0,0,22.3,0,97
60,male,3,1,1.27,current,0,0,0,35.8,1,59
52,male,4,2,2.43,never,0,0,1,28.8,1,28
44,male,2,5,5,never,0,0,0,26.5,0,96
40,female,4,4,5,never,0,0,0,68.7,0,100
47,female,3,4,5,never,240,1,0,38,0,105
53,female,4,3,1.41,former,30,0,0,34.9,0,91
55,male,5,3,1.81,never,0,0,0,20.9,0,93
80,female,3,3,1.88,former,0,0,1,18.4,1,81
57,female,3,4,0.32,current,0,0,0,29.9,1,15
48,male,5,5,4.59,former,60,0,0,24.6,0,85
46,female,3,4,2.81,current,150,1,0,34.7,0,90
74,female,3,4,3.67,never,0,0,0,33.5,0,94
64,female,3,5,1.52,never,90,0,0,26.4,0,89
57,female,3,5,4.59,former,270,1,0,25,0,86
59,male,5,2,NA,never,0,0,0,28.7,1,54
80,female,3,4,2.31,current,0,0,1,25.1,1,61
60,male,4,4,5,never,0,0,0,30,0,96
62,female,4,3,0.2,current,0,0,0,28.8,1,94
74,female,4,2,NA,never,0,0,0,32.4,0,99
50,male,4,4,0.79,current,900,1,0,28.5,0,91
45,female,2,3,NA,never,160,1,1,24.5,0,91
68,female,4,3,2.69,never,240,1,0,31.3,0,91
64,female,5,5,5,never,600,1,0,25.1,0,93
48,female,3,4,1.08,current,0,0,0,27.1,0,101
59,male,3,3,4.59,never,60,0,0,35,0,98
40,female,4,5,1.09,current,360,1,1,21.9,0,93
79,female,4,1,0.91,former,0,0,0,36.2,0,102
63,male,3,4,5,never,0,0,0,30.8,0,105
43,female,4,2,0.84,former,0,0,0,33.5,0,89
68,male,4,4,NA,former,0,0,0,28.1,0,91
60,female,3,2,2.2,former,0,0,1,NA,1,91
51,male,2,4,NA,former,0,0,0,30.5,0,85
63,female,4,4,1.63,never,240,1,0,37.6,0,91
62,male,4,5,4.34,former,120,0,0,24.1,0,86
55,female,4,4,1.16,current,0,0,0,20.3,0,89
48,female,4,5,4.9,never,180,1,0,28.1,0,94
79,male,3,4,5,never,0,0,1,34.8,1,2
44,male,5,5,3.47,never,450,1,0,29.4,0,107
72,female,3,3,4.95,never,0,0,0,36,0,90
53,male,3,5,5,never,210,1,0,37.9,0,93
68,female,3,4,1.13,current,0,0,0,23.6,0,100
66,female,3,3,1.16,former,100,0,1,33.6,0,95
68,male,5,5,2.72,former,0,0,0,27.1,0,86
79,male,3,3,3.97,former,270,1,1,23.3,0,95
49,female,5,3,4.63,never,420,1,0,23.1,0,104
60,male,3,4,0.95,never,0,0,0,36.4,0,89
60,female,4,5,0.45,former,0,0,0,38.8,0,104
54,female,2,4,2.49,never,0,0,0,30.2,0,102
40,male,3,2,NA,current,0,0,0,34.1,0,98
53,male,3,3,3.78,never,0,0,0,34.2,0,103
80,male,3,3,2.38,never,150,1,0,20.7,1,43
78,female,4,5,2.37,never,0,0,0,30.1,1,52
65,male,3,5,4.76,former,720,1,1,26.7,0,93
65,male,5,5,5,never,360,1,0,22.2,0,86
65,male,5,4,2.64,current,120,0,1,23.7,0,93
71,male,5,1,0.44,former,0,0,1,15.4,0,100
65,female,2,4,0.87,never,120,0,0,26,0,102
46,female,5,3,2.38,never,0,0,0,24.5,0,88
49,male,3,1,3.16,former,0,0,0,28.9,0,104
78,female,4,4,NA,former,0,0,0,34.2,1,86
79,female,4,2,0.95,never,0,0,0,50.8,1,79
77,female,4,1,1.78,never,60,0,0,37.2,1,88
45,male,3,5,5,never,90,0,0,30.8,0,100
74,female,5,1,0.55,never,60,0,0,35.3,0,87
41,female,2,1,1.36,never,0,0,0,32.2,0,87
54,female,5,2,NA,never,210,1,0,19.1,0,89
53,female,1,2,1.29,never,0,0,0,35,0,85
61,male,4,1,1.07,current,0,0,0,18.7,0,90
70,female,2,1,0.64,never,0,0,0,29.9,0,103
53,female,4,5,1.72,never,150,1,0,29.9,0,94
53,male,4,3,0.4,current,720,1,0,30.2,0,95
62,male,5,3,2.51,current,0,0,0,25.3,0,91
59,female,3,2,0.82,current,210,1,1,22.1,0,95
71,female,3,4,3.58,never,0,0,0,34.3,0,94
74,female,3,3,5,never,0,0,1,26.9,1,80
44,male,5,4,2.41,never,0,0,0,26.9,0,92
43,female,3,5,4.47,never,75,0,0,30.3,0,89
70,male,3,5,4.48,former,0,0,0,31.3,0,103
80,male,3,4,2.58,never,0,0,1,28.4,1,83
70,male,3,3,2.45,current,900,1,0,21.6,0,101
46,male,5,3,5,former,0,0,0,30.5,0,91
50,male,3,2,0.95,former,0,0,0,27.9,0,100
66,female,2,1,1.1,never,0,0,0,23.5,0,88
41,female,3,2,3.9,former,60,0,0,36.3,0,94
66,female,5,1,1.7,never,0,0,0,24.6,0,100
55,male,4,3,0.77,never,0,0,0,34.5,0,97
54,female,5,5,2.39,never,0,0,1,23.1,0,99
46,female,4,4,1.79,never,0,0,0,25.3,0,87
44,male,3,5,5,never,1200,1,0,27,1,72
80,female,5,4,4.81,never,0,0,0,29.3,0,99
66,female,2,3,0.69,never,0,0,0,34.6,0,103
49,male,5,5,5,never,180,1,1,24.7,1,62
54,male,4,5,3.93,never,0,0,1,25.1,0,103
70,male,5,1,1.22,never,0,0,0,30.9,0,92
50,male,4,4,0.87,current,0,0,0,19.6,0,92
41,male,3,4,1.41,never,0,0,0,30,0,99
40,male,1,3,1.38,never,2100,1,0,36.6,0,106
43,female,3,3,2.66,never,40,0,0,23.6,0,101
44,male,4,2,2.42,current,0,0,0,34.4,0,92
62,female,5,5,0,never,0,0,0,22,0,89
70,female,3,4,3.4,former,0,0,0,29,0,97
48,male,3,4,1.16,former,0,0,0,37.6,0,99
61,female,3,3,1.81,former,360,1,0,36.3,0,94
58,female,4,4,4.48,never,90,0,0,38.9,0,100
48,male,3,2,0.85,current,0,0,0,27.8,0,108
54,male,1,5,5,never,2520,1,0,30.9,0,97
53,female,1,1,1.33,never,15,0,0,44.1,0,106
68,female,1,1,1.18,former,60,0,0,24.1,0,86
47,female,2,5,5,never,0,0,0,35.9,1,35
60,male,4,3,3.93,current,840,1,0,24,0,103
40,female,4,2,2.81,current,90,0,0,34.8,0,106
50,male,5,5,5,never,60,0,0,26.2,0,93
67,female,2,4,2.01,never,160,1,0,31,1,81
44,female,4,2,1.12,current,0,0,0,34.1,0,87
80,male,3,2,1.7,never,270,1,1,24.4,1,58
60,female,4,4,1.17,never,0,0,0,54.2,1,85
53,male,3,5,5,never,60,0,0,27.4,0,85
80,female,3,4,1.82,never,0,0,0,NA,1,94
41,female,3,4,0.96,current,780,1,0,28.7,0,102
56,female,5,2,0.92,never,315,1,0,24.9,0,88
59,male,2,3,2.57,former,60,0,0,27.4,0,100
80,male,4,5,1.56,never,360,1,1,26.6,1,72
59,female,3,5,5,former,180,1,1,26.9,0,105
80,female,3,2,0.9,never,0,0,1,27.8,0,96
44,female,3,2,1.89,current,1440,1,1,33.7,0,88
67,male,3,1,1.83,former,0,0,0,20.8,1,85
46,female,3,3,3.16,current,0,0,0,40.8,0,104
62,male,4,5,1.34,never,0,0,1,26,1,9
43,male,5,4,0.91,never,0,0,0,24.1,0,101
62,female,4,4,5,former,0,0,0,59.1,0,94
54,male,1,4,NA,never,550,1,0,25.6,0,98
67,female,1,3,2.97,never,0,0,1,37,1,22
51,female,4,5,5,never,480,1,0,32.5,0,97
59,male,3,4,3.21,former,0,0,0,32.8,0,101
63,female,4,5,NA,never,0,0,0,32.6,0,100
40,female,1,3,0.74,never,630,1,0,27.7,0,105
40,male,4,4,1.81,current,240,1,0,25.3,0,91
48,male,5,5,5,current,0,0,0,28.2,0,88
42,female,2,4,0,current,0,0,0,30.9,0,97
63,female,1,4,0.95,former,0,0,1,NA,1,87
80,male,2,3,1.1,never,105,0,0,29.4,1,38
80,female,2,2,0.66,never,30,0,0,22.6,0,101
59,male,1,1,0.89,former,1200,1,0,25.4,0,101
40,female,3,4,1.79,former,80,0,0,47.5,0,91
75,male,3,2,5,former,0,0,0,26.6,0,97
67,male,3,5,4.59,never,570,1,0,25.5,1,41
80,female,5,1,0.54,former,0,0,0,27,0,93
72,female,2,2,1.7,never,0,0,1,34.9,0,86
42,female,5,4,NA,current,2280,1,0,21.3,0,105
41,female,4,5,5,never,0,0,0,25.9,0,86
76,female,1,2,0.97,never,0,0,0,22,0,104
53,male,2,3,1.39,never,0,0,0,29.2,0,104
72,female,3,3,1.12,current,90,0,1,41.7,0,93
80,female,3,1,NA,never,0,0,1,32,0,93
66,male,4,3,5,former,0,0,0,32.8,0,101
67,male,3,1,0.92,never,0,0,0,41,1,93
40,male,1,4,1.21,current,600,1,0,29.1,0,103
79,male,3,4,2.64,former,150,1,1,30.6,0,95
80,female,3,3,1.16,former,0,0,0,26.2,0,90
78,female,4,1,NA,never,0,0,1,25.9,1,8
58,female,4,5,NA,never,90,0,0,34.3,0,98
47,male,4,5,5,never,315,1,0,40.5,0,99
61,female,1,2,1.93,never,0,0,0,30.1,0,102
62,female,5,4,5,never,0,0,0,NA,0,102
80,male,3,5,1.15,former,60,0,0,23.3,1,72
55,female,5,5,4.44,never,0,0,0,23.2,0,105
50,male,3,5,5,never,300,1,0,30.6,0,95
63,female,4,3,1.39,never,0,0,0,41.4,0,97
53,female,4,2,0.74,current,0,0,1,32.1,0,107
62,male,4,1,NA,former,360,1,0,23.5,0,99
74,male,3,3,2.92,current,0,0,0,23.5,1,77
56,male,4,5,5,never,0,0,0,29.5,0,99
54,female,5,3,0.54,never,0,0,0,30,0,93
48,female,5,5,5,never,40,0,0,19.3,1,84
51,female,4,2,NA,never,0,0,0,38.9,0,96
61,female,4,4,2.75,never,0,0,0,31.8,0,98
71,female,3,3,5,former,120,0,0,31.1,0,103
51,male,3,5,NA,current,0,0,0,20.2,0,100
66,male,4,3,0.99,former,420,1,0,33.6,0,86
75,male,4,1,NA,never,0,0,0,22.5,0,99
41,female,5,5,4.03,never,60,0,0,24.6,0,93
48,male,5,1,2.68,never,1260,1,0,31.9,0,93
45,female,3,5,4.86,never,540,1,0,43,0,107
68,female,4,4,1.84,never,360,1,0,21.5,0,91
48,female,5,3,NA,never,0,0,0,41.8,0,101
64,male,3,3,5,current,0,0,0,22.9,0,91
80,female,3,2,2.17,never,0,0,1,15.7,1,6
67,male,4,5,2.75,former,280,1,1,25.6,0,103
65,female,5,5,0.75,never,360,1,0,36.7,0,92
73,female,4,3,NA,never,0,0,0,28.8,1,22
50,female,2,2,1.26,never,240,1,0,30.2,0,102
57,male,4,1,1.34,current,30,0,0,26.2,0,91
47,male,3,2,1.74,current,0,0,1,23.9,0,95
51,male,4,2,1.7,former,180,1,0,33.5,0,87
62,female,4,4,2.15,never,225,1,0,33.3,0,101
44,female,4,5,0.65,never,0,0,0,33.7,0,100
80,male,3,4,1.65,former,0,0,0,22.7,1,44
53,male,3,4,1.97,never,0,0,1,34.1,0,93
70,male,2,4,1.15,former,360,1,0,30.7,0,92
80,female,3,3,NA,never,0,0,0,20.1,1,9
80,male,3,5,NA,never,390,1,1,27.3,0,99
51,female,5,2,0,never,0,0,0,28.3,0,107
78,female,5,1,1.11,former,0,0,0,26.6,1,81
49,female,3,3,3.57,former,840,1,0,21,0,98
48,female,3,2,0.46,current,0,0,1,28.4,1,60
74,female,4,5,3.47,never,90,0,0,22.2,0,98
69,female,4,4,0.53,never,40,0,1,32.4,0,96
40,female,2,2,NA,never,0,0,0,25.7,0,92
61,female,3,5,5,never,0,0,1,31.7,0,88
40,female,3,2,2.2,never,60,0,1,NA,0,94
62,male,3,4,1.29,former,0,0,0,30.7,0,99
64,female,1,3,0.05,never,50,0,0,40.3,1,93
51,male,5,4,4.03,former,0,0,0,22,0,93
58,male,3,2,1.19,current,0,0,1,26.9,1,91
80,female,3,2,5,never,0,0,0,21.2,1,3
64,male,4,3,5,former,720,1,1,33.7,0,91
51,male,2,3,3.4,never,0,0,0,32.3,0,102
70,male,3,2,1.82,former,0,0,0,27,0,86
51,female,4,4,1.61,current,420,1,1,33.6,0,95
80,male,3,3,1.43,former,0,0,0,NA,1,3
48,male,1,1,NA,former,0,0,1,38.5,0,103
80,male,1,4,5,current,0,0,0,19.6,1,81
80,female,2,1,0.43,never,120,0,0,22.2,1,32
61,female,3,4,5,current,0,0,0,21.7,0,91
55,male,4,4,4.42,former,0,0,0,36.6,0,99
49,male,4,3,2.19,current,0,0,0,22.8,0,99
55,male,4,2,NA,current,0,0,0,22.1,0,111
65,female,3,3,1.07,never,0,0,0,19.3,0,93
80,male,3,2,2.31,former,0,0,1,20.8,1,61
74,male,3,4,1.89,never,0,0,1,31.8,1,89
41,male,3,4,2.75,current,0,0,0,25.4,0,81
62,male,3,3,1.01,former,0,0,1,24.1,0,106
48,female,2,3,0.76,former,210,1,0,29.8,0,105
43,female,4,4,2.56,never,135,0,0,27.3,0,93
69,male,3,5,2.15,former,750,1,0,24.3,0,103
42,male,4,3,NA,never,480,1,0,31,0,100
56,male,3,5,5,never,300,1,0,29.5,0,93
65,female,5,3,0.33,never,0,0,0,24.3,0,96
58,male,3,3,2.57,never,60,0,0,26,0,102
70,female,4,3,3.01,former,45,0,0,30.1,0,103
53,male,4,3,1.63,current,0,0,0,28.5,0,97
73,male,3,2,1.59,former,0,0,1,33.5,1,72
54,male,1,1,4.3,never,0,0,0,31.8,0,100
60,female,2,1,1.19,never,0,0,0,22.8,0,87
61,female,4,2,1.31,current,0,0,0,31.7,1,55
56,female,3,4,5,never,240,1,0,21.6,0,92
64,male,2,1,0.81,former,0,0,0,32,0,94
80,female,4,3,1.2,former,0,0,1,32.2,0,87
54,female,3,4,5,never,120,0,0,27.1,0,94
54,female,2,1,0.79,never,0,0,0,25.6,0,104
54,male,4,5,2.78,former,360,1,0,25.5,0,99
70,female,3,3,1.16,never,0,0,0,31.9,0,102
80,female,3,3,0.39,never,0,0,1,31,0,89
54,male,4,3,NA,current,60,0,0,33.9,0,86
62,female,4,5,NA,former,360,1,0,32.9,0,96
57,female,3,2,1.24,never,60,0,0,36,0,106
70,male,2,1,NA,never,0,0,0,25.8,0,91
74,female,5,5,NA,never,0,0,1,25.6,0,88
63,male,2,4,2,current,0,0,0,23.8,0,87
56,female,4,5,5,never,300,1,1,25.1,0,99
80,female,3,1,1.1,never,0,0,0,33.3,0,103
51,female,4,3,0.53,former,0,0,0,37.3,0,105
54,female,3,3,3.44,never,0,0,0,28.6,0,85
50,male,2,4,2,current,0,0,0,31.1,0,104
76,male,4,3,NA,former,0,0,0,29.1,1,43
61,male,4,5,5,never,210,1,0,33.2,0,100
64,male,5,5,2.64,current,210,1,0,24.7,0,99
41,male,5,4,4.77,never,120,0,0,24.9,0,98
40,male,3,3,1.17,never,0,0,0,31.1,0,106
62,female,4,1,0.64,former,0,0,1,38.8,0,106
49,female,2,2,NA,former,0,0,0,30.7,0,87
46,male,2,5,5,current,40,0,0,27.7,0,96
41,female,4,2,1.11,current,0,0,0,40.8,1,56
63,male,3,3,2.41,never,0,0,0,24.3,1,25
57,female,3,4,0.52,never,270,1,0,23.1,0,101
80,male,3,4,5,never,0,0,1,28.7,0,101
80,female,3,4,1.98,never,0,0,0,19.5,1,30
80,male,5,1,NA,never,420,1,0,24.8,0,84
77,male,3,4,NA,former,30,0,1,31.9,0,105
74,male,1,2,3.58,former,135,0,0,32.4,0,94
41,male,1,2,4.77,never,0,0,0,28.9,0,96
71,female,2,1,0.98,never,0,0,0,23.6,0,100
66,male,5,2,1.2,former,0,0,0,26.7,1,29
80,male,3,2,1.57,never,0,0,1,31.5,1,51
58,female,3,2,0.77,current,0,0,0,28.8,1,51
61,male,4,4,3.97,current,90,0,0,23.9,0,104
61,female,3,5,4.96,never,280,1,0,23.9,0,94
80,male,3,5,2.02,former,0,0,0,NA,1,18
80,female,3,4,3.4,never,0,0,0,28.7,1,101
80,female,3,3,2.72,never,0,0,1,24.3,1,54
48,male,4,5,4.9,never,720,1,0,30.6,0,97
79,male,3,5,2.31,never,0,0,1,NA,1,81
47,female,3,5,3.4,former,700,1,0,35,1,42
55,male,4,5,1.99,current,0,0,0,30.6,0,90
62,female,1,1,NA,never,0,0,1,29.2,0,85
76,female,5,1,0.82,never,240,1,0,30.6,1,79
80,male,3,3,5,former,360,1,1,29.7,1,65
46,female,3,4,0.44,current,225,1,0,26.2,0,106
80,male,3,5,4.3,never,750,1,0,29.3,0,90
42,female,1,1,0.67,never,0,0,0,28.8,0,98
58,male,5,5,5,never,60,0,0,27.3,0,106
56,male,2,3,2.91,never,30,0,0,29.6,0,104
79,female,3,3,1.12,never,0,0,0,29.8,0,95
43,male,3,2,0.97,current,0,0,0,32.7,0,98
53,male,3,4,0.39,current,0,0,1,30,0,90
54,female,4,4,2.78,never,120,0,0,28.8,0,101
60,female,2,4,0.89,never,0,0,0,26.3,0,92
60,female,2,4,2.17,former,0,0,0,25.7,0,103
69,male,4,5,5,former,380,1,0,22.7,0,105
66,female,3,3,5,former,0,0,1,26.4,0,103
41,male,4,5,2.95,never,180,1,0,27,0,100
42,male,2,1,0.87,never,0,0,0,33.5,0,103
47,female,4,4,1.46,never,270,1,0,24.9,0,91
40,male,4,3,2.19,never,90,0,0,31.9,0,99
55,male,3,5,5,never,270,1,0,25.7,0,97
75,female,4,4,NA,never,0,0,1,NA,1,27
63,female,2,3,4.92,former,90,0,0,23.3,1,44
63,male,5,5,1.72,former,0,0,0,30.9,0,97
52,male,3,5,5,never,360,1,0,26.3,0,85
48,male,3,4,4.97,never,0,0,0,36.7,0,85
50,female,3,4,0.03,former,30,0,0,25.6,0,105
50,female,2,3,0.86,former,0,0,0,27.2,0,105
62,female,1,2,1.56,never,0,0,0,32.1,0,100
50,male,3,4,3.89,current,120,0,0,30.5,0,96
51,male,2,1,0.03,never,0,0,0,28.9,0,96
60,male,2,3,0.89,current,0,0,0,25.9,0,108
58,female,2,4,2.6,former,120,0,0,34,0,103
43,male,5,4,0.6,never,360,1,1,31.1,0,101
46,male,4,3,0.76,current,0,0,0,24.2,0,88
71,female,4,2,0.31,current,0,0,0,20.4,1,75
72,male,1,3,1.39,former,0,0,0,25.7,0,101
50,female,3,5,5,current,480,1,0,22,0,93
49,male,4,3,0.73,current,0,0,0,25.3,0,107
43,female,5,4,2.01,never,60,0,0,21,0,81
60,male,3,3,1.25,current,0,0,1,27.2,1,79
46,female,3,4,5,never,0,0,0,26.7,0,102
56,male,3,5,4.86,never,0,0,1,21.8,0,90
80,male,3,1,4.64,former,0,0,1,23.8,1,8
54,female,3,4,5,former,0,0,0,27.4,0,91
66,male,1,1,1.38,never,0,0,0,37.3,0,93
64,male,2,2,NA,former,0,0,0,25,0,87
44,male,2,3,2.96,current,0,0,0,30.5,0,97
43,male,3,4,2.71,never,0,0,0,39.9,0,100
65,male,3,4,5,former,0,0,0,29,0,101
56,male,2,5,5,never,0,0,0,33.6,0,106
41,female,3,2,NA,never,75,0,0,33.5,0,92
44,female,3,4,1.17,never,160,1,0,27.1,0,100
63,female,2,4,4.48,never,840,1,0,30.4,0,104
40,female,1,4,2.46,never,1080,1,0,23.3,0,100
40,female,3,3,0.92,current,495,1,0,18.2,0,101
59,male,3,4,3.76,current,0,0,0,26.4,1,66
69,male,5,3,1.12,never,0,0,0,27.2,1,89
64,female,4,5,2.3,current,0,0,1,22.9,0,91
48,female,4,5,3.4,never,60,0,0,34.9,0,91
61,male,4,4,4.58,former,0,0,0,41,0,92
53,female,3,4,1.65,former,50,0,1,41.2,0,89
70,male,3,5,NA,former,120,0,1,30.2,0,90
61,female,4,3,0.67,current,0,0,0,26.5,1,76
47,female,4,2,0.68,current,0,0,0,50,0,110
67,male,4,5,1.38,never,0,0,1,24.3,0,87
47,female,4,5,5,never,720,1,0,22.6,0,99
40,female,3,5,0.12,never,0,0,0,34.8,0,101
58,female,4,4,1.08,current,0,0,0,27,0,97
52,female,3,3,1.19,never,15,0,0,39.9,0,103
64,female,3,4,4.76,never,0,0,0,26.1,0,93
42,female,3,4,3.13,never,300,1,0,18.7,0,96
64,female,2,1,2.62,never,0,0,0,25.6,0,104
46,male,3,4,1.95,former,60,0,0,34.4,0,93
52,female,4,2,2.78,never,0,0,0,50.1,0,103
76,female,4,3,4.97,never,0,0,0,24.6,1,21
70,female,3,4,5,former,270,1,0,39.7,0,95
78,female,3,3,1.34,never,0,0,1,30.8,0,90
75,male,4,1,2.71,former,90,0,1,32.4,0,91
80,male,3,5,1.7,never,60,0,1,27.7,0,90
43,male,3,4,1.21,NA,0,0,0,31.9,0,91
58,male,3,3,2.24,never,0,0,0,28.1,1,35
49,female,3,4,4.76,never,0,0,0,28.9,0,87
50,male,3,4,5,former,0,0,0,32,0,103
55,male,4,3,0.44,current,0,0,0,33.5,0,97
50,female,5,3,3.14,never,90,0,0,27.3,0,92
63,male,3,5,5,never,420,1,0,20,0,105
80,male,3,3,NA,former,0,0,0,28.4,0,95
69,male,3,5,5,never,630,1,0,25.8,0,101
45,female,4,5,2.37,never,0,0,0,33.6,0,97
80,male,4,1,1.29,former,0,0,0,18.1,1,48
64,female,4,2,1.25,never,0,0,0,41.6,0,100
76,male,3,5,3.31,former,180,1,1,23.6,1,91
77,female,3,3,2.72,former,225,1,0,19,0,90
43,male,5,5,5,never,40,0,0,23.1,0,92
51,male,5,5,NA,never,0,0,0,23.1,0,105
64,female,3,3,3.13,former,0,0,1,40.1,0,89
48,male,3,3,0.36,never,420,1,0,27.5,0,90
60,female,2,1,0.68,former,240,1,1,38.7,0,87
55,female,4,4,4.13,former,120,0,0,26.1,0,99
51,female,1,2,0.63,never,0,0,0,38,0,103
75,female,2,1,1.14,never,0,0,1,31.6,0,103
68,male,3,4,4.76,former,200,1,1,29.6,0,103
42,female,3,4,5,current,390,1,0,NA,0,89
60,male,4,5,5,current,240,1,1,33.6,0,103
55,male,1,2,1.33,former,750,1,0,31.9,0,106
62,female,3,4,0.95,never,240,1,0,32.2,0,88
67,female,4,4,4.92,current,0,0,0,32.5,1,77
40,female,3,4,1.13,current,90,0,0,36.7,0,90
71,male,2,4,1.32,former,0,0,0,32.7,1,48
49,male,3,5,NA,former,390,1,0,29.4,0,100
52,female,4,5,5,former,80,0,0,30,0,88
42,female,4,5,3.58,current,0,0,0,24.7,0,100
66,male,4,2,1.32,current,0,0,0,27.8,1,8
53,female,5,5,3.24,never,0,0,0,19,0,94
42,female,3,2,NA,current,0,0,1,18.1,0,101
50,female,4,3,5,never,180,1,0,28.1,0,103
50,female,2,3,NA,never,20,0,0,40.2,0,84
41,male,5,3,1.57,former,0,0,0,29.8,0,105
65,female,3,5,NA,never,0,0,0,18.4,0,87
59,female,1,3,1.33,current,0,0,0,35.4,0,106
60,female,2,3,0.64,never,0,0,1,30.9,0,103
41,male,3,3,1.17,current,0,0,0,26.1,0,100
72,male,3,5,5,never,45,0,0,24.6,0,98
62,male,3,5,5,former,60,0,1,44.1,0,88
72,male,3,3,1.26,former,0,0,1,34.4,1,75
61,female,2,1,NA,never,0,0,0,27.2,0,103
53,male,3,5,5,never,490,1,0,26.3,0,103
69,female,3,4,2.31,current,0,0,0,32.7,0,96
75,male,1,1,0.93,former,0,0,1,30.6,0,96
53,female,5,5,0.92,former,0,0,0,13.6,0,94
44,female,4,3,0.27,current,0,0,0,26.9,0,87
44,male,3,4,0.4,never,0,0,0,40,0,92
56,male,4,2,0,never,0,0,0,39.2,0,91
79,female,3,1,NA,former,0,0,0,24.3,0,88
48,female,4,5,5,never,780,1,0,19.7,0,97
44,female,5,5,3.7,never,180,1,0,21.6,0,105
80,male,3,5,5,never,0,0,0,26.7,1,2
47,female,3,3,5,never,0,0,1,34.1,0,101
80,female,3,3,1.39,never,0,0,1,22.5,1,3
80,male,5,5,0.69,current,420,1,0,27.4,1,64
62,female,1,5,4.42,never,180,1,0,34.2,0,87
80,male,1,1,NA,former,0,0,0,24.2,1,16
62,female,3,4,1.71,never,840,1,0,47.2,0,90
46,male,1,4,4.48,never,600,1,0,26.8,0,105
64,female,5,5,2.16,never,0,0,0,19.7,0,94
62,female,1,1,0.68,never,0,0,0,27.1,0,90
69,male,3,4,1.93,former,0,0,0,30.3,1,66
54,female,3,4,3.67,former,0,0,0,26.2,0,103
41,female,3,4,0.86,current,0,0,0,59,0,105
60,male,1,1,4.13,current,0,0,0,22.2,0,98
59,female,4,3,1.02,never,120,0,0,39.1,0,100
50,female,4,3,1.26,never,840,1,0,23.2,0,97
68,female,4,3,0.22,current,630,1,1,22.1,0,88
47,female,3,2,0.17,never,0,0,0,21.9,0,101
62,female,3,4,0.78,former,0,0,1,29.5,1,54
46,female,5,5,4.86,never,540,1,0,22.6,0,87
46,male,3,4,5,never,540,1,0,29.3,0,88
67,male,4,1,0.89,never,0,0,1,27.1,1,7
50,female,1,1,0.89,never,0,0,0,33.9,0,93
45,male,4,3,NA,never,120,0,0,26.6,0,100
64,male,3,3,4.63,former,0,0,0,27.5,1,31
76,female,3,3,2.16,former,0,0,1,35.5,1,88
80,male,3,3,NA,former,0,0,0,30.8,1,30
45,female,5,5,4.1,never,140,0,0,21.2,0,100
54,female,5,5,5,never,60,0,0,32.8,0,99
53,male,5,1,1.05,never,210,1,0,23.7,0,92
54,male,4,5,0.65,never,0,0,0,26,0,99
71,female,3,5,3.9,never,480,1,1,22.5,0,100
63,female,4,1,NA,former,0,0,1,42.5,1,4
80,female,3,4,2.38,never,0,0,0,29.5,1,76
80,female,3,4,0.96,never,0,0,1,30.6,0,100
77,male,2,1,NA,current,0,0,0,31.4,0,96
67,female,1,1,NA,current,0,0,0,21.3,0,99
69,female,5,4,1.68,never,60,0,0,30.1,0,98
59,male,3,4,2.39,never,0,0,0,39.2,1,47
69,male,5,2,NA,former,0,0,0,23.9,0,104
79,female,3,3,1.36,never,0,0,0,38.5,1,66
41,female,5,5,4.07,never,480,1,0,21.5,0,95
49,female,4,4,3.89,never,0,0,0,28.3,0,101
72,female,5,1,NA,never,0,0,0,26.8,0,105
80,male,3,1,1.46,former,0,0,1,NA,1,19
73,male,3,5,NA,never,0,0,1,34.4,0,93
58,male,1,1,0.57,never,280,1,1,26.9,0,90
47,female,5,5,5,never,0,0,0,25.1,0,96
59,female,4,4,4.26,current,135,0,1,34.4,0,89
68,female,3,4,2.03,never,310,1,0,19.7,0,106
75,male,1,1,0.51,former,0,0,1,23.9,1,20
51,female,4,5,5,former,0,0,0,59,0,100
48,male,5,5,5,never,180,1,0,30.3,0,99
47,male,4,5,3.67,former,0,0,1,51.1,0,91
80,male,3,1,0.86,former,0,0,1,26.5,1,26
80,female,3,2,0.83,former,0,0,1,32.1,1,38
72,male,4,4,3.97,never,60,0,0,27,0,86
52,male,1,1,1.63,never,120,0,0,31.9,0,103
56,female,1,3,5,former,0,0,0,36.3,0,87
67,female,3,3,2.04,former,0,0,0,22,0,97
67,male,3,2,0.66,current,0,0,0,28.9,0,100
63,male,2,1,3.97,never,0,0,0,31.1,0,103
72,male,2,3,0.99,former,0,0,1,25.3,0,104
42,male,3,4,5,never,600,1,0,28.7,0,84
63,female,4,5,5,former,480,1,0,30.2,0,91
80,female,4,5,4.2,former,0,0,1,18.3,1,25
76,female,4,3,0.92,former,0,0,0,31.4,0,87
69,female,4,2,1.19,current,0,0,NA,26,1,23
80,female,4,1,0.77,never,0,0,1,23.7,0,107
53,male,1,1,0.77,never,0,0,0,27.7,0,90
53,male,4,5,5,never,120,0,0,28.2,0,108
80,female,4,1,4.25,never,0,0,0,30.5,0,88
73,male,3,3,1.25,never,0,0,1,NA,0,106
59,female,2,4,0.9,former,0,0,0,26.8,0,102
44,male,3,3,5,former,0,0,1,37,0,105
50,female,3,3,0.73,never,120,0,0,36.5,0,94
68,male,2,2,2.1,former,150,1,1,35.8,1,93
56,female,1,1,NA,never,0,0,0,38,0,105
40,female,3,5,0.61,former,0,0,0,23.5,0,90
51,male,3,2,2.88,current,0,0,0,23.7,0,94
42,male,1,1,0.87,former,0,0,0,24.7,0,104
61,male,2,3,0.89,current,0,0,1,25.2,0,92
67,female,4,3,2.31,never,60,0,0,34.5,0,87
67,male,5,5,5,never,315,1,0,24.5,1,57
62,female,1,5,1.7,never,80,0,1,25.7,0,87
48,male,4,5,1.43,never,180,1,0,31.5,0,94
47,female,5,4,1.15,current,0,0,0,42,0,96
50,male,1,2,0.03,never,0,0,0,28.9,0,103
48,female,1,2,1.89,former,0,0,0,27.6,0,98
44,male,2,5,3.52,never,80,0,0,36.6,0,103
80,female,3,4,0.18,never,150,1,0,19.1,0,99
56,female,5,5,5,never,315,1,0,24,0,107
41,female,1,3,3.97,former,140,0,0,26.8,0,84
65,female,4,5,2.07,never,135,0,0,35.6,0,92
50,male,2,3,1.38,current,0,0,1,30.3,1,42
45,male,4,3,0.65,never,0,0,0,20.7,0,100
40,female,1,2,2.17,former,300,1,0,37.2,0,104
68,female,4,4,4.76,never,0,0,0,33.5,0,96
65,male,3,4,5,current,0,0,0,22.5,0,103
73,female,5,4,NA,never,0,0,0,28,0,84
45,male,3,5,4.95,never,0,0,0,37.4,0,90
41,female,4,4,3.67,never,180,1,0,31.3,0,93
78,female,3,3,NA,never,0,0,1,35.5,0,90
49,female,3,5,5,never,270,1,0,29.9,0,98
54,male,4,4,5,current,600,1,1,31.4,0,88
80,male,3,4,2.64,former,300,1,1,26.5,0,104
65,male,1,3,4.59,never,300,1,0,25.8,0,99
52,female,3,2,1.31,never,60,0,0,24.9,0,99
44,male,3,3,4.16,never,1440,1,0,28.9,0,102
78,male,1,1,0.56,former,140,0,1,17.7,0,106
80,male,3,4,4.27,former,0,0,1,34.9,1,46
43,male,5,4,5,never,1200,1,0,25.7,0,101
46,male,5,3,1.84,never,0,0,0,26.4,0,90
51,female,2,2,2.1,never,300,1,0,39.3,0,100
63,male,3,1,4.2,former,0,0,0,32.4,0,105
50,male,3,3,0,former,0,0,0,47.7,0,102
80,female,2,1,0.64,never,0,0,0,20.5,1,44
54,female,1,1,NA,never,0,0,0,32.1,0,103
68,male,4,3,2.06,former,0,0,0,25.7,1,76
80,female,3,3,NA,former,0,0,1,22.7,0,91
70,male,4,1,0.77,former,15,0,0,24.3,0,98
51,male,4,3,0.55,current,420,1,0,23.1,0,90
51,female,4,4,4.92,never,175,1,0,33,0,99
52,female,5,5,4.47,former,150,1,0,22.9,0,91
58,male,3,3,0.65,current,0,0,1,22.5,0,102
54,female,4,3,0.92,current,0,0,0,28.7,0,87
61,female,3,5,5,never,540,1,0,24,0,107
71,male,5,5,2.93,former,1200,1,0,23.6,0,92
69,male,4,4,2.2,current,0,0,0,23.4,0,103
45,female,4,3,0.78,current,0,0,0,34.2,0,98
51,female,3,3,NA,never,0,0,1,29,0,90
54,female,5,5,5,never,1080,1,0,35.6,0,96
45,female,3,5,0.95,never,0,0,1,25.4,0,107
61,female,1,1,1.98,never,360,1,0,40.9,0,90
48,male,1,5,1.15,never,0,0,0,30.5,0,89
40,male,3,2,1,current,0,0,0,33,0,94
78,male,5,1,0.4,never,420,1,0,NA,0,84
54,male,4,3,0.97,NA,0,0,0,19.5,0,91
54,female,3,3,0.93,current,0,0,1,32.5,0,103
48,female,2,2,0.22,current,0,0,0,32,0,87
55,female,5,5,3.9,never,60,0,0,20.1,1,67
63,female,1,1,1.26,former,0,0,1,45,0,101
54,female,4,3,4.34,former,0,0,0,37.2,0,97
65,male,5,4,NA,former,0,0,1,28.4,0,90
80,male,3,2,1.12,never,0,0,1,23.1,1,27
44,female,4,4,3.3,never,120,0,0,40.5,0,103
53,male,3,4,5,never,0,0,1,26.3,0,103
40,male,5,5,NA,never,420,1,0,26.2,0,104
47,male,3,3,1.66,former,0,0,0,26.3,0,94
41,female,3,3,0.58,current,0,0,0,24.7,1,26
80,male,3,3,3.58,former,0,0,0,24.6,1,2
55,female,3,3,4.49,never,180,1,0,43.6,0,91
80,female,3,2,NA,never,0,0,0,23.9,1,51
47,male,4,5,4.96,former,660,1,0,26.5,0,98
50,female,3,4,0.73,former,0,0,1,40.1,0,94
79,male,4,3,2.04,never,105,0,1,30,0,103
40,male,4,4,5,never,480,1,0,34.3,0,94
62,male,2,3,3.21,former,480,1,0,25.8,0,91
58,female,1,1,0.65,never,120,0,0,50.4,0,97
49,male,4,4,0.58,never,30,0,0,31.2,0,97
65,female,5,4,2.93,never,0,0,0,25,0,92
55,female,3,3,4.76,never,0,0,0,54.5,0,101
60,male,3,1,1.39,former,0,0,1,32.7,0,88
47,female,5,5,5,never,270,1,0,20.8,0,92
63,male,1,4,3.24,current,0,0,0,28.3,0,98
66,male,2,4,4.84,never,0,0,1,33.8,0,104
70,female,4,4,3.02,never,0,0,0,24.2,1,7
57,female,4,5,1.34,current,120,0,0,25.3,0,97
70,male,3,1,3.24,former,0,0,0,28.6,1,54
64,female,3,4,4.15,current,0,0,1,33.8,0,93
41,female,1,5,2.16,never,360,1,0,22.6,0,99
64,female,2,3,5,never,0,0,0,32.7,0,97
49,female,3,5,1.95,never,100,0,1,39.5,0,103
53,male,3,2,4.76,former,0,0,0,41,0,102
43,female,4,5,4.9,never,0,0,0,27.7,0,97
75,female,3,2,5,never,0,0,0,28.1,1,64
69,male,2,5,NA,former,0,0,0,27,0,99
69,male,5,5,4.59,never,135,0,0,29.7,0,98
59,female,5,5,0.24,never,0,0,0,27.2,0,104
44,male,2,4,1.7,former,210,1,0,42.2,1,37
62,female,5,5,2.64,never,210,1,0,20.9,0,99
76,male,2,4,2.52,never,0,0,1,23.7,0,88
65,female,4,4,2.31,never,0,0,0,34.4,0,83
62,male,4,4,3.93,former,1470,1,0,29.6,0,95
70,female,3,3,2.45,former,0,0,1,39.4,1,74
54,female,5,4,5,never,0,0,0,24,0,101
65,female,3,4,0.72,never,0,0,0,NA,0,96
50,male,5,5,NA,former,360,1,0,23.2,0,94
80,male,3,5,5,former,120,0,1,19.6,0,106
59,male,5,4,2.01,former,0,0,0,23.5,0,98
41,male,5,5,NA,never,360,1,0,24.9,0,85
42,female,4,4,1.95,never,0,0,0,30.5,0,101
51,male,4,2,1.22,former,0,0,0,26.4,0,99
47,male,5,5,5,never,0,0,0,24.3,0,106
60,female,3,4,5,never,360,1,0,29.8,0,89
59,female,1,4,5,former,150,1,0,23.3,0,94
40,female,5,5,4.77,never,480,1,0,NA,0,94
50,female,2,2,0.89,never,0,0,0,38.3,0,103
59,female,2,4,1.32,current,0,0,0,40.2,0,103
42,female,4,4,5,current,0,0,0,37.5,0,92
64,male,4,4,NA,never,0,0,0,24.2,0,85
54,male,3,3,5,never,0,0,0,27.1,1,3
50,male,4,5,3.06,never,140,0,0,45.8,0,99
60,male,2,4,NA,never,720,1,0,32.9,0,96
69,male,4,2,1.39,never,240,1,0,26,1,84
45,female,4,3,NA,never,120,0,0,30.5,0,100
74,female,4,2,0.36,never,0,0,0,34.5,0,102
77,male,2,2,NA,former,0,0,0,35.5,1,48
58,male,4,2,3.7,former,0,0,0,43.1,0,104
80,male,1,1,1.15,former,0,0,1,25.7,0,103
52,female,5,5,1.65,never,200,1,0,19.3,0,105
80,male,3,4,2.68,former,0,0,0,25.8,0,93
58,male,3,4,1.24,former,0,0,0,31.1,0,94
44,male,3,3,2.31,current,270,1,0,31.6,0,97
54,female,5,4,5,never,0,0,0,23.7,0,98
51,female,1,1,0.57,never,120,0,0,38.7,0,90
48,female,3,5,1.26,never,180,1,0,36.3,0,94
58,male,4,1,0.68,current,0,0,0,25.1,0,106
60,female,3,3,2.95,never,0,0,1,23.5,0,90
46,male,3,5,5,never,1080,1,0,22.6,0,93
56,female,2,4,3.67,never,0,0,0,23.7,0,103
56,female,4,4,NA,former,270,1,0,32.2,0,100
42,male,3,3,2.96,never,300,1,0,32.5,0,90
42,female,1,2,0.79,never,0,0,0,26.2,1,10
57,male,2,3,0.64,former,0,0,0,26.5,0,103
62,male,1,1,1.33,former,0,0,1,28.3,0,91
72,female,4,4,1.69,never,0,0,1,34.6,0,91
60,male,4,2,0.75,former,0,0,0,NA,1,51
50,female,2,4,5,never,0,0,0,22.7,0,106
56,male,4,2,1.08,current,0,0,0,31.4,0,97
55,male,4,2,1.85,former,0,0,0,26,0,90
50,male,1,1,NA,current,0,0,0,28.8,0,106
80,female,5,1,NA,never,0,0,1,NA,1,7
68,female,4,4,1.32,current,0,0,0,32.4,0,91
45,male,5,3,1.78,former,80,0,0,25.1,0,98
44,female,4,4,5,never,0,0,0,67.3,0,100
56,male,4,3,1.74,never,360,1,0,38,0,99
51,male,4,5,1.49,never,0,0,0,24.5,0,89
62,female,1,4,2.97,former,0,0,1,33.5,0,100
68,female,2,1,NA,never,0,0,0,34.6,0,89
72,male,2,3,3.04,never,0,0,1,28,0,103
80,male,3,1,1.63,former,0,0,1,24.8,1,40
51,male,4,3,0.19,never,240,1,0,26,0,96
64,male,1,3,0.24,former,0,0,1,26.3,0,88
50,male,1,1,1.56,former,1440,1,0,26.5,0,89
52,female,4,5,5,never,120,0,0,30.1,0,89
50,male,3,4,0.81,current,0,0,1,21,0,89
76,male,1,1,1.26,never,420,1,0,26.7,0,101
46,female,3,5,4.95,former,0,0,1,37.1,0,90
67,male,4,5,5,former,240,1,0,30.9,0,91
40,female,1,4,3.9,never,0,0,0,24.4,0,95
80,male,3,4,0.78,never,0,0,1,32.1,1,70
52,female,4,3,3.67,never,0,0,0,22.7,0,93
50,female,3,3,1.52,current,0,0,0,41.6,0,97
42,male,4,3,4.78,never,1080,1,0,21.9,0,86
80,male,3,4,3.4,former,40,0,1,29.3,1,50
44,male,5,5,5,never,60,0,0,24,0,104
55,female,4,4,0.52,current,0,0,0,28.9,0,104
62,male,4,3,4.59,never,0,0,0,36.4,0,85
53,male,3,3,0.63,former,20,0,0,19.2,1,39
43,female,4,5,4.44,never,660,1,0,29.9,0,105
62,male,3,5,0.76,current,0,0,0,32.7,0,97
52,female,3,4,5,current,60,0,0,25.5,0,103
61,male,4,3,1.01,current,0,0,1,NA,0,89
58,female,1,1,1.39,never,0,0,0,26.5,0,86
50,female,4,2,0.96,current,0,0,0,35.2,0,87
43,female,5,2,0.44,never,60,0,0,28.4,0,99
69,male,4,2,1.02,current,0,0,1,22.2,1,69
47,female,4,3,1.1,current,0,0,1,27.3,1,10
69,female,2,2,1.73,current,0,0,0,29.4,0,108
54,female,3,5,1.34,never,180,1,1,47.7,0,94
65,female,3,2,0.66,current,0,0,0,22.8,0,97
46,female,3,3,2.43,current,0,0,0,26.5,0,90
50,male,3,2,1.89,current,240,1,0,23.9,0,88
78,male,3,1,1.24,former,0,0,0,33.7,1,47
80,female,5,3,1.78,never,240,1,1,24,0,95
49,female,3,5,3.36,never,180,1,0,23.1,0,95
41,female,3,4,5,never,1080,1,0,23.5,0,104
47,male,3,4,1.33,never,105,0,0,23.7,0,93
46,male,4,3,0.09,never,270,1,0,32.5,0,88
60,male,3,3,5,current,0,0,0,21.8,0,96
65,male,3,5,5,never,420,1,0,27.6,0,93
59,female,2,1,0.81,never,0,0,0,38.1,0,94
51,female,3,2,1.19,current,0,0,1,30.9,1,29
67,male,4,4,3.58,former,0,0,0,28,0,98
42,male,5,2,0.81,never,480,1,0,20.2,0,107
45,male,4,3,0.48,current,0,0,0,22.8,0,91
52,female,3,4,1.7,current,0,0,0,28.7,0,101
80,male,5,3,3.22,former,0,0,1,26.3,0,86
60,female,1,4,2.94,never,90,0,0,27,0,86
74,male,4,1,1.33,current,0,0,1,28.8,0,89
64,female,4,2,3.3,never,0,0,0,32.8,0,92
80,male,4,1,1.3,former,0,0,1,21.3,1,27
74,male,3,3,1.29,former,0,0,1,27.9,1,55
59,female,4,4,2.04,former,90,0,0,23.2,1,99
41,female,1,5,4.77,never,0,0,0,30.5,0,97
80,female,3,2,1.7,never,0,0,1,19.4,0,103
40,male,4,5,3.4,never,210,1,0,23.3,0,101
69,male,4,2,1.19,never,0,0,1,32.4,1,65
60,male,4,1,1.05,former,60,0,0,41,1,76
61,female,4,4,1.92,never,480,1,0,35.9,0,91
44,female,3,4,1.12,never,90,0,0,19.1,0,95
54,female,5,1,1.82,former,840,1,0,18.6,0,92
56,male,3,4,4.77,never,0,0,0,30.5,0,96
55,male,4,5,5,never,0,0,0,45,1,58
80,male,3,3,3.33,former,420,1,0,31.8,1,85
50,female,4,5,5,never,80,0,0,21.8,0,99
60,male,4,3,3.4,former,0,0,0,27.6,0,90
61,male,5,3,0,current,0,0,0,23.2,0,91
64,male,3,3,1.13,never,420,1,0,28.7,0,100
42,female,4,4,2.65,never,0,0,0,42.3,0,98
48,female,4,2,2.78,never,0,0,0,40.4,0,100
69,male,4,4,2.33,never,0,0,1,26.6,1,84
63,female,4,3,0.72,current,0,0,0,26.2,0,93
56,female,2,4,1.43,never,420,1,0,27.5,0,88
47,female,4,2,0.19,never,600,1,1,42.9,0,97
80,female,3,4,NA,former,0,0,0,25.8,1,67
46,male,3,4,0.8,never,210,1,0,27.4,0,87
76,female,4,2,1.77,former,0,0,0,43.4,1,58
65,male,4,2,2.75,current,0,0,0,31.7,0,89
76,male,3,5,1.12,never,0,0,0,36.1,0,95
68,female,3,1,0.41,never,0,0,0,26.5,0,87
54,male,3,5,5,former,480,1,0,33.1,0,86
68,male,3,3,NA,former,225,1,1,23,0,105
71,female,3,2,NA,never,120,0,0,29.1,0,104
47,female,4,5,3.93,never,240,1,0,29.4,0,103
51,female,4,4,1.41,never,330,1,1,55.8,0,95
68,female,5,2,0.45,former,0,0,0,30,0,107
59,female,3,3,4.01,never,60,0,0,33.7,0,93
62,male,2,1,0.73,current,0,0,1,20.4,1,57
80,male,3,2,0.95,never,0,0,0,19.4,0,95
76,female,3,3,1.95,former,540,1,0,25.8,0,91
49,female,4,3,1.8,NA,0,0,0,37.7,0,93
58,female,4,3,NA,never,600,1,0,25.1,0,85
80,male,3,4,0.87,current,150,1,NA,17.1,1,25
74,male,3,3,5,never,180,1,1,27.6,0,95
42,male,3,3,3.3,never,0,0,0,34.4,0,97
61,male,1,1,1.52,former,0,0,0,29.7,0,89
80,female,3,4,4.89,never,0,0,0,24.6,1,12
80,female,2,1,0.92,never,0,0,1,27.2,1,52
42,male,3,5,5,never,90,0,0,27.7,0,93
76,male,4,2,3.02,former,0,0,1,31,1,37
80,female,3,4,NA,former,0,0,1,20,1,56
45,male,3,3,2.16,current,0,0,0,20,0,102
42,female,3,4,3.77,never,60,0,1,21,0,103
62,male,1,1,0.41,never,720,1,0,24.7,0,93
79,female,3,3,3.25,current,0,0,0,21.6,0,93
42,male,4,2,4.76,former,0,0,0,56.6,0,102
45,female,3,5,4.34,never,120,0,0,28.6,0,93
50,female,4,2,1.99,never,0,0,0,26.6,0,90
60,male,2,5,NA,never,0,0,NA,23.9,0,104
80,female,3,1,0.77,never,0,0,1,26.6,1,91
74,male,4,4,2.24,current,0,0,0,23,0,97
51,male,4,3,0.69,never,0,0,0,29.6,0,103
46,male,3,5,5,never,540,1,0,25.8,0,105
74,female,2,1,1.57,never,0,0,0,27.7,0,87
41,female,1,4,1.3,never,0,0,0,29.4,0,101
80,male,3,5,5,former,0,0,0,34.8,1,38
68,female,4,2,1.39,never,0,0,0,31.1,0,99
75,male,3,5,0.92,former,180,1,1,NA,0,87
60,female,5,4,4.13,never,0,0,0,22.5,0,87
43,male,5,3,1.3,never,0,0,1,24.2,0,92
40,female,2,2,0.65,never,0,0,0,27.8,0,84
63,female,4,5,5,never,120,0,0,26.3,0,91
45,female,4,3,1.22,never,840,1,0,28.2,0,100
47,female,3,5,0.93,former,1800,1,0,29.8,0,90
55,male,5,5,5,never,160,1,0,27.6,0,92
61,male,1,3,0.11,former,600,1,0,22,0,100
62,male,5,5,2.2,former,360,1,0,25.2,0,84
48,male,3,4,1.91,never,210,1,1,20.5,0,87
57,female,1,3,3.59,former,0,0,1,21.9,0,97
53,female,4,4,2.52,never,360,1,0,32.9,0,108
80,male,3,5,5,never,0,0,1,27,0,101
44,male,3,3,1.84,current,0,0,0,22,0,88
80,female,3,4,2.48,never,0,0,0,32.7,1,38
80,female,4,2,0.9,never,0,0,0,NA,1,56
70,male,3,2,NA,former,0,0,1,31.3,1,41
42,male,4,2,0.3,current,0,0,1,42.5,0,88
63,female,4,3,2.31,former,0,0,0,27.6,0,92
59,female,5,3,0,never,120,0,0,21.8,0,91
41,female,5,5,0.65,never,180,1,0,28.6,0,89
50,female,4,2,1.63,never,180,1,1,42.6,0,98
45,female,4,4,2.32,never,0,0,0,43.6,0,91
48,male,5,5,5,former,270,1,0,29.2,0,101
45,male,2,2,0.43,current,60,0,0,24.7,0,102
62,male,5,3,1.34,former,720,1,0,25,0,86
50,female,5,1,NA,never,0,0,0,23,0,84
59,female,5,4,5,never,90,0,0,25.7,0,87
63,male,2,3,NA,never,70,0,1,31.3,0,84
62,female,3,3,1.78,former,0,0,0,28.1,0,105
52,female,5,5,5,never,720,1,0,26.1,0,95
43,male,4,4,4.9,never,180,1,0,39.4,0,96
51,female,5,5,1.33,never,1200,1,0,24.6,0,93
77,female,3,4,5,never,40,0,0,22.9,1,68
45,male,2,1,1.08,former,2280,1,0,25.6,0,94
56,male,3,3,1.61,current,0,0,0,22.8,0,103
71,female,2,3,2.44,never,60,0,0,25.4,0,99
48,female,3,1,0.88,current,90,0,0,31.1,0,91
64,female,4,3,5,never,0,0,0,36.1,0,103
74,male,5,1,0.79,current,0,0,0,21.4,0,92
80,male,4,1,1.1,never,0,0,1,26.6,1,81
44,female,5,5,5,never,80,0,0,27,0,98
43,male,3,3,1.3,never,0,0,0,23,0,106
80,male,3,1,NA,never,0,0,1,28.8,1,30
73,female,4,2,3.58,former,120,0,1,27,1,51
60,female,4,4,0.9,never,0,0,0,32.3,1,79
73,male,5,5,4.08,former,1500,1,0,24.8,1,93
42,female,5,4,1.34,never,0,0,0,22.1,0,99
49,female,4,2,0.91,never,0,0,0,40,0,98
67,female,3,4,5,former,0,0,1,39,0,94
41,male,3,3,0.9,current,420,1,0,25.3,0,90
52,male,3,5,5,never,240,1,0,31.3,0,91
58,female,5,4,0.91,never,0,0,0,24.5,0,91
41,female,4,5,3.21,never,0,0,0,44.9,0,109
40,male,5,2,NA,never,480,1,0,27,0,97
56,male,1,2,0.5,never,0,0,0,28.6,0,96
55,female,1,1,2.45,former,360,1,0,26,0,100
62,male,1,3,0,former,360,1,1,32.2,0,100
44,male,1,2,2.17,former,0,0,0,24.2,0,107
41,female,1,5,5,former,360,1,0,24.6,0,105
73,female,4,4,1.57,never,0,0,0,29.3,0,94
64,female,4,3,1.83,former,0,0,1,39.5,0,99
80,male,3,5,3.97,former,0,0,1,26.7,1,40
72,male,5,3,1.14,former,420,1,0,28.2,0,85
49,male,3,5,3.36,never,1320,1,0,25.3,0,95
62,female,4,2,4.13,former,0,0,0,30.3,0,89
43,male,4,4,5,never,2100,1,0,32.3,0,96
54,female,1,1,1.07,former,0,0,0,26.6,0,89
40,male,3,2,1.21,former,0,0,0,45.2,0,98
54,male,4,5,5,former,240,1,0,30,0,108
80,female,3,4,1.97,former,360,1,0,25.3,1,68
73,male,3,3,1.16,never,0,0,0,30.8,0,101
73,female,3,4,2.72,current,0,0,1,20.6,0,98
44,female,5,1,0.92,never,0,0,0,31.3,0,86
63,male,2,4,0.43,current,0,0,0,21.3,0,87
54,female,4,4,0.81,never,0,0,0,36.3,0,91
60,female,2,2,0.75,never,0,0,1,34.4,0,105
55,male,5,5,2.39,former,0,0,0,29.3,0,85
63,male,3,4,1.25,never,0,0,0,27.9,0,94
60,male,2,4,5,former,0,0,1,37.5,0,84
42,male,3,5,5,never,60,0,0,22.9,0,106
60,male,1,3,0.63,current,70,0,0,23.8,0,103
49,female,4,5,3.06,never,620,1,0,26,0,99
45,female,3,5,5,never,210,1,0,29.5,0,103
53,male,5,3,NA,former,210,1,0,22.4,0,84
42,female,4,5,4.97,never,0,0,0,28.9,0,97
45,female,5,4,3.8,never,510,1,0,28.2,0,99
60,male,2,3,2.97,current,0,0,0,25.9,0,102
45,female,3,5,5,never,100,0,0,26.1,0,93
80,female,3,2,1.02,former,0,0,0,30.1,1,90
52,female,3,3,5,never,210,1,0,27.4,0,103
72,female,5,3,1.68,never,0,0,1,22.1,1,51
51,male,5,3,1.91,never,0,0,0,22,0,85
40,female,4,3,1.02,current,0,0,0,25.3,0,87
78,male,3,3,1.22,never,0,0,0,37.3,1,94
71,female,3,4,1.7,never,40,0,1,24.1,0,93
77,male,5,5,0.83,former,360,1,0,32.8,0,94
54,male,5,5,NA,current,0,0,0,28.4,0,108
80,female,5,4,NA,never,210,1,0,21.5,0,104
59,male,4,4,4.34,current,0,0,0,24.8,1,49
55,male,3,4,1.4,former,420,1,1,24.4,1,69
52,male,3,1,1.16,current,0,0,0,39,0,106
46,male,4,3,0.99,never,40,0,0,24.5,0,96
71,female,5,5,3.7,never,360,1,0,20.5,0,105
41,male,5,5,2.62,never,525,1,0,21.4,0,102
75,female,1,1,2.82,current,0,0,1,25.5,1,83
70,female,1,1,0.65,current,0,0,0,38.5,0,101
50,male,1,1,2.24,current,0,0,0,29.8,0,92
64,female,3,1,0.38,never,80,0,1,36.9,0,87
73,male,4,4,1.47,former,0,0,1,25.4,1,100
60,female,3,5,4.03,former,90,0,1,39.2,0,86
61,male,4,3,2.67,former,0,0,1,22.8,0,98
65,male,4,2,1.73,current,0,0,0,28.1,0,88
44,male,4,3,5,never,0,0,0,30,0,100
64,female,4,2,NA,current,30,0,1,17.4,0,91
49,female,1,2,1.21,never,480,1,0,24.8,0,103
67,female,5,1,0.44,never,0,0,0,25.3,0,99
63,male,3,5,5,never,0,0,0,30.2,0,107
64,female,2,2,2.11,never,0,0,0,32,0,98
50,male,4,3,1.08,current,0,0,0,29.2,0,89
49,female,3,5,5,current,0,0,1,22.6,0,94
58,male,3,4,NA,current,0,0,0,44.2,1,2
60,female,4,2,0.81,never,0,0,0,20.6,0,92
63,female,2,4,2.72,never,120,0,0,23.4,0,103
44,female,4,3,5,never,270,1,0,47,0,99
50,female,2,3,2.96,never,105,0,0,25.6,0,104
61,female,4,4,5,never,450,1,0,27.4,0,99
51,male,4,5,3.7,never,360,1,0,48.9,0,101
62,female,4,3,0.54,never,0,0,0,37.9,0,109
42,male,3,4,1.03,never,0,0,0,39.4,0,94
66,female,4,4,1.84,never,0,0,0,46.3,0,91
65,female,5,1,1.07,never,210,1,0,20.7,0,89
42,male,3,3,0.54,never,0,0,0,24.2,0,106
46,male,4,3,4.82,never,720,1,0,31.6,0,99
44,female,1,2,1.02,never,0,0,0,42.8,0,98
55,male,5,5,5,former,0,0,0,22.4,0,100
50,male,1,2,0.68,never,60,0,0,27.6,0,101
65,female,3,2,0.87,never,0,0,0,20.5,1,30
80,female,3,5,5,never,225,1,0,18.5,0,99
45,male,4,2,1.03,never,120,0,0,35,0,88
71,female,4,2,0.54,never,0,0,0,28.1,1,71
63,male,1,1,1.48,former,240,1,0,23,0,89
69,female,2,5,1.84,former,0,0,0,45.2,0,98
40,male,3,4,1.04,current,0,0,0,28,0,91
61,female,1,2,0.67,never,0,0,0,30.7,1,63
63,female,3,4,0.73,former,0,0,1,31.6,0,97
47,female,3,4,4.16,never,0,0,1,46.7,0,103
80,male,3,3,1.84,never,0,0,1,27.4,1,31
42,female,2,2,0.46,never,0,0,0,23.7,0,87
47,male,3,2,1.19,current,0,0,0,31.3,0,93
80,female,3,3,2.17,former,0,0,1,35.1,0,104
62,female,4,4,1.36,current,0,0,0,49.2,0,91
74,female,5,1,0.65,never,60,0,0,27.3,0,86
79,female,5,5,4.92,never,1680,1,0,25,0,94
44,male,4,4,3.58,former,30,0,0,42.8,0,100
54,male,4,4,5,never,0,0,0,41,0,92
46,male,4,3,2.58,current,60,0,0,25.9,0,102
49,female,5,5,2.34,never,0,0,0,22.5,0,104
78,male,3,4,1.91,never,0,0,1,29.3,1,56
69,male,5,2,1.02,never,420,1,0,29.6,0,92
43,female,4,3,2.07,never,600,1,0,33.1,0,102
80,female,3,2,1.21,never,0,0,1,17.5,1,45
51,female,2,5,3.58,never,360,1,0,34,0,99
60,female,4,3,1.74,current,0,0,0,21.9,1,68
60,female,4,5,5,former,40,0,0,31.1,0,101
56,female,4,4,4.2,current,360,1,0,43.8,0,92
63,female,5,3,1.33,never,180,1,0,30.3,0,106
68,male,1,3,3.57,former,600,1,0,36.6,0,93
48,female,5,5,NA,never,60,0,0,23.6,0,93
53,female,3,3,5,never,740,1,0,24,0,106
41,male,4,5,5,never,0,0,0,24.3,0,86
63,male,4,3,5,former,0,0,0,38.8,0,100
56,male,1,4,2.33,never,0,0,0,NA,0,97
51,female,5,2,1.05,never,75,0,0,22.9,0,92
42,female,2,5,1.7,never,300,1,0,28.7,0,86
57,male,3,4,0.04,former,210,1,0,26.8,0,106
61,female,4,5,5,never,180,1,0,39.2,0,93
51,female,4,2,5,former,0,0,0,28.9,0,105
66,male,4,4,3.49,former,0,0,1,25.5,0,91
65,female,4,1,0.08,never,0,0,0,43.6,0,103
41,female,3,5,5,never,60,0,0,34.6,0,106
80,male,3,5,1.61,never,0,0,0,24.1,0,106
61,male,4,3,1.74,current,0,0,0,29.2,1,104
79,female,5,4,NA,never,0,0,1,20.2,0,100
54,female,4,3,NA,current,0,0,0,26.3,0,91
49,female,4,5,4.92,never,180,1,0,31.3,0,95
71,female,4,2,0.74,never,0,0,0,21.9,0,87
73,female,3,2,0.75,former,0,0,1,51.8,1,30
47,male,3,4,4.41,former,0,0,0,40.1,0,93
80,female,4,1,1.8,former,0,0,1,31,0,86
66,male,1,4,4.42,current,0,0,0,44.8,0,87
69,male,5,4,0.72,former,0,0,1,24.1,0,102
44,female,5,5,5,never,290,1,0,23.9,0,92
57,female,3,5,5,never,300,1,0,27.1,0,90
51,male,5,2,2.01,former,0,0,0,25.2,0,83
55,female,3,2,0.79,former,0,0,1,33.3,0,108
54,female,3,4,5,former,240,1,1,25,0,106
50,male,3,3,2.24,never,15,0,0,31,0,88
62,female,1,4,1.49,never,540,1,0,28.9,0,100
63,female,1,1,0.99,never,0,0,0,35.2,0,104
75,male,3,3,3.04,never,480,1,0,27.9,0,89
80,female,3,2,1.25,never,0,0,0,26.9,0,95
46,male,5,3,NA,former,100,0,0,27.6,0,92
75,male,2,4,2.24,former,0,0,1,36,1,35
72,male,3,1,0.05,former,0,0,0,29.5,1,61
72,male,3,3,4.95,never,0,0,0,28,0,89
54,female,3,3,1.57,current,0,0,1,33.8,0,106
68,male,5,2,0.92,former,0,0,0,20.1,0,90
52,female,4,5,4.86,never,0,0,0,37,0,98
69,female,2,4,2.69,never,210,1,0,30.9,0,101
71,male,5,3,1.18,former,0,0,1,28.2,0,102
53,female,3,3,3.34,current,0,0,0,28.2,0,100
71,male,3,4,3.06,current,0,0,1,23.6,1,70
68,male,4,4,5,former,600,1,0,38.8,0,86
40,female,4,4,5,never,840,1,0,23.4,0,94
64,male,4,4,1.3,former,0,0,0,25,1,70
54,male,1,3,0.03,former,0,0,0,26.2,0,106
50,female,1,1,NA,never,0,0,0,43.7,0,100
45,female,3,3,1.45,current,0,0,0,35.8,0,87
67,female,5,2,0.65,never,480,1,1,24.3,0,96
41,male,1,5,3.8,never,90,0,0,28.9,0,98
68,female,4,3,2.69,never,0,0,0,26.6,0,91
73,female,3,3,1.91,former,0,0,0,35.8,0,88
50,female,3,4,1.3,never,480,1,0,32.3,0,93
40,male,1,2,1.79,current,0,0,0,25.9,0,99
55,male,5,4,2.97,former,90,0,0,28.9,0,90
80,female,4,3,1.31,never,0,0,0,30.4,0,104
49,female,4,3,2.43,never,0,0,0,44.1,0,96
41,female,5,4,1.15,never,0,0,0,27.5,0,87
53,female,4,4,5,never,0,0,0,34.8,0,94
57,female,4,4,2.58,former,0,0,0,25.9,0,92
56,male,4,3,0.1,current,60,0,0,20.6,0,108
52,female,4,4,4.48,never,0,0,0,31.8,0,98
61,female,3,5,5,former,120,0,0,31,0,104
59,male,3,4,4.96,former,660,1,0,31.6,0,94
49,male,3,5,4.16,never,0,0,0,31.6,0,103
65,male,4,3,2.46,never,0,0,0,26.2,0,99
77,male,5,2,0.74,never,140,0,1,26.4,0,87
63,male,3,2,2.2,current,0,0,0,30.2,0,94
57,male,3,5,5,former,90,0,1,30.5,0,90
42,male,1,4,5,never,0,0,0,29,0,98
80,female,4,3,2.04,never,0,0,1,20.9,1,3
66,male,4,4,NA,former,210,1,1,31.2,0,101
63,male,2,4,2.65,former,0,0,0,30.7,0,101
63,male,3,5,5,current,240,1,0,34.2,0,88
69,male,2,5,0.66,never,0,0,1,31.7,1,78
61,female,2,4,5,never,300,1,0,24.1,0,102
74,male,3,3,1.29,former,0,0,1,38.8,1,95
58,male,1,3,1.56,never,0,0,NA,25.6,1,27
56,male,5,3,3.14,never,0,0,0,24.5,0,92
63,male,4,4,1.61,former,480,1,0,36.2,0,86
64,female,3,5,5,never,30,0,1,25.7,0,92
54,male,3,4,1.1,current,120,0,0,28.6,0,101
60,female,3,4,1.98,never,90,0,0,34.5,0,90
70,male,3,5,5,never,30,0,0,29.3,0,88
66,female,4,3,1.16,never,0,0,0,40,0,100
43,female,3,5,2.77,never,0,0,0,25.5,0,93
76,male,4,4,0.54,former,180,1,0,26.7,0,87
79,male,4,3,0.64,never,210,1,0,21.9,0,97
69,male,3,4,1.16,former,0,0,0,21.9,1,65
80,female,3,1,0.86,never,0,0,0,28.3,0,94
55,female,4,4,1.18,never,60,0,0,35.2,0,90
50,female,3,2,1.55,current,1680,1,0,37.6,0,96
66,male,4,4,1.11,never,0,0,0,29.9,0,97
54,male,5,1,4.63,former,0,0,0,23.4,0,105
76,female,3,3,1.59,former,0,0,0,35.1,0,100
79,female,4,2,0.87,never,0,0,0,31.2,0,88
73,female,5,1,5,never,120,0,0,23.2,0,94
41,female,5,4,1.45,never,1140,1,0,23.7,0,99
62,male,3,5,5,never,360,1,0,20.7,0,105
65,female,3,4,3.06,never,0,0,1,33.3,0,88
64,male,3,3,1.59,never,0,0,1,31.5,0,100
80,female,3,3,1.3,never,0,0,0,21.1,1,65
61,female,2,3,NA,current,0,0,0,23.5,0,88
64,female,2,4,5,never,120,0,0,26.8,0,88
50,female,3,5,4.86,never,0,0,0,33.1,0,90
66,female,4,5,NA,former,60,0,0,21.6,0,91
80,female,3,5,1.16,never,135,0,0,23.7,0,93
47,female,2,5,3.44,current,420,1,0,33.2,0,91
56,female,4,3,0.57,current,0,0,0,33.3,0,84
60,female,5,3,NA,never,420,1,0,25.8,0,84
63,female,3,4,4.49,former,160,1,0,25.8,0,95
57,male,3,4,2.86,current,0,0,0,34.4,1,72
45,male,3,5,5,never,150,1,0,29.5,0,90
53,male,5,2,NA,current,0,0,0,34.8,0,101
61,female,4,3,5,never,215,1,0,27.9,0,100
65,female,3,3,2.17,former,0,0,0,34.9,0,104
62,male,4,3,NA,never,0,0,0,30.5,0,96
67,female,4,4,1.1,never,0,0,0,30.6,0,98
69,male,2,4,1.72,current,0,0,0,23.6,1,78
54,female,2,5,5,former,0,0,0,25.7,0,82
62,male,3,5,5,never,265,1,1,32.4,0,91
43,female,3,5,5,current,40,0,0,31.3,0,94
40,female,3,3,1.17,never,75,0,1,18.1,0,96
64,male,5,5,3.06,never,300,1,0,25.1,0,88
65,male,3,5,5,never,0,0,0,36.3,0,97
40,female,1,5,2.94,current,0,0,0,19.6,0,107
56,female,5,5,1.75,never,0,0,0,NA,0,105
70,female,3,4,3.97,never,360,1,1,22.6,0,89
58,male,1,3,3.67,never,840,1,0,33.7,1,30
64,female,3,3,NA,never,0,0,1,33.2,0,106
55,male,3,3,0.75,current,0,0,0,32,0,100
73,male,2,5,3.04,never,0,0,0,32.5,1,43
80,female,4,4,0.78,never,360,1,0,28.1,1,95
40,male,3,5,0.73,never,480,1,0,38.7,0,109
43,female,3,4,2.31,never,0,0,0,46.9,0,94
65,female,3,4,5,never,240,1,0,31.6,0,100
57,female,4,3,5,former,900,1,0,21.5,0,95
48,female,4,2,0.81,never,0,0,0,28.1,1,14
74,female,3,4,3.4,former,0,0,0,29.4,0,95
60,male,2,4,4.47,former,0,0,1,29.2,0,101
80,female,3,2,5,never,0,0,1,34.8,1,79
76,male,5,3,0.65,former,0,0,0,21.2,1,58
62,female,4,2,1.3,never,600,1,1,27.2,0,96
65,female,4,3,3.85,former,0,0,0,34.6,0,96
80,male,1,1,NA,former,0,0,0,NA,1,14
69,male,5,5,2.1,former,1380,1,0,18.2,0,104
63,male,3,5,5,former,360,1,1,23.7,0,95
54,male,4,3,1.65,current,0,0,0,33.8,0,107
76,female,3,3,3.13,former,0,0,0,23.5,0,106
41,male,3,2,0.76,current,0,0,0,62,0,100
68,female,5,4,3.64,never,270,1,0,26.3,0,105
41,female,4,4,2.15,never,0,0,0,39,0,102
72,female,3,5,3.3,never,60,0,0,42.2,0,97
50,female,3,2,0.3,current,0,0,0,20.5,0,108
53,male,5,1,0.76,never,210,1,0,24.1,0,105
63,male,3,5,5,former,300,1,1,29.3,1,94
40,male,3,4,5,former,225,1,0,42.3,0,106
59,female,3,5,3.51,former,60,0,0,21.5,0,93
47,male,4,4,1.36,current,0,0,0,55.3,0,102
47,male,3,5,5,never,840,1,0,26.6,0,104
46,female,2,4,4.59,never,45,0,0,42.1,0,84
67,female,4,5,4.08,never,540,1,0,23.3,0,108
61,female,4,4,2.65,never,120,0,0,32,0,87
60,female,3,5,NA,never,0,0,0,35,0,91
40,male,2,3,3.94,current,0,0,0,25.2,0,106
47,male,4,3,1.8,current,120,0,0,22.1,0,87
63,female,4,3,NA,former,60,0,0,35.2,0,88
71,male,3,5,4.96,never,280,1,1,22.1,0,94
57,female,5,5,0.53,former,0,0,0,29.8,0,105
72,female,4,2,1.43,never,0,0,1,32.1,1,31
74,female,4,2,0.61,never,0,0,0,17.7,0,88
58,female,4,4,1.06,current,0,0,0,17.6,0,90
78,male,3,4,1.11,former,0,0,1,28,0,98
74,male,3,2,1.16,former,240,1,1,27.8,0,99
80,male,3,3,2.72,former,245,1,1,23.4,1,75
80,male,3,1,0.98,former,0,0,1,18.8,1,4
60,female,2,5,5,never,0,0,0,30.3,0,101
63,male,3,5,5,former,290,1,0,27.7,0,106
44,male,4,2,1.57,never,360,1,0,26.4,0,106
62,male,4,3,3.06,never,0,0,0,38,0,88
45,female,1,2,NA,never,0,0,0,30.9,0,103
47,male,1,2,NA,never,0,0,0,24.6,0,106
56,female,4,2,0.98,never,0,0,1,28.2,0,86
80,male,3,4,3.8,former,270,1,1,26.5,1,45
63,female,3,5,5,former,270,1,0,27.4,0,94
60,female,2,1,1.32,never,75,0,0,35.1,0,102
46,female,5,4,NA,never,0,0,0,23.1,0,92
58,female,2,2,NA,current,0,0,0,29.7,0,83
45,male,3,4,2.24,never,180,1,1,29.1,0,95
61,male,5,1,NA,never,0,0,0,22.3,0,85
62,male,4,5,2.88,never,0,0,0,30.1,0,108
80,male,4,1,3.58,never,0,0,0,38.2,0,99
53,male,3,2,2.62,current,0,0,0,27.3,0,94
63,female,4,2,0.78,never,270,1,1,37.8,0,93
70,female,3,2,1.83,current,0,0,1,16.2,1,63
47,male,3,2,1.16,never,0,0,0,43.8,0,90
51,female,1,1,2.25,never,0,0,0,27.9,0,103
43,female,5,4,2.24,never,930,1,1,49.2,0,93
46,female,3,2,2.64,former,0,0,1,25.3,0,95
59,female,5,1,0.7,never,0,0,0,26.7,0,85
47,male,4,2,1.63,never,0,0,1,21.8,1,58
80,female,3,3,0.54,never,0,0,0,26.1,1,39
66,male,5,1,0.64,current,0,0,0,25.9,0,84
71,male,3,5,5,former,80,0,0,27.1,0,89
64,female,2,3,1.85,never,420,1,0,24.7,0,105
52,male,2,2,2.49,former,0,0,0,33.1,0,102
61,female,4,2,2.39,never,270,1,0,34.4,0,98
80,male,5,5,5,former,90,0,0,22.3,0,94
47,male,5,4,3.69,never,660,1,0,25.8,0,104
50,female,2,4,1.19,never,0,0,0,29.6,0,87
47,male,5,2,4.42,never,300,1,0,26.9,0,93
40,male,3,2,NA,former,420,1,0,33.2,0,99
70,male,4,2,0.75,former,60,0,0,32,0,103
64,female,2,2,2.31,never,0,0,0,30.3,0,103
49,female,1,5,2.01,never,0,0,0,35.3,0,91
45,male,5,3,2.3,former,740,1,0,23.2,0,105
52,male,3,3,0.9,current,840,1,0,28.3,0,104
65,male,3,5,5,never,380,1,1,19.5,0,84
64,female,1,1,1.26,never,360,1,0,26.7,0,101
58,male,3,4,5,never,360,1,0,28.5,0,104
76,male,5,5,NA,former,420,1,0,29.9,1,34
80,male,3,2,0.82,current,0,0,1,NA,1,11
47,female,3,4,0.79,former,0,0,0,26.4,0,89
62,male,4,4,NA,former,360,1,0,40.2,0,84
69,female,5,1,NA,never,0,0,0,22,0,104
51,female,3,2,2.31,current,0,0,0,25,0,96
51,male,5,5,4.81,current,270,1,0,26.6,0,95
47,male,5,5,5,former,0,0,0,24.7,0,97
41,male,3,5,3.21,former,60,0,0,34.5,0,106
63,female,3,5,4.08,never,0,0,0,23.4,0,99
76,male,3,5,NA,former,0,0,1,27.7,0,105
80,female,3,3,4.02,never,0,0,1,27.6,0,93
43,male,3,5,1.1,current,180,1,0,27.9,0,92
68,male,4,3,3.03,former,0,0,1,26.5,0,91
61,female,2,5,3.3,never,0,0,0,30.7,0,103
45,female,3,2,0,current,0,0,0,23.3,0,88
56,female,4,4,1.81,never,0,0,0,35.4,0,91
44,male,4,3,5,never,0,0,0,26.4,0,98
55,male,3,4,0.86,current,0,0,1,22.7,0,98
53,female,5,3,0.75,never,90,0,0,18.7,0,93
80,male,3,4,5,former,0,0,0,33.2,1,97
43,male,3,5,2.77,never,600,1,0,26.3,0,93
71,female,3,5,2.51,never,0,0,0,31.5,0,103
49,female,1,1,1.07,never,60,0,0,NA,0,102
47,male,4,2,5,current,1680,1,0,27,0,93
60,male,2,5,5,never,0,0,0,35,0,101
77,female,3,4,0.83,never,0,0,0,33.9,0,102
71,male,3,5,NA,former,0,0,1,26.7,1,54
51,male,3,5,4.63,never,0,0,0,28,0,102
80,male,3,1,NA,former,0,0,0,24.4,0,93
80,female,3,4,5,never,0,0,0,22,0,92
62,male,5,3,0.73,never,0,0,0,22.9,0,101
64,male,3,4,5,current,0,0,1,29.3,0,86
55,female,3,4,1.05,never,240,1,0,24.5,0,104
48,female,4,4,5,never,0,0,0,42.2,0,91
77,male,4,3,1.98,current,0,0,1,26.8,0,96
68,female,3,2,0.86,former,75,0,0,39.9,0,89
43,male,3,2,0.21,never,0,0,0,24.1,0,86
59,female,3,3,2.42,never,0,0,0,32.9,0,97
66,male,4,4,1.24,former,0,0,0,34.6,0,97
40,female,1,5,2.82,former,0,0,0,33.8,0,100
80,female,3,2,0.65,never,0,0,0,NA,1,2
50,female,2,4,3.04,never,0,0,0,34.9,0,93
55,male,3,5,NA,current,0,0,1,30.5,0,89
43,female,5,4,2.06,former,0,0,0,24,0,87
41,female,5,2,0.81,never,0,0,0,19.3,0,87
46,female,5,1,1.08,former,0,0,1,41.2,0,98
55,male,4,4,0.96,never,0,0,0,38.2,0,87
70,male,4,2,NA,current,0,0,1,NA,1,2
61,male,4,5,5,former,150,1,0,32.3,0,87
60,male,5,4,2.3,current,0,0,0,26.2,0,93
58,male,4,4,0.9,former,630,1,0,28.7,0,97
43,male,3,3,1.31,never,0,0,0,66.2,0,98
41,female,2,4,0.93,never,0,0,0,34.4,0,101
63,female,3,3,3.3,never,175,1,0,20.6,0,95
73,male,5,5,4.23,never,90,0,1,22.3,0,100
79,male,4,1,1.69,never,60,0,1,25.2,0,89
63,male,4,1,5,current,360,1,0,19.2,1,78
69,female,2,4,0.73,never,60,0,0,23.2,0,89
74,female,5,2,1.18,former,0,0,0,35.3,0,102
44,male,2,4,0.58,never,0,0,0,30.6,0,102
48,female,1,3,1.53,current,0,0,0,35.5,0,103
74,male,5,5,1.8,former,10,0,0,23.8,0,105
48,male,3,5,4.47,never,120,0,0,22.9,0,90
43,female,4,5,5,never,0,0,1,23,0,86
44,male,5,2,NA,current,0,0,0,28,1,22
62,male,5,5,NA,never,0,0,0,22.6,0,93
52,female,2,3,5,former,540,1,0,30,0,96
70,female,4,3,2.64,never,0,0,0,31.5,0,107
70,male,2,2,0.79,never,0,0,0,40.5,0,97
70,female,4,4,1.16,never,0,0,0,36.3,0,93
57,male,4,3,4.87,never,0,0,0,28.8,0,97
48,female,3,2,0.75,current,360,1,0,42.5,0,94
61,male,3,4,5,former,0,0,1,41.3,1,44
56,male,3,5,5,former,75,0,0,23.2,0,99
43,female,3,2,0.2,current,100,0,0,32.5,0,94
61,female,5,2,NA,never,0,0,0,19.1,0,88
60,male,3,4,5,former,60,0,0,34,0,94
47,male,3,4,1.65,former,960,1,0,36.8,0,95
80,female,2,1,2.57,former,240,1,0,32.1,0,100
50,male,4,3,5,current,0,0,0,32.1,0,101
70,male,3,4,3.23,former,180,1,0,36.1,1,70
74,male,3,3,4.59,never,30,0,1,31.2,0,106
70,female,3,4,5,never,0,0,0,33.8,0,90
52,female,2,4,0.92,never,0,0,0,29.3,0,97
69,male,5,5,NA,never,0,0,0,38.2,1,47
70,female,5,5,5,never,0,0,0,20.2,0,98
80,female,4,1,1.65,never,150,1,1,32,0,91
54,female,4,3,2.36,never,360,1,0,41,0,101
46,female,3,5,5,former,90,0,0,27,0,101
66,female,4,5,5,never,90,0,1,33.2,0,90
51,male,3,3,1.55,former,180,1,0,26,0,96
47,male,3,3,1.98,never,0,0,0,28.8,0,97
74,female,4,5,5,never,0,0,0,24.4,0,100
57,female,5,4,5,former,780,1,0,28.6,0,107
48,male,5,5,2.6,current,280,1,0,26.5,0,98
79,male,4,4,1.36,current,0,0,1,31.5,0,107
52,female,2,5,NA,never,0,0,0,22.6,0,93
69,male,3,4,3.4,former,150,1,1,25.2,0,98
70,female,4,3,1.45,current,150,1,0,22.9,0,90
63,male,4,4,2.7,current,0,0,0,35,1,43
57,female,4,5,5,never,120,0,0,39.9,0,96
65,male,3,5,5,never,80,0,0,28,0,105
42,female,4,5,1.9,never,0,0,0,47.7,0,107
45,male,2,4,2.69,current,0,0,0,26.5,0,102
61,male,1,2,NA,current,0,0,0,33.6,0,85
60,male,3,3,0.73,never,0,0,0,28.5,0,94
60,male,3,5,3.51,never,0,0,0,31.2,0,94
54,female,3,3,5,former,360,1,0,22.5,0,93
47,male,2,5,5,former,540,1,0,27.9,0,96
42,female,1,2,0.54,never,0,0,1,31.8,0,87
73,female,4,4,2.64,never,30,0,0,34.6,0,99
47,female,3,3,2.88,never,135,0,0,33.5,0,94
66,female,3,4,0.8,former,0,0,0,29.2,0,90
52,female,3,5,5,former,60,0,0,24.7,0,92
62,female,2,2,0.64,former,0,0,0,25.3,0,86
63,male,1,1,0.87,current,0,0,1,29.2,0,95
55,male,5,5,5,never,1170,1,0,20.2,0,97
64,male,1,4,1.98,former,210,1,0,28.4,0,94
44,male,3,3,1.89,never,75,0,0,23,0,97
40,male,5,5,5,former,240,1,0,27.1,0,93
47,male,2,4,2.17,never,0,0,0,24.8,0,100
61,male,1,3,1.19,current,0,0,1,33.6,1,55
54,female,1,2,4.04,current,0,0,0,37.8,1,63
64,female,4,4,5,never,210,1,0,33.7,0,93
40,female,3,5,4.34,never,1260,1,0,NA,0,94
49,male,3,3,0.73,former,600,1,0,29.7,0,94
64,male,2,5,5,former,0,0,0,25.9,0,98
44,female,3,3,4.08,never,0,0,0,25.8,0,101
72,female,3,3,2.04,never,420,1,0,28.2,0,102
64,male,3,5,5,never,60,0,1,26.6,0,104
62,male,5,4,NA,never,0,0,1,26.6,0,93
41,female,3,4,3.4,never,40,0,0,34.2,0,93
58,male,5,3,5,never,0,0,0,31.2,0,94
69,female,4,2,1.01,former,180,1,0,35.9,0,91
58,male,3,2,3.47,current,0,0,0,21.7,0,93
41,male,5,5,5,never,30,0,0,25.8,0,100
78,male,5,5,3.97,former,0,0,0,26.9,0,101
46,female,3,5,0.94,never,90,0,0,35.5,0,89
41,male,3,3,4.19,current,0,0,0,28.2,0,105
63,female,3,5,1.16,never,0,0,0,23.8,0,89
70,female,3,4,5,former,0,0,0,32.6,0,96
53,female,4,4,1.34,current,0,0,0,30.6,1,29
42,male,3,2,1.08,current,240,1,0,25.8,0,87
47,male,4,4,1.5,never,0,0,0,27.7,0,109
68,male,3,4,1.36,never,0,0,0,26.1,0,91
62,male,5,5,5,never,135,0,0,23.2,0,86
64,female,3,4,5,former,180,1,1,23,0,101
63,female,3,5,5,former,140,0,1,29.7,0,104
53,male,5,5,1.43,former,300,1,0,23.4,0,96
46,male,2,5,3.58,never,0,0,0,35,0,99
60,male,1,5,5,never,340,1,0,30.6,0,107
80,female,3,1,0.9,former,0,0,1,30.9,1,23
56,female,4,4,NA,never,0,0,0,38.2,0,92
58,male,4,2,2.91,never,0,0,1,27.2,0,106
50,male,3,5,NA,never,720,1,0,35.5,0,84
53,female,2,5,5,never,120,0,1,22,1,74
65,male,1,1,0.67,never,120,0,0,30.9,0,98
60,male,3,3,0.67,former,1080,1,0,36.5,0,94
75,male,2,1,1.36,never,300,1,0,36.4,1,56
47,male,4,3,NA,current,0,0,0,25.6,0,90
55,female,4,5,NA,never,270,1,0,28.3,0,92
66,male,5,5,1.83,never,0,0,0,24.7,0,99
60,female,3,2,1.2,current,0,0,0,24.6,0,84
64,male,4,3,4.08,former,0,0,0,54.5,0,85
56,female,3,3,1.16,former,0,0,0,25.9,0,96
58,male,4,3,4.89,never,0,0,0,29.1,0,93
47,female,5,5,5,never,0,0,0,NA,0,99
41,female,3,5,5,former,90,0,0,23.3,0,93
57,male,3,4,3.53,never,0,0,0,27.9,0,90
71,female,5,3,1.14,never,420,1,0,24.6,0,86
64,female,3,5,5,former,990,1,0,22.1,0,105
46,male,3,5,5,never,0,0,0,36.2,0,96
80,female,4,5,5,never,0,0,0,35,0,103
55,female,5,5,5,never,585,1,0,18.1,0,86
59,male,2,5,5,former,0,0,0,24.1,0,97
73,female,3,4,0.08,former,210,1,0,29.6,0,107
68,female,2,1,0.94,former,210,1,0,26.9,0,102
80,male,3,2,NA,former,0,0,1,30.8,1,41
59,male,3,3,3.97,former,0,0,0,44.3,0,90
73,male,5,4,1.01,former,0,0,1,25.3,1,9
56,female,4,3,0.7,never,60,0,0,30.8,0,91
73,female,2,2,2.96,former,0,0,0,26.8,0,88
51,female,4,5,5,former,420,1,0,NA,0,94
47,male,4,4,NA,never,240,1,0,28.3,0,91
80,female,3,4,NA,never,0,0,1,24.7,1,79
57,female,4,5,2.23,never,0,0,1,40.2,0,92
80,female,3,3,1.61,never,0,0,1,26.2,0,106
80,male,3,3,4.22,former,0,0,1,20,1,10
68,male,2,4,1.12,former,180,1,0,31.7,0,97
60,female,5,1,3.82,never,210,1,0,20.3,0,98
50,male,4,3,2.64,never,0,0,0,30.8,0,108
70,male,3,3,4.08,former,60,0,1,28.1,0,100
56,female,2,4,0.4,former,0,0,0,30.5,0,85
43,female,3,4,1.3,former,90,0,0,20.7,0,106
74,male,4,1,1.13,former,0,0,0,30.4,1,41
63,male,4,2,1.05,never,840,1,0,31.3,0,90
72,female,3,3,0.83,former,0,0,0,38.7,0,89
61,female,4,5,3.97,never,0,0,0,36.2,0,99
75,male,4,5,1.84,never,120,0,1,25.9,0,90
56,female,4,3,0.19,never,0,0,0,32.6,1,79
65,female,3,4,3.13,never,240,1,0,33.5,0,96
52,female,3,5,5,never,315,1,0,21.6,0,96
71,female,1,2,0.59,never,0,0,0,34.9,0,102
46,female,3,4,5,former,0,0,0,28.7,0,97
77,male,3,5,NA,former,0,0,1,22.3,0,88
54,female,4,5,5,never,0,0,0,36.4,0,93
54,female,3,4,NA,never,0,0,0,59.2,0,91
69,female,5,4,1.22,never,0,0,1,24.1,1,24
62,female,3,4,5,never,300,1,1,26.5,0,105
80,female,3,3,1.63,never,0,0,0,23.5,1,28
42,female,3,4,4.56,former,360,1,0,28.3,0,102
40,female,5,5,2.33,never,0,0,1,21.7,0,95
76,male,4,1,0.87,former,225,1,1,24.8,1,43
59,male,3,5,0.36,never,1620,1,0,22.2,0,92
60,male,3,3,4.01,never,0,0,0,54.1,0,101
64,male,4,2,0.78,never,0,0,0,27.5,0,109
45,female,4,5,2.6,never,0,0,0,20.2,0,96
68,female,4,3,1.98,never,0,0,1,25.3,0,96
52,male,4,4,0.57,former,0,0,0,40,0,85
40,male,3,1,1.47,current,0,0,0,21.1,0,97
51,female,5,3,5,never,120,0,0,21.2,0,84
51,male,3,2,0.99,current,0,0,0,32.2,0,96
72,male,3,1,3.44,former,360,1,1,34.6,0,85
77,male,4,1,2.04,former,0,0,0,32.2,1,96
47,female,5,5,5,never,240,1,0,27.2,0,100
51,male,3,3,5,former,240,1,0,34.2,0,93
64,female,5,1,NA,never,0,0,0,22.4,0,105
63,female,4,4,5,never,0,0,0,27.3,0,91
41,male,1,3,5,current,60,0,0,26.2,0,106
60,male,4,4,2.58,current,0,0,0,22.6,0,89
62,female,5,1,2.29,never,0,0,0,27.2,0,94
43,female,3,1,0.9,former,0,0,0,47.8,1,86
46,female,3,2,0.67,current,0,0,0,31.8,0,97
72,male,3,5,2.15,former,0,0,0,29.3,0,94
57,female,1,1,1.48,never,0,0,0,30.3,0,86
51,male,1,2,3.74,never,340,1,0,26.1,0,85
54,female,5,4,5,never,0,0,0,24.8,0,105
48,female,3,3,0.54,current,0,0,0,28.5,0,106
62,male,3,4,1.75,former,150,1,0,33.7,0,94
52,male,3,3,1.65,never,315,1,0,26.2,0,102
43,female,1,1,0.54,never,0,0,0,29.7,0,97
49,female,3,4,4.42,never,720,1,0,32.8,0,106
72,male,4,3,1.45,current,30,0,0,31.6,0,91
42,male,3,4,0.84,current,0,0,0,42.3,0,99
73,female,3,2,1.13,never,0,0,1,17.8,1,19
75,male,3,4,3.61,former,0,0,0,43.7,0,103
77,female,2,3,0.66,former,0,0,0,21.5,0,101
40,female,4,5,0.93,never,780,1,0,33.9,0,100
52,male,2,5,5,never,60,0,0,25.9,0,103
49,male,4,4,4.59,never,0,0,0,27.7,0,90
76,male,3,2,3.4,former,0,0,0,26.8,0,94
68,male,3,5,5,former,330,1,1,28,0,86
40,female,5,4,3.74,never,0,0,0,23.4,0,108
67,female,4,1,0.72,never,0,0,0,22.9,1,62
48,female,4,3,0.95,never,0,0,0,32.5,0,98
78,male,3,5,5,former,70,0,1,35,0,102
50,male,4,5,1.89,former,0,0,0,29.2,0,91
80,male,3,3,2.97,never,0,0,1,25.2,1,18
62,male,4,4,5,never,480,1,0,21.8,0,86
78,female,2,1,0.89,never,0,0,0,46.4,0,89
40,male,2,3,NA,former,30,0,0,NA,0,103
66,female,2,1,0.67,never,0,0,1,37.1,0,106
66,male,4,4,2.38,former,240,1,0,19.8,0,88
54,female,2,5,4.59,former,0,0,1,31.4,0,98
78,female,4,2,NA,former,0,0,0,NA,1,48
56,male,3,2,0.75,current,0,0,1,30.3,0,91
67,male,2,1,1.74,current,60,0,0,22.9,0,103
71,female,3,2,1.24,current,0,0,0,24.3,0,88
54,male,5,2,NA,never,720,1,0,30.2,0,85
42,male,4,4,5,current,20,0,0,21.8,0,99
65,male,3,4,1.24,current,0,0,1,26.6,0,90
64,female,4,3,0.76,never,0,0,0,27.1,0,91
75,female,3,4,0.92,never,0,0,1,16.6,1,50
53,male,4,3,2.15,never,0,0,0,23.3,0,98
50,female,1,1,0.62,never,0,0,0,36.8,0,86
80,female,3,2,NA,never,0,0,1,26,1,46
76,male,3,5,4.03,former,15,0,0,27.9,0,97
60,male,4,5,5,former,420,1,1,30.6,0,99
50,male,3,4,1.2,never,80,0,0,23.6,0,93
62,female,4,3,0.43,never,0,0,0,21.7,0,99
43,female,1,3,0.35,current,0,0,1,31.8,0,104
77,male,4,3,0.6,current,0,0,1,32.9,1,41
64,female,1,5,5,former,180,1,0,25.2,0,90
55,female,3,5,5,never,630,1,0,20,0,86
59,male,2,5,2.6,former,0,0,0,33.1,0,102
46,female,3,5,1.31,former,80,0,0,32.7,0,90
47,female,4,4,1.04,former,0,0,1,NA,0,88
58,female,4,1,5,never,180,1,0,32,0,93
67,male,2,1,2.04,never,0,0,0,27.2,1,92
72,female,3,4,NA,former,120,0,1,16.6,0,89
54,male,5,5,5,former,240,1,0,24.7,0,97
68,female,2,3,0.64,never,0,0,0,22.8,0,88
65,female,4,4,2.31,former,0,0,0,31.6,0,98
80,male,5,5,1.08,former,0,0,1,23.9,0,84
46,female,3,4,0.66,current,420,1,0,27.3,0,100
51,female,4,2,0.81,never,0,0,0,29.8,0,88
49,male,3,3,NA,never,0,0,0,28.9,0,106
74,female,3,2,0.88,current,0,0,0,28.2,0,88
78,female,4,2,2.06,former,0,0,1,22.2,1,71
40,male,3,3,1.82,never,0,0,0,24.4,0,95
44,female,4,4,3.77,never,90,0,0,32.3,0,95
52,female,4,5,3.7,never,90,0,0,25.7,0,100
42,male,1,4,5,former,105,0,0,32.5,0,106
51,female,5,5,2.1,never,0,0,0,30.8,0,104
70,female,5,3,1.43,never,840,1,0,27.1,0,86
55,female,3,4,2.7,current,0,0,0,28.1,0,103
51,male,4,5,2.56,former,360,1,0,26.4,0,92
49,male,3,3,3.97,never,0,0,0,29.6,0,88
73,female,3,4,5,former,0,0,1,NA,1,57
50,male,3,4,0.66,never,1080,1,0,29.7,1,79
41,male,5,5,5,current,180,1,0,24.5,0,84
40,male,4,2,0.46,never,0,0,0,22.8,0,88
67,male,4,2,2.31,former,0,0,0,22.7,1,14
80,female,3,5,1.84,never,0,0,1,25.5,1,42
63,female,4,3,1.13,never,0,0,0,23,0,103
41,male,1,2,1.89,former,0,0,0,34.5,0,98
80,female,3,1,1.15,former,0,0,0,35.6,0,99
40,male,5,3,0.74,never,270,1,0,21,0,102
80,male,3,5,1.07,never,0,0,0,17.7,1,22
43,female,4,3,0.87,never,0,0,0,26.1,0,92
41,male,5,3,2.62,former,480,1,0,26.6,0,101
65,male,3,3,1.61,current,0,0,1,38.3,0,106
59,male,4,5,5,current,90,0,0,22.8,0,97
48,female,3,5,0.18,never,840,1,0,33.4,0,95
48,female,1,2,NA,never,0,0,0,36,0,97
51,female,1,1,NA,never,0,0,0,21.9,0,97
50,female,2,1,0.94,never,0,0,0,33.9,0,105
68,female,4,2,0.68,former,300,1,0,31.1,0,99
58,female,5,4,1.65,never,210,1,0,24.6,0,85
43,female,5,5,1.38,never,0,0,0,29.3,0,99
73,female,3,3,2.04,never,20,0,0,43,0,106
45,male,3,5,4.5,never,0,0,0,34.3,0,98
57,male,3,1,NA,former,0,0,0,23.5,0,93
77,female,3,2,1.61,never,50,0,1,24.2,0,96
59,male,4,5,5,never,1080,1,1,30.4,0,93
42,female,3,4,1.41,current,0,0,0,37.9,0,85
44,male,1,1,0.78,current,0,0,0,27.9,0,90
46,female,5,1,2.68,never,0,0,0,21.5,0,93
77,male,3,1,0.88,current,0,0,0,23.8,0,103
60,female,2,2,1.34,current,0,0,0,32.3,0,88
42,female,1,2,NA,former,0,0,1,35.3,0,106
56,female,5,5,5,never,0,0,0,27.4,0,98
70,female,2,5,2.89,never,0,0,1,36.6,0,94
74,female,3,5,1.16,former,0,0,0,21.2,0,100
53,male,3,5,5,never,1830,1,1,22.1,0,105
72,male,3,4,2.6,former,0,0,0,30,0,104
51,male,4,2,0.27,never,0,0,0,26.8,0,87
72,male,2,5,3.14,current,0,0,0,25.6,0,102
46,male,2,2,1.88,former,0,0,0,31.9,0,104
45,male,3,3,2.66,former,0,0,0,27.9,0,101
62,male,3,4,0.98,current,0,0,0,24.2,1,83
51,female,4,3,1.79,current,0,0,1,24.9,0,99
48,female,1,3,1.34,never,540,1,1,44.1,0,86
53,male,3,4,1.22,current,0,0,0,26.3,0,105
47,female,4,4,0.76,current,0,0,0,52.8,0,88
75,male,3,3,2.04,never,180,1,1,27.4,0,106
61,female,4,4,0.47,never,0,0,1,33,0,90
46,male,3,2,1.25,current,0,0,0,24,0,103
45,female,5,5,1.89,never,0,0,0,28.8,0,106
42,male,4,5,1.52,never,750,1,0,27.4,0,93
73,female,3,4,5,never,120,0,0,36.9,0,94
70,male,3,5,4.08,never,210,1,1,25.9,0,99
74,male,1,1,3.3,never,0,0,0,25.3,0,94
48,female,5,1,0.82,never,0,0,0,24.3,0,107
58,male,4,4,1.74,current,0,0,0,22.7,1,55
60,male,2,5,1.43,current,165,1,1,25.4,0,88
80,male,3,3,NA,former,0,0,0,34.1,0,108
80,male,3,1,2.04,former,0,0,0,33.4,1,27
42,male,4,4,3.78,never,0,0,0,50.8,0,103
40,female,3,5,2.1,never,270,1,0,29.7,0,105
61,male,5,5,5,former,960,1,0,22.7,0,84
49,female,3,3,4.97,never,90,0,0,50.4,0,86
74,male,3,5,5,never,720,1,0,26.5,0,103
59,male,3,1,1.19,former,0,0,0,28.7,0,106
47,female,5,1,1.91,never,270,1,0,27.9,0,84
61,male,2,1,1.34,never,0,0,0,34.3,0,108
58,female,4,4,5,never,2100,1,0,49.9,0,100
41,male,5,4,5,current,0,0,0,19.1,0,93
64,female,2,2,NA,never,0,0,0,33.6,0,98
45,female,4,2,1.38,never,0,0,0,37.3,0,98
57,female,3,4,0.72,never,30,0,1,40.8,0,94
58,female,4,4,1.88,former,0,0,0,47.1,0,97
50,male,3,4,0.74,current,0,0,0,27.2,1,61
47,male,5,3,1.16,current,360,1,0,23.6,0,89
46,female,2,1,NA,never,0,0,0,28.9,0,83
62,male,2,1,NA,former,0,0,0,26.4,0,97
56,female,3,5,4.92,current,0,0,0,18.2,0,91
41,male,2,5,1.49,never,390,1,0,31.2,0,101
55,female,4,2,0.66,never,0,0,0,29.9,0,92
55,female,5,3,1.65,former,0,0,0,24.1,0,84
61,male,5,5,3.06,never,0,0,0,27.6,0,99
59,female,4,4,2.72,never,60,0,1,40.3,0,97
48,male,1,5,5,never,1350,1,0,23.8,0,86
64,male,3,3,5,former,1080,1,0,23.3,0,95
52,female,5,3,1.43,never,0,0,0,25.4,0,96
45,female,3,3,NA,never,240,1,0,26.9,0,97
43,male,2,1,1.48,never,360,1,0,34.9,0,93
77,male,3,4,1.1,former,0,0,1,39.2,0,105
80,male,3,3,1.62,former,0,0,1,24.2,1,19
77,female,4,2,1.07,former,180,1,0,36.5,0,91
58,female,5,5,5,never,135,0,0,20.5,0,87
80,female,3,2,0.87,never,0,0,0,25.5,0,94
65,female,2,2,1.47,never,90,0,0,28,0,89
61,male,5,2,NA,former,45,0,0,21.8,0,85
65,male,1,5,0.48,former,0,0,0,47,0,103
56,male,3,5,5,never,480,1,0,26.8,0,104
80,male,5,5,0.82,never,600,1,0,16.4,1,67
61,male,4,2,1.32,never,180,1,0,30.5,0,84
80,male,3,5,5,never,540,1,0,24.6,0,104
57,female,3,5,3.47,former,0,0,0,21.5,0,89
48,female,3,5,5,never,150,1,0,23.2,0,104
55,male,3,4,2.24,current,0,0,0,33.6,0,104
60,female,3,4,5,never,105,0,0,47.1,0,106
76,female,3,3,2.02,never,360,1,0,24.2,0,83
70,male,3,3,1.65,current,0,0,1,27.6,1,83
49,male,3,4,0.74,former,0,0,0,55.6,0,96
80,female,3,4,1.79,never,0,0,0,19.5,0,85
55,male,2,2,1.26,never,420,1,0,22.8,0,103
45,female,3,3,4.32,current,0,0,0,23,0,98
79,female,2,4,2.31,never,0,0,0,30.2,1,83
52,male,4,3,5,current,0,0,0,37.1,0,98
57,female,4,3,4.89,never,0,0,0,26.6,0,93
62,female,4,4,3.85,never,120,0,0,33.1,0,91
69,female,2,4,0.66,never,60,0,0,21.8,0,102
64,female,2,1,0.66,never,120,0,0,25.9,0,104
41,female,1,4,3.8,never,0,0,0,32.4,0,99
75,female,4,2,0.92,never,0,0,1,26.7,1,52
80,female,4,5,3.97,never,300,1,0,24.1,0,104
76,male,4,3,4.35,former,140,0,0,22.9,0,98
73,male,2,4,5,never,1200,1,1,32.1,0,89
62,female,5,4,4.76,current,0,0,0,31.8,0,101
56,male,5,5,5,never,1920,1,0,24.7,0,84
45,female,3,5,3.67,current,0,0,0,37.8,0,90
61,female,3,5,4.63,never,180,1,0,25.6,0,97
79,male,3,5,3.67,former,360,1,1,25.8,0,102
53,male,4,3,0.5,current,0,0,0,23.1,1,62
56,female,4,3,NA,never,120,0,0,28.1,0,86
47,female,4,4,1.47,never,40,0,0,33.4,0,104
63,male,4,2,1.98,current,150,1,1,26.7,1,29
79,male,3,3,1.19,former,0,0,1,48.9,1,12
76,female,3,2,1.48,former,0,0,0,43.4,0,96
67,male,5,5,0.33,former,0,0,0,26.7,0,95
52,male,1,5,1.38,never,0,0,0,30.2,0,106
71,female,3,1,1.65,current,0,0,0,21.4,0,95
56,female,3,4,0.66,never,80,0,0,25.9,0,100
63,female,4,4,3.14,never,0,0,0,48.8,0,92
55,female,4,4,0.2,current,0,0,0,32.7,0,107
68,female,4,4,0.84,never,0,0,0,45.4,0,87
56,female,3,3,1.22,never,45,0,0,40.4,1,39
68,male,5,1,0.59,former,0,0,0,20.6,0,104
80,female,3,3,0.64,never,0,0,0,NA,1,19
43,female,1,4,4.99,never,330,1,0,31.3,0,105
80,female,3,4,1.26,never,0,0,1,32.2,1,70
69,male,4,4,3.53,former,0,0,0,23.6,0,93
80,female,1,1,1.15,former,0,0,1,NA,1,96
60,female,3,4,4.82,former,0,0,0,30.1,0,106
67,female,3,2,0.95,former,0,0,0,24.8,0,91
55,female,4,2,4.42,never,0,0,0,26.6,0,99
54,female,4,2,0.75,former,0,0,0,40,0,91
80,female,3,5,3.49,never,270,1,0,23.6,0,106
79,male,4,3,2.11,former,0,0,0,32.2,0,98
40,male,5,5,3.47,former,150,1,0,23,0,91
47,male,4,5,5,never,240,1,0,33.9,0,91
43,male,3,5,5,former,420,1,0,25.3,0,96
49,male,3,4,2.11,never,1980,1,0,29.6,0,106
63,male,5,5,5,never,120,0,0,24.5,0,93
41,female,4,5,NA,never,660,1,0,27,0,95
80,female,2,1,3.04,never,150,1,0,28.5,1,21
43,male,1,3,1.79,never,0,0,0,30.3,0,89
62,female,5,4,5,former,120,0,0,26.6,0,104
48,male,4,2,0.74,never,540,1,0,30.6,0,108
63,female,5,3,4.96,never,0,0,0,22.6,0,95
53,male,1,1,1.07,former,0,0,0,29.7,0,102
63,male,3,2,0.81,current,0,0,0,20.6,0,96
80,female,3,4,5,former,0,0,0,23.9,1,41
53,male,3,5,5,former,240,1,1,31.3,0,106
54,male,4,4,0.92,never,0,0,1,23.8,0,98
80,female,3,1,0.88,never,0,0,0,NA,0,91
70,female,5,5,NA,never,60,0,0,23.7,0,96
51,female,1,1,1.89,never,0,0,0,26.4,0,86
65,male,1,1,1.98,never,0,0,0,26.4,0,90
58,male,1,3,1.57,former,60,0,1,30.9,0,94
76,male,3,4,5,former,0,0,1,30.6,1,75
56,male,4,5,3.04,never,330,1,0,35.2,0,101
48,male,5,4,0.93,never,180,1,0,25,0,85
70,female,4,3,1.1,never,0,0,0,29.3,0,101
41,female,5,2,0.92,never,360,1,0,22.4,0,90
46,male,3,3,1.51,current,0,0,0,26.9,0,104
53,male,4,2,0.23,current,0,0,1,32.3,0,91
77,male,3,5,4.13,former,225,1,1,29.7,1,36
80,male,3,1,1.22,never,0,0,1,26.5,0,102
64,female,4,3,5,never,0,0,0,35.4,0,89
70,female,3,4,0.98,former,0,0,1,31.8,0,97
52,female,4,4,3.21,never,360,1,0,33.3,0,90
66,male,1,1,1.95,current,240,1,1,24.3,0,94
56,female,3,4,2.16,current,0,0,0,20.7,0,100
40,female,4,4,1.07,never,555,1,0,35.6,0,103
62,male,4,2,NA,current,0,0,0,30.9,0,97
67,female,5,3,1.68,never,0,0,0,23.5,0,98
63,female,3,4,3.97,current,330,1,0,20.3,0,94
69,male,5,4,0.78,current,420,1,1,24.3,0,97
54,male,2,4,3.69,former,220,1,0,35.3,0,91
72,male,1,4,1.98,former,0,0,0,33.7,0,100
46,male,3,3,0.44,current,720,1,1,32.2,0,106
49,male,3,2,0.97,current,0,0,0,31.8,0,93
60,male,2,2,NA,current,0,0,1,24.4,0,84
50,male,2,1,1.34,never,0,0,0,34.6,0,88
62,male,3,5,4.63,never,0,0,1,30.6,0,95
75,male,3,1,0.86,former,0,0,0,27.6,0,104
60,male,1,2,1.41,never,210,1,0,39.2,0,103
66,male,4,1,1.1,never,300,1,0,25.4,0,108
49,female,3,4,1.45,former,1080,1,0,38.5,0,97
64,male,4,4,5,former,0,0,0,28.9,0,97
80,female,3,1,1.1,former,0,0,0,17.9,1,26
50,female,2,2,1.57,never,0,0,0,28.4,0,96
66,male,3,4,0.67,current,0,0,1,18.9,0,109
62,male,4,2,0,never,1080,1,0,30.3,0,89
52,male,1,3,1.12,never,360,1,0,30.7,0,90
51,male,4,3,0.43,never,240,1,0,22.3,0,99
72,female,3,4,0.83,former,0,0,1,40,0,94
53,male,4,3,NA,never,0,0,0,27.4,0,87
76,male,2,1,1.84,current,0,0,0,27.4,1,9
62,female,3,4,1.26,never,0,0,0,34.3,0,90
56,female,3,3,0.08,never,0,0,0,23.3,0,94
54,female,1,1,0.51,current,0,0,0,NA,0,105
73,female,3,3,3.74,current,0,0,0,27.6,0,90
60,female,5,5,3.44,never,120,0,0,21.4,0,104
54,male,1,1,0.51,former,0,0,0,30.9,0,105
56,female,3,5,4.3,never,240,1,0,24.5,0,96
41,female,2,5,1.49,never,60,0,0,22.1,0,102
44,male,4,4,2.32,never,0,0,0,37.2,0,91
45,male,3,2,1.33,former,0,0,0,28.6,0,100
44,male,4,5,5,never,420,1,0,20.7,0,106
62,male,1,4,1.29,never,210,1,0,25.2,0,87
80,female,3,4,1.16,former,0,0,0,30.5,0,105
51,male,2,1,NA,never,180,1,0,23.3,0,97
41,male,5,3,NA,never,60,0,0,34.9,0,92
45,male,2,3,NA,never,360,1,0,28,0,92
51,male,2,4,2.58,current,0,0,0,23.1,0,103
80,female,3,1,2.62,current,0,0,1,29.7,1,22
66,male,2,1,NA,never,90,0,0,29.4,0,105
67,male,4,4,5,current,0,0,0,37.7,0,96
55,male,3,4,0,former,0,0,0,29.9,0,106
79,female,5,4,1.16,former,630,1,0,25.6,0,106
47,female,4,5,1.74,never,120,0,0,29.4,0,91
80,female,3,1,0.95,never,0,0,0,24.5,1,66
40,male,5,5,5,never,300,1,0,21.3,0,100
51,male,3,5,4.34,never,440,1,0,27.1,0,93
53,male,4,4,2.7,never,900,1,0,26.1,0,102
67,male,4,1,1.22,current,0,0,1,24,0,108
71,female,4,2,0.67,current,0,0,1,41.3,0,89
80,male,3,2,1.32,never,0,0,1,26.3,1,22
52,male,4,4,NA,never,0,0,0,NA,0,96
61,male,5,5,5,former,480,1,0,NA,0,107
58,male,5,5,5,never,240,1,0,25,0,100
63,female,4,2,0.16,never,0,0,1,19.9,1,52
49,male,4,4,3.21,former,390,1,0,28.7,0,89
43,female,4,4,0.42,current,0,0,0,48.6,0,96
66,male,1,1,1.34,former,0,0,1,29.6,1,72
64,female,4,5,5,former,0,0,0,31.8,0,90
80,male,5,3,0.65,never,240,1,0,25.7,0,85
58,male,5,5,5,former,225,1,0,25.5,0,99
68,female,4,4,1.98,current,0,0,0,17.4,0,88
60,male,3,5,5,former,0,0,0,33.2,0,88
50,female,3,4,5,former,240,1,0,21.1,0,94
59,male,5,5,3.9,never,0,0,0,27.4,0,103
60,female,4,5,2.24,never,300,1,0,26.3,0,102
78,female,2,1,0.94,never,0,0,0,28,0,96
50,female,1,1,0.77,never,0,0,0,36.1,0,90
69,male,3,4,4.3,former,180,1,1,27.2,1,87
79,female,3,3,3.44,never,675,1,0,24.5,1,80
45,female,3,4,5,former,900,1,0,24.6,0,101
80,female,4,3,0.28,never,0,0,0,27.4,0,87
67,female,5,4,5,never,600,1,0,23,0,104
42,female,3,5,1.43,former,90,0,0,30.7,0,96
80,male,5,1,1.95,former,840,1,1,31.1,1,80
71,female,3,5,5,never,750,1,0,17.1,0,105
60,female,4,2,1,never,0,0,0,40.7,0,88
80,male,4,2,1.25,never,0,0,0,22.7,1,68
73,female,4,2,NA,never,0,0,0,31.7,0,91
80,male,2,NA,NA,never,0,0,NA,22,1,4
65,male,2,5,5,current,0,0,0,29.7,0,97
59,female,3,4,1.3,former,0,0,0,26.6,0,97
80,female,3,4,5,former,0,0,0,21,1,4
45,female,5,5,4.47,never,510,1,0,31.7,0,93
51,female,4,4,2.23,never,120,0,0,42.7,0,92
40,female,5,5,5,never,0,0,0,26.1,0,98
59,male,1,5,3.51,former,0,0,0,31,0,93
72,male,3,1,5,former,0,0,0,24.7,0,103
66,male,3,4,3.06,never,1680,1,0,26.5,0,105
79,male,4,3,NA,former,0,0,0,28.3,0,100
59,female,4,3,NA,never,420,1,0,38.5,0,98
65,female,2,1,0.55,former,0,0,0,30.1,0,89
50,male,4,2,NA,current,0,0,0,19.2,0,108
43,female,5,3,NA,never,150,1,0,29.2,0,106
40,female,2,5,1.57,never,40,0,0,20.9,0,90
40,female,4,4,3.85,never,270,1,0,29.2,0,91
74,male,3,5,3.4,former,0,0,1,21.7,0,91
52,male,3,4,4.07,current,90,0,0,30.1,0,100
40,female,3,4,4.55,never,0,0,0,30.5,0,103
72,male,3,4,NA,former,240,1,1,32.7,1,83
76,female,3,1,1.22,never,0,0,0,23.4,0,103
56,female,4,4,0.33,current,0,0,1,29.9,0,87
60,female,3,4,0.13,current,0,0,0,24.6,0,99
65,male,4,4,2.72,current,0,0,0,28.1,0,103
47,female,5,5,1.98,never,0,0,0,NA,0,92
63,female,4,5,3.97,never,480,1,1,24.1,1,46
57,male,5,2,0.92,former,0,0,0,22.8,0,93
41,male,2,4,5,never,600,1,1,31.7,0,98
60,male,2,1,0.57,current,0,0,1,25.3,0,89
70,male,3,2,5,never,0,0,1,30.8,0,95
52,female,5,5,3.62,former,420,1,0,24.4,0,98
52,female,2,5,4.19,former,200,1,0,25.6,0,104
65,male,3,5,2.58,former,0,0,1,22.9,0,90
79,male,4,2,1.43,never,0,0,0,24,1,43
72,male,3,4,1.41,never,0,0,0,34.5,0,86
80,male,2,3,NA,current,0,0,0,22.9,1,36
63,male,4,2,1.29,never,0,0,0,35.9,0,87
70,female,4,3,NA,former,0,0,0,NA,1,61
60,female,2,5,4.3,former,0,0,0,28.2,0,106
56,female,3,4,4.77,never,0,0,1,40.2,0,96
68,female,1,3,4.3,never,0,0,0,29.5,0,100
80,female,3,2,1.25,former,720,1,0,29.4,0,96
58,male,1,4,5,current,420,1,0,31.7,0,100
41,female,4,4,2.7,never,0,0,0,33.1,0,97
66,female,4,3,3.97,never,300,1,0,30.5,0,101
60,male,4,3,0.9,current,330,1,1,22.7,0,102
80,female,3,5,2.01,never,0,0,0,33.1,0,98
68,female,4,2,NA,never,0,0,0,33.2,0,96
78,female,3,4,NA,former,0,0,0,30.2,0,84
68,male,4,3,5,current,0,0,0,29.5,0,100
63,male,4,3,5,never,120,0,1,36.3,0,99
58,female,3,5,2.31,current,180,1,0,25.4,0,106
65,female,5,3,1.84,former,120,0,0,23.9,0,101
80,female,4,3,NA,never,0,0,1,25.7,1,45
50,male,3,4,2.7,current,0,0,0,30.6,0,103
51,male,3,3,0.27,current,480,1,0,20.7,0,96
80,female,1,3,0.82,never,0,0,1,39.3,1,87
63,female,4,5,5,never,0,0,1,38.8,0,98
79,female,3,5,5,never,200,1,1,22.5,0,104
66,female,2,3,0.41,never,0,0,0,41.8,0,107
47,male,4,3,NA,current,0,0,0,29.8,1,82
58,male,4,4,1.34,current,720,1,0,26.6,1,75
59,male,5,4,1.79,former,0,0,0,24.8,0,89
72,female,3,2,NA,never,0,0,0,26.6,0,104
49,female,3,5,1.36,former,0,0,0,24.8,0,92
46,male,4,5,5,never,0,0,0,26.4,0,99
74,female,1,1,NA,never,0,0,0,37.7,0,103
47,male,5,2,3.74,never,0,0,0,28,0,108
41,female,3,4,0.5,never,90,0,0,25.9,0,104
80,male,3,4,NA,former,180,1,1,22.2,0,90
65,female,4,1,0.54,never,180,1,0,35,0,87
80,male,3,5,1.16,never,180,1,1,21.9,0,93
75,male,2,1,0.46,never,0,0,0,33.5,0,89
58,female,4,4,NA,never,0,0,0,32.3,0,91
72,female,3,3,2.86,never,120,0,0,25.7,0,85
45,male,4,3,2.7,current,75,0,0,27.1,0,98
60,male,3,5,4.49,never,120,0,1,22.6,0,94
52,male,5,5,4.44,never,900,1,0,31.8,0,106
80,female,3,4,2.11,never,0,0,1,25.7,1,33
70,male,3,5,5,never,280,1,0,24.8,0,91
70,male,3,4,4.13,current,0,0,0,28,1,32
80,male,3,1,0.97,former,0,0,1,22.9,1,62
50,female,5,3,2.01,never,20,0,0,23.3,0,85
58,male,3,4,0.75,current,150,1,0,26.1,1,89
78,female,4,2,0.84,never,0,0,0,65.1,1,30
44,male,2,4,1.52,former,0,0,0,28,0,104
50,male,5,4,5,never,360,1,0,29.5,0,104
68,female,5,2,1.72,never,300,1,0,24.3,0,91
52,female,4,3,5,never,0,0,0,25.8,0,99
80,female,2,4,1.41,never,0,0,0,29.7,0,103
62,male,4,1,1.65,never,30,0,0,42.8,0,90
75,male,4,4,1.1,never,90,0,0,29.4,0,84
56,male,4,3,4.86,never,0,0,1,36.3,0,99
56,male,4,4,5,never,180,1,0,30.6,0,91
40,female,4,5,2.59,never,150,1,0,28.4,0,107
61,female,4,4,5,never,540,1,0,29.7,0,88
66,male,5,5,2.15,former,0,0,0,33.3,0,104
58,female,1,1,0.33,never,420,1,0,40.5,0,87
58,female,4,2,2.24,current,0,0,0,32.4,0,95
62,male,3,5,1.19,current,0,0,0,26.8,1,83
74,male,3,3,1.39,former,0,0,1,28.9,0,94
47,male,3,3,4.56,former,180,1,0,29.1,0,104
70,female,3,2,5,former,0,0,0,24.1,1,19
56,female,3,3,0.5,former,0,0,0,27.5,0,94
74,male,3,3,1.16,never,0,0,0,NA,1,66
45,female,3,4,5,former,0,0,0,28,0,94
59,male,3,3,5,never,0,0,0,31.9,0,94
51,male,4,4,3.97,current,1080,1,0,22.3,0,104
78,female,5,4,1.12,never,0,0,0,31.7,1,96
51,male,4,3,0.2,current,0,0,0,25.1,0,97
80,female,4,1,1.02,never,0,0,1,24.6,1,64
41,female,1,1,0.51,never,0,0,0,23.2,0,96
56,female,4,3,0.38,never,0,0,1,31.8,0,108
68,male,1,4,2.02,former,0,0,0,24.6,0,102
79,male,3,1,1.22,former,90,0,1,24.5,0,93
41,female,5,4,1.26,never,0,0,1,47.2,0,90
63,male,3,4,2.41,former,0,0,0,29.6,0,90
49,male,3,1,0.42,current,0,0,0,27.4,0,88
80,female,5,3,NA,current,0,0,0,13.4,0,85
60,male,3,4,3.97,never,0,0,0,27.6,0,90
50,female,3,5,5,former,135,0,0,33.8,0,95
45,female,4,5,4.25,never,60,0,0,25.8,0,88
55,female,4,5,1.26,never,180,1,0,23.3,0,97
60,male,5,5,1.62,never,50,0,0,26.2,0,91
46,female,4,4,3.78,never,0,0,0,62.8,1,74
61,male,4,2,1.29,never,0,0,0,41.8,0,91
80,female,4,3,5,never,0,0,0,25.9,1,70
64,female,4,3,0.72,never,0,0,0,82.1,0,96
63,female,3,5,3.78,never,120,0,0,24.1,0,93
48,female,2,2,4.21,never,180,1,0,34,0,94
43,male,3,4,4.25,never,0,0,0,25.6,0,96
71,male,4,4,5,never,0,0,1,32.5,0,90
80,female,3,4,1.26,never,0,0,0,32.1,1,78
61,male,1,4,1.48,never,0,0,0,25.5,0,85
54,female,4,1,1.12,never,0,0,0,29.9,0,89
54,female,5,3,3.7,never,0,0,0,26.7,0,86
49,female,3,3,3.97,never,0,0,0,41,0,89
74,female,3,3,3.97,never,300,1,1,27.5,0,95
69,male,2,3,0.99,former,0,0,1,31.5,1,47
54,male,3,4,1.98,never,0,0,0,28.2,0,94
69,female,3,3,0.68,never,0,0,1,36.4,1,12
59,male,3,3,0.63,current,0,0,0,32.6,0,105
57,male,5,5,1.33,former,1080,1,0,23.4,0,93
47,female,5,5,3.67,never,180,1,0,28.5,0,96
70,female,2,4,2.49,current,0,0,0,33.1,0,94
80,female,5,5,NA,never,0,0,1,31.2,1,62
43,female,3,5,4.5,never,120,0,1,30.6,0,98
80,male,5,3,3.4,never,0,0,0,31.2,1,91
80,male,3,5,2.01,never,630,1,1,25.3,0,98
69,female,3,2,1.94,never,0,0,0,29.6,0,86
66,male,1,4,5,never,180,1,0,32.9,0,101
51,male,2,3,0.82,never,0,0,0,22,0,103
46,male,4,3,0.85,never,360,1,0,27.2,0,98
64,female,2,2,3.04,never,30,0,0,24,0,103
59,male,5,1,1.38,never,1260,1,0,21.3,0,93
52,male,4,4,0.4,current,0,0,0,20.2,0,93
40,male,3,4,3.67,current,0,0,0,30,0,100
75,female,3,1,0.21,former,0,0,0,29.4,0,100
45,male,5,4,0.69,never,10,0,0,25.5,0,93
73,female,4,4,3.49,current,0,0,1,27.8,1,41
63,male,4,1,1.12,never,0,0,0,25.8,0,89
64,male,3,4,2.66,former,240,1,0,27,0,106
78,male,4,2,3.14,current,0,0,0,31.7,0,95
80,female,3,4,NA,former,0,0,1,28.2,0,89
45,male,5,5,5,never,60,0,0,24.1,0,94
52,female,3,4,0.1,current,0,0,0,29.7,0,95
61,female,1,1,NA,never,0,0,0,34.7,0,86
74,male,3,4,0.93,current,350,1,0,23.6,0,87
43,female,5,5,5,never,150,1,0,27.4,0,102
70,female,5,5,4.08,never,70,0,0,27.8,0,90
58,female,3,5,5,never,0,0,0,27.7,0,103
43,male,1,1,0.46,former,540,1,0,23.9,0,89
65,female,4,4,1.1,never,0,0,0,32.5,0,89
80,female,1,1,0.98,former,0,0,1,21.4,1,20
43,female,1,2,2.78,never,45,0,0,25.4,0,100
63,male,5,3,0.63,former,0,0,0,22.3,1,11
70,female,2,2,3.14,never,0,0,0,30.4,0,101
70,female,3,4,1.79,former,250,1,1,32.6,0,93
60,female,3,4,NA,current,0,0,1,18.1,1,69
42,female,3,5,5,never,0,0,0,22.3,0,93
72,male,5,1,2.29,never,0,0,0,26.8,1,49
56,male,4,5,NA,never,105,0,0,40.5,0,100
44,female,3,2,0.63,never,0,0,0,41.1,0,91
80,male,2,3,0.78,former,0,0,0,23.3,1,82
67,female,4,2,1.12,never,0,0,0,40,1,60
51,female,3,4,NA,former,0,0,1,28.9,0,92
43,male,4,3,1.36,never,270,1,0,32.4,0,90
46,male,3,4,NA,current,840,1,0,25.5,0,94
51,female,4,4,1.36,never,840,1,0,37,0,89
42,female,1,1,1.03,never,0,0,0,23.1,0,93
73,male,4,5,NA,former,0,0,0,31.2,0,97
70,male,2,4,NA,former,0,0,1,30.4,0,103
68,female,5,5,2.72,former,0,0,1,18.9,0,84
68,female,3,4,0.78,never,20,0,1,41.2,0,100
47,female,5,4,3.31,current,0,0,0,20.4,0,105
69,female,2,2,1.47,never,0,0,1,31.9,0,88
79,female,3,3,2.31,never,315,1,0,32,0,101
44,male,1,1,0.74,current,75,0,0,29.7,0,105
49,male,3,2,0.79,current,840,1,0,22.4,0,88
61,female,3,4,1.24,former,0,0,0,29.5,0,95
80,female,5,1,0.89,never,105,0,1,27,1,61
47,female,3,5,5,never,120,0,0,22.8,1,74
61,male,2,1,1.7,former,120,0,0,22.8,0,88
56,male,5,3,3.7,former,140,0,1,23.5,0,92
41,male,3,4,2.91,never,1920,1,0,30.5,0,106
77,female,4,3,0.65,former,0,0,1,34.8,0,88
47,male,5,4,1.84,former,60,0,0,26.4,0,91
64,female,3,5,2.3,never,240,1,0,30.3,0,94
58,female,4,5,1.61,current,180,1,1,29.4,0,90
80,male,3,2,2.45,never,0,0,1,29.2,0,94
78,female,3,3,0.87,never,0,0,1,33.3,0,88
56,male,4,2,0.75,former,0,0,0,33.2,0,91
63,female,4,4,5,never,0,0,0,23.8,0,92
58,male,3,4,5,current,0,0,0,24.1,0,93
80,female,4,5,2.75,never,60,0,0,25.5,0,89
52,male,3,4,1.67,never,450,1,0,29.2,0,90
57,male,3,3,1.97,never,420,1,0,33.1,1,88
77,female,3,4,1.22,former,0,0,0,36.9,1,87
49,female,5,5,4.76,never,0,0,0,25.8,0,98
65,male,4,2,1.51,former,0,0,1,27.4,0,106
57,female,2,2,NA,never,0,0,0,23.3,0,97
69,female,3,4,2.04,former,45,0,0,24.7,0,100
62,female,4,2,0.83,never,75,0,0,48.1,0,90
70,female,3,4,2.75,former,0,0,0,43,1,95
80,female,3,4,1.79,never,360,1,0,18.9,1,44
60,male,4,4,5,never,270,1,0,27.3,0,99
60,female,4,3,3.22,current,0,0,0,39.4,0,92
72,male,4,2,NA,never,0,0,1,28,0,104
66,male,5,4,2.28,never,300,1,0,25.1,1,68
63,male,4,1,0.2,current,0,0,0,17.4,0,97
66,female,3,5,2.82,never,0,0,NA,34.7,0,101
67,male,2,1,0.88,former,0,0,0,24.9,0,103
80,female,4,1,1.61,never,0,0,0,42.2,1,40
61,female,3,3,1.11,current,0,0,0,35.2,0,95
50,female,2,4,5,never,0,0,0,23,0,97
71,male,3,3,0.98,former,420,1,0,34.1,1,21
62,female,5,1,0.26,never,0,0,0,24.3,0,104
80,male,3,3,2.69,former,0,0,1,32.8,1,56
65,female,3,5,1.31,former,240,1,1,40.6,0,100
65,female,5,5,5,never,0,0,0,22,0,93
54,female,3,2,0.09,former,0,0,0,40.4,0,106
56,female,4,4,0.18,never,0,0,0,37.6,1,25
49,male,3,3,1.19,current,480,1,0,23.2,0,103
53,male,5,4,0.65,former,70,0,0,25.3,0,103
42,male,3,5,3.77,current,120,0,0,26.7,0,102
64,male,5,2,3.24,former,0,0,0,21,0,97
42,female,2,5,3.52,never,0,0,0,26.5,0,104
47,female,1,4,4.43,never,0,0,0,32.3,0,103
43,male,4,5,4.97,never,1920,1,0,27,0,98
42,female,4,4,3.35,never,60,0,0,32,0,100
54,male,4,4,3.04,never,0,0,0,30.9,0,98
67,male,4,5,4.86,never,30,0,0,32,0,91
63,female,5,5,5,NA,300,1,0,21.8,0,95
80,male,3,3,0.92,never,420,1,1,25.4,1,87
50,female,3,2,1.56,never,0,0,0,38.5,0,102
73,female,3,5,2.2,former,0,0,1,28.7,0,98
46,female,4,3,0.12,never,0,0,0,34.1,0,97
62,female,2,1,1.04,former,0,0,1,30.5,0,92
55,female,4,4,4.3,current,0,0,0,21.5,0,104
61,female,3,4,4.41,never,0,0,0,27.7,0,108
73,male,2,2,0.94,never,0,0,1,29.8,1,24
70,female,3,4,2.72,former,0,0,NA,24.6,0,95
45,male,2,2,2.44,current,300,1,0,20.5,0,99
70,female,3,4,3.61,former,0,0,1,32.6,0,103
70,female,3,3,NA,former,104,0,0,23.7,0,104
65,female,3,5,5,never,120,0,0,33.6,0,106
58,female,5,4,5,never,420,1,0,23.4,1,40
75,female,3,5,2.51,never,0,0,1,25.4,1,75
45,female,1,2,0.65,never,60,0,0,22.7,0,96
54,male,4,2,1.07,current,0,0,0,25.8,0,91
67,male,3,1,0.76,current,0,0,1,20.2,0,101
64,female,4,5,5,never,0,0,1,32.6,0,96
48,female,5,3,1.3,never,240,1,0,28.7,0,85
51,female,2,3,0.69,never,0,0,0,25.9,0,102
51,male,5,5,2.1,never,0,0,0,25.2,0,104
51,male,3,2,0.08,never,0,0,0,29.3,0,98
46,male,3,3,0.98,never,840,1,0,24.5,0,100
62,male,2,4,1.3,former,40,0,0,33,0,99
73,female,5,5,4.63,never,1200,1,1,24,0,100
51,female,4,3,0.81,never,0,0,0,35,0,87
43,male,2,1,NA,never,0,0,0,27.3,0,87
43,male,5,4,1.36,current,240,1,0,33.5,0,109
66,male,4,3,2.06,current,0,0,1,22.6,1,31
79,female,3,1,1.63,never,0,0,1,25.4,1,48
45,female,1,4,3.74,never,40,0,0,39.9,0,86
70,female,2,1,1.36,never,300,1,0,33.7,0,86
57,male,4,5,5,former,75,0,1,30.5,0,108
44,male,2,5,0.58,never,0,0,0,30.1,0,101
56,male,4,3,2.24,former,0,0,0,23.3,0,100
63,male,1,5,5,current,20,0,0,28.2,0,106
54,male,3,5,5,former,0,0,0,39.7,0,105
61,female,2,1,0.65,never,0,0,1,38.8,0,84
40,male,2,4,0.93,never,0,0,0,35.7,0,102
55,female,4,4,5,current,120,0,0,21.5,0,100
54,male,3,3,5,former,0,0,0,32,0,91
80,male,4,2,4.76,former,0,0,1,33.9,0,96
53,female,3,3,1.98,current,0,0,1,24,0,106
40,male,2,2,1.57,never,0,0,0,27.5,0,90
52,female,3,4,0.42,never,0,0,0,55,0,89
80,male,3,4,1.07,current,0,0,0,22.4,1,44
54,male,1,3,3.92,never,540,1,0,45.9,0,98
45,female,3,3,0.75,current,0,0,0,NA,1,24
42,male,1,2,2.46,current,0,0,0,32,0,101
64,male,3,4,5,former,120,0,0,35.3,0,98
61,female,3,4,1.4,current,840,1,0,27.1,0,89
60,female,5,3,2.1,never,0,0,0,24.7,0,104
70,male,5,4,1.68,never,30,0,0,26.7,0,98
45,male,1,2,2.26,current,0,0,0,30.3,0,103
43,female,3,5,5,never,0,0,0,19.2,0,89
57,male,3,4,3.25,current,0,0,0,23.2,0,98
78,male,3,2,1.22,former,0,0,1,NA,1,25
68,female,4,4,NA,never,210,1,0,27.5,0,100
77,female,2,1,0.64,never,0,0,0,41.8,0,88
56,female,5,5,5,never,360,1,0,23,0,92
80,male,3,4,1.39,former,45,0,1,35.5,1,56
56,female,3,3,4.35,former,0,0,0,36.8,0,90
78,male,5,5,4.63,former,840,1,0,27.5,0,102
80,male,3,5,5,never,120,0,1,25.7,1,77
65,male,3,5,1.31,former,1560,1,0,27.5,0,103
55,female,3,4,0.62,never,0,0,0,29.7,0,94
45,female,4,4,3.47,never,1080,1,0,33.4,0,92
73,male,3,5,2.86,former,900,1,1,28.5,0,85
74,male,3,4,4.96,former,0,0,1,39.4,0,96
70,male,3,2,NA,former,0,0,0,27.2,1,52
40,female,4,4,2.22,never,0,0,0,29.2,0,100
58,male,4,4,0.4,current,0,0,0,24.5,0,97
80,male,3,3,0.66,never,0,0,0,47.8,0,101
42,male,5,4,2.33,former,180,1,0,24.9,0,96
58,female,2,3,0.83,former,0,0,0,54.8,0,89
62,male,4,3,2.75,never,180,1,1,34.9,0,89
47,male,1,2,NA,former,0,0,0,33.2,0,98
64,male,4,3,2.31,never,0,0,0,41.5,0,92
80,female,2,2,2.24,never,0,0,1,23.3,1,28
51,male,5,1,0.33,current,210,1,0,19.5,0,104
43,male,5,5,4.1,former,400,1,0,24.6,0,100
79,female,4,5,4.96,former,360,1,0,24.9,0,97
41,male,2,3,1.61,former,0,0,0,25.5,0,96
60,male,4,5,4.2,never,0,0,0,34.2,0,92
80,male,3,5,3.67,never,600,1,0,28.4,0,104
49,male,4,4,2.75,current,100,0,0,32.9,0,100
43,female,4,4,0.76,never,0,0,0,32.7,0,91
75,female,3,3,1.1,never,50,0,0,37.2,1,32
49,female,5,5,5,never,950,1,0,37.3,0,102
65,male,4,1,2.31,former,0,0,1,23.9,0,84
70,male,3,4,1.94,former,360,1,0,26.6,0,101
57,female,2,1,0.66,former,0,0,0,41.1,0,105
62,male,4,4,0.64,never,0,0,0,22.7,0,88
80,female,3,4,4.3,former,0,0,1,16.9,1,72
54,female,3,4,5,never,200,1,0,29.7,0,101
55,male,2,3,4.63,former,0,0,0,27.7,0,106
52,male,3,3,2.86,former,300,1,0,29.3,0,101
78,female,3,3,5,never,210,1,0,27.1,0,93
48,male,4,3,3.67,never,0,0,0,26.3,0,91
48,female,4,5,1.95,never,1260,1,0,53.5,0,105
54,female,4,3,0.65,never,120,0,0,34.5,0,108
44,female,3,5,5,never,570,1,0,27.2,0,91
74,male,4,4,5,former,540,1,0,26,1,75
75,male,3,3,3.04,never,0,0,0,40.9,1,70
74,female,5,1,3.47,never,40,0,1,22.5,1,23
48,male,4,3,5,current,1440,1,0,28.6,0,99
47,female,3,5,5,never,660,1,0,22.7,0,84
78,female,4,4,NA,never,30,0,0,26.7,0,96
59,female,4,3,2.46,current,180,1,0,32.8,0,99
74,male,2,2,1.7,never,300,1,0,29.7,0,86
80,female,5,1,2.5,never,0,0,0,17.6,0,94
52,female,3,3,1.19,never,0,0,0,35,0,106
48,female,3,5,2.91,never,0,0,0,21.6,0,99
56,male,1,1,1.39,never,0,0,0,23.4,0,101
55,male,1,1,NA,current,210,1,0,28.3,0,106
48,female,4,4,NA,never,150,1,0,41.2,0,103
74,female,3,3,4.96,never,0,0,0,35.1,0,94
80,male,3,3,0.98,former,0,0,1,22.8,1,61
41,male,4,2,NA,current,0,0,0,21.9,0,87
72,male,4,4,5,former,1200,1,1,28.3,0,99
47,female,1,1,0.27,never,0,0,0,37.9,0,90
46,male,1,3,1.43,current,0,0,0,25.8,0,101
79,female,2,4,0.64,former,0,0,1,25.5,0,104
64,female,3,3,4.2,never,0,0,0,24.3,0,105
65,female,4,3,NA,former,0,0,0,24.7,0,91
63,male,1,1,0.87,current,0,0,0,26.9,0,94
80,female,3,5,2.51,never,360,1,1,23.2,0,105
59,male,3,5,3.62,former,0,0,0,33.3,0,94
43,female,4,3,NA,current,960,1,0,18.8,0,96
64,female,3,5,5,former,280,1,0,24.2,0,91
63,female,4,4,0,former,0,0,0,29.5,0,86
60,female,2,1,2.07,never,840,1,0,28.9,0,97
44,male,5,5,0.65,never,30,0,0,29.8,0,88
80,male,4,1,0.76,former,0,0,0,25.8,0,91
80,female,3,5,5,former,280,1,0,24.7,1,78
67,male,2,5,2.75,former,720,1,0,24.7,0,85
72,male,4,1,0.73,current,0,0,1,29.4,0,98
53,male,1,1,2.95,former,0,0,0,32.9,0,105
40,male,2,2,1,current,0,0,0,35.7,0,97
53,female,4,4,0.44,current,0,0,0,33.2,1,40
75,male,3,5,5,never,810,1,0,24.7,0,89
43,female,4,5,5,never,220,1,0,30.9,0,88
68,male,4,3,1.57,current,0,0,0,20.7,1,85
77,female,3,4,5,former,0,0,1,31.1,1,56
55,male,2,2,0.43,current,0,0,0,48.4,1,10
56,male,5,5,3.67,current,150,1,0,26.8,0,88
80,female,4,4,1.48,former,300,1,0,29.4,0,83
59,female,3,4,5,never,0,0,0,31.4,0,90
78,male,3,4,4.3,former,0,0,1,36.2,0,93
58,male,4,5,NA,never,258,1,0,27.1,0,92
44,female,3,3,NA,current,0,0,NA,27.3,0,95
42,male,1,4,4.03,never,360,1,0,21.7,0,92
48,female,3,4,1.16,never,0,0,0,35.2,0,99
65,male,4,5,1.34,current,0,0,0,26.2,1,79
60,male,1,1,0.68,never,0,0,0,32.2,0,89
64,female,1,1,NA,never,0,0,0,NA,0,85
68,male,3,4,5,current,0,0,0,28.2,0,95
76,male,4,2,NA,former,0,0,1,35.1,1,96
41,male,1,2,5,never,0,0,0,27.7,0,98
46,female,3,5,5,never,390,1,0,28.8,0,85
65,female,2,4,3.3,never,0,0,0,31.8,1,63
61,female,3,5,5,never,360,1,0,33.8,0,90
71,male,4,3,1,current,0,0,1,28.3,1,60
43,female,2,3,NA,current,0,0,0,26.5,0,106
43,male,3,3,1.05,current,0,0,0,32.1,0,91
43,male,1,1,0.86,former,360,1,0,30,0,85
49,female,3,5,4.03,former,60,0,1,36.2,1,46
70,female,5,3,NA,never,0,0,0,27.3,0,91
74,male,3,4,3.97,former,630,1,0,22.6,0,89
53,male,5,5,NA,never,0,0,1,NA,0,103
58,female,1,2,2.75,never,0,0,1,52.6,0,99
59,female,2,5,5,never,0,0,0,20.7,0,87
49,female,2,2,0.56,never,180,1,0,39.5,0,103
67,female,2,4,0.99,never,0,0,0,38.2,0,103
61,male,4,5,3.36,current,10,0,0,22.5,0,96
52,male,3,3,4.59,former,1800,1,0,28.9,0,106
58,male,2,1,2.94,current,0,0,0,27,0,87
61,female,2,3,0.89,never,120,0,0,26.3,0,87
55,male,2,1,1.08,never,0,0,0,26.5,0,99
69,male,4,3,0.97,former,0,0,0,28.4,0,97
56,female,1,3,3.06,never,90,0,0,31.9,0,102
79,male,4,1,1.02,never,720,1,0,24.7,0,98
63,female,3,4,5,never,0,0,0,29,0,86
49,female,3,3,1.93,current,210,1,0,27,0,93
47,male,3,3,0.86,current,0,0,0,22.6,0,105
56,male,4,4,5,never,0,0,0,28.1,0,92
80,male,3,3,2.64,former,0,0,0,28.7,1,91
80,male,4,1,1.82,former,420,1,0,28.3,1,40
72,male,3,5,5,former,0,0,0,39.3,1,16
71,female,2,3,2.2,former,30,0,0,35.2,0,106
41,male,5,3,4.7,never,360,1,0,28,0,97
62,male,4,3,3.54,current,120,0,0,27.7,0,95
57,male,3,5,4.59,former,570,1,0,26.3,0,87
66,male,3,3,0.56,current,0,0,0,29,0,105
44,male,3,2,0.2,current,0,0,0,21.4,0,101
72,male,2,4,0,former,0,0,1,34,0,97
80,female,3,5,3.8,former,180,1,1,26.1,0,94
72,male,5,5,3.67,never,315,1,0,21.7,0,97
60,male,4,5,5,former,0,0,0,30.2,0,99
80,female,3,2,1.29,never,0,0,1,35.1,1,69
75,male,4,1,5,never,0,0,0,22,1,76
51,female,1,1,2.95,never,630,1,0,33.8,0,105
40,female,2,4,2.31,never,0,0,0,26.8,0,103
65,female,1,4,2.75,never,0,0,0,40.7,0,103
57,female,4,3,1.84,never,0,0,0,31.4,0,97
66,male,3,5,3.4,former,1500,1,0,30.7,0,94
56,male,3,2,1.16,never,0,0,0,31.2,0,103
60,male,2,2,1.83,never,210,1,0,25.8,0,101
80,female,4,NA,NA,never,0,0,1,21.8,1,10
60,male,5,2,NA,current,0,0,0,24.4,0,104
44,female,5,5,5,never,300,1,0,31.3,0,106
66,female,4,5,4.92,never,180,1,0,33.3,0,90
47,female,5,3,1.61,never,530,1,0,29.5,0,85
80,female,3,2,0.86,never,0,0,1,20.5,1,7
47,female,3,5,1.65,never,60,0,0,25.8,0,102
51,female,5,5,5,never,90,0,0,21.8,0,104
59,female,2,1,1.21,never,0,0,0,28.3,0,88
62,female,4,4,5,never,0,0,0,25.2,0,103
43,male,3,4,2.17,never,60,0,0,35.5,0,91
49,female,2,5,5,never,345,1,0,33.3,0,94
45,female,3,5,4.59,never,270,1,0,22.5,0,87
80,female,5,4,0.83,former,0,0,0,33.4,1,57
43,female,5,3,1.57,never,120,0,1,28.9,0,105
56,female,4,5,2.97,former,0,0,1,34.1,0,91
45,female,2,2,1.79,never,240,1,0,28.7,0,96
80,male,3,5,1.98,former,360,1,1,24.1,0,104
56,male,5,2,0.88,former,30,0,0,40,1,73
51,female,4,5,5,never,60,0,0,40.9,0,103
51,female,3,4,NA,former,60,0,0,NA,0,90
73,male,1,1,0.59,former,0,0,0,32.6,1,30
69,male,4,5,5,never,25,0,1,37.7,0,100
66,male,5,4,NA,former,0,0,0,21,0,88
43,female,2,1,0.56,never,420,1,1,28.1,0,103
78,female,4,5,2.28,former,120,0,0,28.4,0,101
58,female,3,5,5,former,180,1,0,27.7,0,91
80,female,3,3,1.29,never,0,0,1,29.4,0,90
73,female,4,2,0.32,never,0,0,1,24.8,1,3
53,male,2,4,0.92,former,840,1,0,28.4,0,85
54,male,3,4,5,former,270,1,0,33.8,0,100
69,female,4,2,0.75,never,0,0,0,22.6,0,99
49,male,3,4,1.2,former,600,1,0,30.6,0,90
72,male,4,2,NA,never,135,0,0,34.8,1,17
64,female,3,4,3.4,never,240,1,0,26.2,0,105
58,male,4,2,1.79,former,0,0,0,17.9,0,97
45,female,5,4,0,current,720,1,0,20.4,0,90
50,male,4,2,1.69,current,0,0,1,28.6,0,100
42,male,4,3,0.05,current,0,0,0,19.6,0,98
58,female,1,4,0.41,never,0,0,0,30.5,0,94
55,male,4,5,5,former,720,1,0,35.4,0,97
63,male,4,3,NA,never,120,0,0,24,0,95
42,male,3,4,5,current,90,0,0,25.5,0,93
71,female,5,5,4.23,never,40,0,1,19,0,86
50,female,3,2,0.62,current,0,0,0,31.1,0,94
76,female,5,1,3.22,never,0,0,1,34.2,0,86
58,female,3,2,1.24,never,210,1,0,21,0,103
54,male,5,4,1.84,never,0,0,0,52.3,0,101
49,male,3,1,0.9,current,0,0,1,30.1,0,91
74,male,3,5,5,former,0,0,0,25.2,1,61
42,male,1,1,1.04,current,720,1,0,27.1,0,96
62,female,4,4,1.08,never,0,0,1,37.8,0,107
66,male,4,2,1.57,former,0,0,1,31.2,0,94
59,female,3,1,1.47,never,0,0,0,34.6,0,100
73,female,3,4,5,never,0,0,0,46.4,0,100
52,male,4,4,5,never,60,0,0,24.5,0,90
66,male,4,1,0.63,current,0,0,0,18.8,1,22
52,male,5,3,1.21,former,0,0,0,31.2,0,90
61,male,1,3,0.78,never,0,0,0,37.4,1,2
62,male,3,2,3.97,current,0,0,0,30.6,0,91
52,female,1,4,3.77,never,0,0,0,29.8,0,101
46,male,4,5,4.03,never,780,1,0,29.5,0,108
45,male,4,3,0.38,never,480,1,0,26.3,0,89
59,female,5,5,5,never,300,1,0,26.2,0,87
61,male,3,5,2.86,former,0,0,0,39.7,0,98
57,male,4,4,5,never,0,0,0,21.1,0,104
59,male,3,4,2.17,former,135,0,0,27.8,0,100
50,female,4,5,5,never,240,1,0,22.6,0,93
46,female,4,4,5,never,0,0,1,30.3,0,89
75,male,3,5,2.72,never,0,0,1,38.7,1,69
75,female,3,1,0.93,former,0,0,1,30.3,1,53
50,female,4,4,1.08,current,0,0,0,35,0,100
71,male,3,5,5,never,480,1,1,24.7,0,95
57,male,4,5,4.3,never,1320,1,0,29.9,0,104
80,female,3,3,NA,former,360,1,0,29.3,1,77
68,female,3,4,2.64,former,60,0,0,25.9,0,87
66,female,5,5,5,never,0,0,0,27.5,0,100
44,male,4,4,0.54,never,0,0,0,28,0,92
42,female,3,4,2.71,never,0,0,0,47,0,95
67,female,5,1,1.02,never,0,0,0,25.7,0,92
79,female,4,5,4.35,former,0,0,1,22.3,0,98
53,male,1,1,1.89,former,0,0,0,36.2,0,86
43,female,1,4,0.84,never,0,0,0,37.7,0,94
80,female,3,5,5,never,840,1,1,22.2,0,91
46,male,4,4,4.66,former,540,1,0,28.9,0,103
67,male,4,2,3.57,current,0,0,0,30.6,1,73
41,female,4,2,0.27,former,0,0,0,51.4,0,97
46,male,4,4,NA,former,0,0,0,37.8,0,87
67,male,4,2,NA,current,0,0,1,21.8,1,1
56,female,3,4,5,never,90,0,0,38.4,0,93
54,female,3,4,5,never,60,0,0,25.3,0,100
80,female,3,3,3.33,former,315,1,0,44.1,1,56
52,male,4,5,NA,never,720,1,1,36.8,0,92
80,male,3,1,0.68,never,0,0,1,38.2,1,58
60,male,3,3,2.31,never,420,1,0,26.1,0,96
62,female,1,3,4.43,former,150,1,0,25.1,0,103
50,male,2,1,2.44,current,0,0,0,29.4,0,96
50,female,3,5,2.16,never,330,1,0,26.9,0,88
69,male,4,3,1.84,current,0,0,1,21,1,92
72,female,3,5,5,never,585,1,1,21.6,0,90
79,male,4,1,3.13,former,0,0,0,25.1,0,84
66,female,2,3,1.74,never,90,0,0,22.4,0,104
46,female,3,2,0.74,current,0,0,1,38.9,0,101
47,female,1,1,1.63,never,0,0,0,38.8,0,85
67,female,4,5,4.66,former,45,0,1,42.6,0,105
65,female,3,3,1.3,never,0,0,0,29.1,0,101
62,female,5,4,5,never,180,1,1,30.9,0,86
67,female,2,1,0.77,never,20,0,0,48,0,87
42,female,3,5,5,never,240,1,1,21.4,0,88
50,female,3,5,4.87,never,60,0,0,28.9,0,91
44,female,3,4,0.72,former,180,1,0,32,0,94
54,male,5,5,4.59,never,300,1,0,21.5,0,86
60,male,3,1,1.47,current,0,0,0,34.1,1,90
80,male,3,1,1.26,former,0,0,0,39.9,0,102
62,male,2,1,1.02,former,0,0,0,27.8,1,93
65,female,4,2,1.38,never,0,0,0,25.2,0,99
46,male,4,5,5,current,0,0,0,24,0,90
57,male,4,4,3.99,former,630,1,0,27.1,0,86
63,male,4,4,3.55,former,240,1,0,31.3,0,96
74,male,3,4,3.74,current,0,0,0,28.4,1,79
74,male,3,4,2.04,former,1200,1,1,26,0,97
56,male,3,3,4.78,former,100,0,NA,34.1,0,90
61,female,4,4,NA,never,135,0,0,31.3,0,100
44,female,4,3,0.48,former,0,0,0,24.1,0,90
80,male,1,1,4.56,former,0,0,0,32.5,1,58
47,female,5,3,1.81,never,0,0,0,26,0,93
57,female,3,4,3.53,never,0,0,0,28.6,0,90
49,male,3,5,5,never,480,1,0,29.8,0,95
80,male,3,2,3.58,never,0,0,1,33.7,1,28
45,female,4,3,0.61,never,210,1,0,20.4,0,88
40,female,3,4,0.65,never,0,0,0,31.9,0,102
73,male,4,3,2.97,former,140,0,0,30.2,1,55
66,female,1,4,3.42,former,0,0,1,33.8,0,107
58,male,4,4,2.3,former,315,1,1,55.7,0,98
64,female,1,1,1.25,former,0,0,1,49,0,103
70,female,2,1,NA,never,0,0,1,27.3,0,91
59,male,4,4,0.54,never,60,0,0,32.5,0,101
80,male,3,1,NA,never,0,0,1,33.2,1,30
80,male,2,1,NA,never,840,1,0,24.8,0,103
61,female,5,4,2.15,never,0,0,0,21.1,0,104
42,female,5,4,1.61,current,0,0,0,20.1,0,91
53,female,4,3,0.48,never,0,0,0,37.5,0,88
48,female,3,5,4.96,former,810,1,0,23.2,0,94
52,male,4,3,1.07,never,240,1,0,33.1,0,104
77,male,5,5,3.64,former,0,0,1,23,0,105
64,male,4,4,3.67,never,0,0,0,24.4,0,96
65,male,4,3,4.34,former,840,1,0,32.3,0,92
49,male,1,1,0.98,never,0,0,0,NA,0,103
40,male,5,1,0.46,current,0,0,0,24.4,0,102
75,male,4,3,1.43,current,0,0,1,26,0,85
64,female,3,3,1.26,never,80,0,0,25.4,0,96
41,female,4,4,1.21,current,0,0,0,29.3,0,99
49,male,2,4,1.21,current,0,0,0,17.8,0,108
58,male,3,5,1.1,current,0,0,1,51.5,0,101
67,male,5,3,NA,former,0,0,0,16.2,0,88
53,male,3,4,4.86,never,0,0,1,34.1,0,109
80,male,3,4,2.3,former,0,0,1,NA,1,73
44,male,2,4,2.01,never,45,0,0,23.4,0,106
56,female,3,3,2.31,current,420,1,0,22.3,0,96
58,female,3,2,2.6,never,120,0,0,32.5,0,94
64,female,5,5,1.8,never,0,0,0,28.6,0,94
71,female,3,4,NA,never,0,0,0,23.8,1,67
80,male,3,5,5,former,60,0,1,23.2,1,21
48,male,3,2,0.72,current,0,0,0,20.8,0,100
74,female,5,1,1.08,never,0,0,0,21.5,1,16
80,female,3,3,0.72,never,210,1,0,20,1,40
62,male,4,1,4.59,former,0,0,0,27.6,0,88
73,male,4,5,5,former,720,1,0,40,0,100
66,male,4,3,NA,former,10,0,0,NA,1,37
57,female,5,1,0.45,never,0,0,0,22.1,0,85
50,female,4,4,1.3,current,0,0,0,22.1,0,107
70,female,3,3,2.7,never,0,0,0,39.8,0,101
63,female,3,4,3.4,never,360,1,0,27.2,0,94
61,male,3,5,5,former,570,1,0,25.1,0,91
66,female,4,5,5,former,120,0,0,26.3,0,86
80,female,3,4,1.98,never,0,0,0,19.7,0,104
58,female,2,1,NA,never,0,0,0,50.7,1,44
69,male,5,2,1.12,never,0,0,0,25.1,0,84
60,male,4,3,1.76,former,0,0,0,26.7,0,90
58,female,3,2,1.52,never,0,0,0,31.3,0,90
67,male,2,1,1.02,never,0,0,1,30.2,1,78
65,male,2,1,0.58,former,0,0,0,32.1,0,102
47,female,3,5,5,never,480,1,0,23.3,0,96
42,male,4,4,5,never,0,0,0,25.4,0,91
51,male,5,5,5,never,0,0,0,23.4,0,95
50,male,4,2,1.84,current,0,0,0,22.7,0,101
80,male,4,NA,1.54,former,0,0,0,24.8,1,43
56,female,3,2,1.1,former,0,0,0,30.6,1,18
49,male,4,3,0.19,never,30,0,0,34.5,0,96
52,male,4,3,2.57,never,500,1,0,24.4,0,102
42,male,3,4,NA,never,360,1,0,26.9,0,89
42,male,4,5,1.95,never,360,1,0,20.3,0,106
62,female,3,4,1.52,never,0,0,0,50.9,0,95
51,female,4,3,1.85,current,0,0,0,31.8,0,90
43,female,4,4,0.41,never,0,0,0,28,0,92
63,female,3,4,2.6,never,120,0,0,26,0,94
58,male,3,2,1.2,current,0,0,1,24.9,0,94
70,female,4,3,1.88,former,180,1,0,22.3,0,91
51,female,3,4,1.16,never,0,0,0,31.4,0,96
66,female,3,5,5,former,90,0,0,28.8,0,91
46,male,3,4,1.65,former,60,0,0,35.6,0,90
50,female,3,3,0,current,140,0,1,31,0,86
43,female,3,5,5,never,30,0,0,25.1,0,94
50,female,3,3,2.86,former,300,1,0,30.4,0,93
44,male,3,5,4.47,never,0,0,0,29.7,0,91
79,female,3,5,1.75,former,210,1,0,30,0,95
63,female,1,4,1.41,never,0,0,1,30.1,0,103
80,male,4,4,NA,never,600,1,0,27.1,0,100
65,female,3,5,5,never,0,0,0,28.8,0,96
42,female,3,3,0.97,never,0,0,0,44.1,0,92
51,male,3,4,0.18,current,0,0,0,23.9,0,102
80,female,4,2,0.96,never,0,0,1,30.7,0,101
65,female,2,3,0.52,never,0,0,0,34.6,0,97
56,male,5,4,1.97,never,120,0,0,45.3,0,93
40,male,4,4,2.22,former,90,0,0,27.1,0,102
54,male,2,2,3.58,former,0,0,0,29.6,0,87
57,male,1,1,1.33,current,180,1,0,32.5,0,105
60,female,1,3,2.58,former,120,0,0,36,0,89
42,male,1,3,4.21,never,0,0,0,29.8,0,94
52,male,4,3,NA,never,0,0,1,27.9,1,93
66,female,5,5,0.55,never,0,0,0,20.4,0,89
69,male,4,2,0.64,former,0,0,0,24.1,0,101
80,female,3,2,1.08,never,315,1,0,22.1,0,90
57,female,2,3,3.97,never,0,0,0,36.7,0,102
53,female,4,2,NA,never,0,0,0,23.4,0,99
44,male,5,5,5,never,480,1,0,21.8,0,94
75,male,5,5,1.62,never,0,0,1,34.1,0,99
61,female,4,4,4.06,never,0,0,0,43,0,99
59,male,3,4,2.75,current,0,0,1,22.6,0,102
80,female,3,3,4.27,former,0,0,1,27,1,54
70,female,4,4,2.72,never,0,0,0,33.6,0,88
66,female,4,3,0.14,former,0,0,1,NA,1,25
64,male,5,1,0.45,never,40,0,0,22.3,0,86
55,female,4,5,0,never,225,1,0,28.6,0,99
64,male,5,2,1.07,former,0,0,0,22,0,91
43,female,3,5,5,never,1170,1,0,23.7,0,102
80,female,5,1,0.88,never,70,0,0,22.6,0,85
61,male,4,3,3.31,former,225,1,0,29.9,0,91
73,female,3,5,NA,never,0,0,1,35.8,0,93
80,female,3,1,0.63,never,0,0,1,20.3,1,35
67,male,4,4,1.5,current,0,0,0,27.9,0,91
40,male,5,5,5,never,420,1,0,26.2,0,93
80,male,5,5,5,never,0,0,0,25.2,0,93
70,male,4,2,0.98,never,0,0,0,34.1,1,59
70,male,4,2,1.84,current,0,0,0,34.9,0,90
80,female,3,3,1.47,never,90,0,0,25,0,101
65,male,5,4,4.76,current,0,0,1,41.4,0,100
41,female,5,5,5,never,0,0,0,26.5,0,93
65,male,4,5,4.21,never,630,1,1,28.1,0,101
73,female,4,4,2.04,never,0,0,0,25.2,0,87
43,male,3,3,3.34,never,0,0,0,32.3,0,91
52,male,4,3,NA,former,0,0,0,28.7,0,101
63,male,5,1,0.26,former,0,0,0,25.4,0,104
50,female,4,4,NA,current,90,0,0,27.9,0,86
40,male,1,2,0.89,former,3360,1,0,31.3,0,90
68,male,3,5,5,never,960,1,0,27.2,0,86
45,female,5,2,3.23,never,0,0,0,23.3,0,91
56,male,5,5,2.34,current,0,0,0,27.6,0,104
42,female,4,5,2.78,never,60,0,0,33.7,0,98
79,male,4,2,4.76,former,0,0,0,27.2,1,25
63,female,4,3,1.34,former,0,0,0,25.8,0,91
49,male,3,3,2.86,current,0,0,0,23.8,0,104
71,male,3,3,2.04,former,0,0,1,27.7,0,100
40,female,1,2,1.79,never,90,0,1,32.8,0,89
48,female,4,3,1.61,never,0,0,0,33.2,0,90
65,male,5,5,2.43,former,210,1,1,24.4,0,85
42,male,1,1,1.07,former,0,0,0,32.7,0,95
80,female,2,3,3.21,never,0,0,0,28.2,0,91
64,female,5,1,1.12,never,0,0,0,25.6,0,92
75,male,4,4,2.39,former,0,0,1,30.2,1,30
42,male,1,1,1,never,720,1,0,26.5,0,85
57,male,3,5,5,never,240,1,0,25.6,0,105
80,male,3,2,0.95,current,0,0,0,15.7,0,92
80,female,1,1,1.3,never,0,0,0,35.3,1,31
63,female,4,1,0.36,former,0,0,1,44,0,91
56,female,3,5,5,former,540,1,1,26.7,0,104
80,male,4,2,3.65,former,0,0,0,24.2,0,86
54,female,5,5,5,never,1080,1,0,21.8,0,92
61,male,2,3,5,former,120,0,1,25.9,0,102
52,female,5,2,3.06,never,0,0,0,29.7,0,98
40,male,3,5,5,never,240,1,1,28.5,0,95
45,male,3,5,1.07,never,0,0,0,33.7,0,104
43,female,5,5,3.33,former,0,0,0,29.7,0,96
51,female,2,2,0,never,0,0,0,23.2,0,106
56,female,3,5,5,former,540,1,1,30.5,0,102
69,male,1,3,1.09,never,90,0,0,32,0,93
75,female,5,3,1.65,former,0,0,1,44,1,53
79,male,3,5,5,never,315,1,0,26.5,1,85
55,female,3,3,1.03,current,0,0,1,33,0,100
80,female,3,4,5,former,0,0,1,30.8,1,42
61,male,2,4,NA,former,220,1,0,31.9,0,96
62,male,3,3,1.29,never,150,1,0,25.5,0,90
73,female,3,4,1.29,never,0,0,0,31.5,0,100
75,female,2,1,1.02,never,0,0,0,28.9,0,88
56,female,3,3,1.29,never,180,1,0,29.4,0,88
40,female,2,2,1.29,current,0,0,0,48.3,0,109
40,female,4,3,0.99,never,270,1,0,34.1,0,98
46,male,4,5,4.44,never,1080,1,0,33,0,103
59,female,4,3,1.34,never,0,0,0,29.6,0,99
80,male,3,3,1.05,former,0,0,1,30.6,1,22
55,female,3,5,2.04,never,300,1,0,26,0,102
58,female,5,3,1.83,never,0,0,0,27.2,0,99
70,male,4,5,5,former,90,0,0,28.4,0,99
57,male,4,4,1.66,current,840,1,0,26.9,0,91
72,female,3,5,5,never,0,0,1,29.2,0,88
63,female,4,4,3.31,former,180,1,0,30.3,0,91
80,male,5,4,NA,former,0,0,1,20,1,74
53,female,3,4,NA,never,0,0,0,32.3,0,102
65,female,3,5,5,former,120,0,1,23.9,0,98
55,male,3,4,1.16,never,0,0,1,22.4,0,92
41,male,5,2,2.68,current,30,0,0,32.8,0,97
49,female,4,4,3.64,current,0,0,0,25.6,0,102
47,female,3,4,3.04,never,0,0,0,26.6,0,95
74,female,3,2,1.27,never,720,1,1,27.7,0,92
65,male,4,2,0.83,never,0,0,0,21.6,1,80
75,female,3,5,5,never,1260,1,0,24.3,1,63
43,female,4,1,5,never,0,0,0,21.7,0,97
47,male,4,4,2.02,never,0,0,0,29.5,0,86
50,female,1,4,0.5,never,0,0,0,29,0,95
53,male,4,5,2.16,current,45,0,0,35.2,0,108
58,female,5,1,5,never,0,0,0,27.3,0,93
66,male,4,2,0.68,former,120,0,1,31.4,1,70
47,male,5,5,1.64,never,0,0,0,22.2,0,88
59,female,5,3,0.64,never,0,0,0,23.4,0,85
77,female,3,5,1.97,never,0,0,1,48,1,71
45,female,4,3,2.72,never,0,0,0,25.2,0,87
68,male,3,4,2.24,former,300,1,0,31.9,0,102
56,female,3,4,5,former,0,0,0,27.7,0,85
57,male,2,5,5,never,140,0,0,30.3,0,94
56,male,4,3,NA,current,0,0,0,17,0,93
46,male,3,5,5,never,60,0,1,24.6,0,91
80,female,3,4,1.84,former,0,0,1,20.5,0,104
70,female,3,4,3.4,never,90,0,1,22.9,0,90
45,female,5,3,NA,never,0,0,0,26.3,0,92
42,male,4,3,1.79,never,0,0,0,31.2,0,89
53,female,4,4,4.34,never,120,0,0,35.6,0,92
62,male,4,3,4.23,never,1320,1,0,26.7,0,104
47,female,3,4,4.63,former,45,0,0,30.9,0,94
69,female,3,4,4.92,former,840,1,1,23.5,0,84
40,female,5,5,4.32,never,0,0,0,19,0,88
49,female,4,4,2.51,current,480,1,0,32.2,0,101
80,female,3,3,2.69,former,180,1,1,30.7,1,7
50,female,3,5,3.8,former,180,1,0,30,0,94
57,male,3,2,0.92,current,120,0,0,21.1,1,88
80,female,3,4,4.3,never,300,1,1,20.3,0,92
53,female,4,2,2.7,never,0,0,0,28.7,0,106
61,female,2,2,1.7,never,0,0,0,24.1,0,89
53,female,3,5,5,never,60,0,0,34.3,0,97
46,female,3,3,1.24,never,0,0,0,41.1,0,103
47,female,5,2,1.36,current,0,0,0,28.8,0,103
73,male,3,4,5,former,180,1,1,27.7,0,100
59,female,4,3,0.74,current,0,0,0,37.8,0,92
62,female,4,3,2.31,never,300,1,0,34.9,0,93
48,male,4,5,3.8,never,0,0,0,33.5,0,90
52,female,2,1,0.84,former,0,0,0,26.2,0,86
79,male,4,4,2.15,current,0,0,1,24.3,0,104
62,female,4,4,5,never,120,0,0,31.7,0,99
52,male,3,4,0.73,never,450,1,0,31.5,0,94
46,male,5,2,0.44,former,0,0,0,19.4,0,99
47,male,1,4,1.5,current,180,1,0,30.2,0,92
80,female,3,2,1.9,former,0,0,1,29.2,0,105
40,female,3,2,1.05,current,0,0,0,27.8,0,91
80,female,3,4,5,never,0,0,0,NA,1,43
40,male,5,5,5,never,360,1,0,20.7,0,102
69,female,5,1,0.96,never,0,0,0,29.9,0,101
60,male,3,5,5,former,540,1,1,26.5,0,93
47,male,3,4,0.79,never,0,0,0,31.1,1,20
70,female,4,1,1.18,never,0,0,1,39.2,1,60
46,female,5,4,5,never,60,0,0,28.4,0,97
67,male,4,3,0.82,never,0,0,0,42.1,0,91
63,male,3,1,0.87,never,0,0,0,29.5,0,100
61,male,2,1,1.01,never,0,0,1,21.5,0,87
63,female,4,4,5,never,0,0,1,28.1,0,100
43,female,4,5,3.04,never,0,0,0,28,0,94
80,male,3,1,NA,former,0,0,1,28.9,1,35
72,female,4,2,2.7,never,0,0,0,28.8,0,88
54,female,5,5,4.08,never,240,1,1,23,0,93
67,female,2,1,0.66,never,120,0,0,24.3,0,102
43,female,1,3,NA,never,240,1,0,26.3,0,97
40,male,5,2,0.45,current,0,0,0,30.8,0,87
42,female,3,2,3.25,never,0,0,0,31.2,0,96
65,male,4,3,0.48,former,0,0,0,26.1,0,89
49,female,5,2,2.6,never,0,0,0,24.9,0,97
46,female,3,3,1.3,never,360,1,0,27.6,0,98
62,female,4,3,5,never,0,0,0,33.6,0,97
46,male,3,4,1.93,never,0,0,0,47.1,0,110
80,female,3,4,1.24,never,10,0,1,19.8,1,105
51,female,3,5,5,current,60,0,1,19.8,0,93
53,female,4,3,NA,current,0,0,0,28.8,0,87
46,female,5,4,5,former,90,0,0,17.1,0,87
60,male,4,4,3.14,current,100,0,0,22.1,0,105
48,female,4,3,3.67,former,0,0,0,31,0,91
51,female,5,3,0.78,never,0,0,0,24.6,0,104
60,male,4,5,5,never,0,0,1,37.1,0,96
47,male,4,3,4.9,never,480,1,0,33.7,0,93
73,male,3,1,2.51,former,0,0,0,24.7,0,89
42,female,4,4,0.3,current,0,0,1,34,0,88
62,male,5,3,1.74,never,0,0,0,22.3,0,87
46,male,3,5,0.61,never,0,0,0,28.7,0,91
51,female,4,3,0.04,never,0,0,0,27.8,1,52
56,male,2,4,5,former,360,1,0,32.4,0,94
65,female,3,3,3.49,current,180,1,0,27.5,0,93
73,female,2,1,0.73,never,0,0,0,29.9,0,88
51,male,5,3,1.61,former,0,0,0,27.2,0,85
55,male,5,1,1.77,current,210,1,0,23.8,0,92
63,male,2,4,1.84,never,140,0,1,26.6,0,89
62,female,2,4,5,never,0,0,0,23.2,0,97
60,female,2,2,0.46,never,0,0,0,26.1,0,89
77,male,5,2,1.33,former,0,0,0,29.5,0,92
52,male,1,1,0.66,current,0,0,0,32.4,0,91
80,male,3,2,1.29,former,0,0,0,34.2,1,48
53,female,3,4,1.15,former,300,1,0,36.5,0,94
74,female,1,1,1.62,former,0,0,1,29.5,1,35
55,female,3,5,0.89,former,75,0,0,NA,1,78
62,male,5,4,5,never,1380,1,1,28.2,0,104
61,female,5,2,1.89,never,0,0,0,24.3,0,84
70,male,4,5,5,former,450,1,0,NA,0,84
80,female,4,5,0.97,never,175,1,0,25.8,1,0
80,female,3,4,2.24,former,0,0,0,23.2,0,90
55,female,3,4,0.22,current,0,0,0,26.2,0,95
65,male,5,4,1.33,never,900,1,0,19.9,0,94
43,female,5,5,5,never,225,1,0,24.6,0,93
44,female,3,4,4.41,former,60,0,0,20.9,0,92
80,male,3,4,5,former,630,1,0,26.2,0,102
80,female,3,1,1.31,former,0,0,1,20.5,1,76
61,female,4,4,1.96,former,150,1,0,49.2,0,92
62,female,3,5,5,never,0,0,0,30.7,0,93
73,male,5,5,NA,former,0,0,1,28.6,0,84
49,female,4,4,NA,former,75,0,0,36.7,0,90
55,male,4,5,5,never,420,1,0,42.5,0,89
61,male,1,4,NA,current,0,0,0,25.4,0,87
53,male,4,4,1.79,former,210,1,0,20.6,0,88
57,female,4,3,0.77,current,720,1,0,26.1,0,92
60,female,1,3,3.67,former,135,0,0,33.8,0,97
56,female,2,3,NA,never,210,1,0,35.9,0,97
80,female,3,3,1.29,never,60,0,0,27.3,0,94
47,male,5,5,5,current,510,1,0,26.9,0,105
57,female,2,2,1.7,never,0,0,0,27.3,0,89
47,male,5,5,5,former,0,0,0,22.3,0,93
80,male,3,3,1.32,former,60,0,1,25.6,1,66
61,female,3,5,5,never,0,0,0,32.7,0,99
41,female,3,4,1,current,840,1,0,22.1,0,90
44,male,3,3,1.31,current,240,1,0,29.2,0,96
51,male,5,5,3.51,former,420,1,0,26.4,0,91
80,female,3,5,NA,former,135,0,0,23.8,0,94
80,male,1,1,1.65,never,0,0,0,21.6,0,99
55,female,2,1,0.43,former,0,0,0,39.4,0,105
51,female,2,2,2.7,current,0,0,0,36.8,0,88
52,male,3,2,0.89,never,1080,1,0,29.7,0,97
77,male,3,2,3.3,former,0,0,0,23.9,1,51
66,male,1,1,1.85,never,225,1,0,29,0,101
44,female,3,4,2.17,former,0,0,1,31.9,0,103
42,female,3,5,5,former,0,0,0,29.8,0,92
43,male,1,2,1.3,former,440,1,0,29.8,0,101
42,male,3,5,5,never,300,1,1,36.1,0,102
57,female,3,5,1.19,never,0,0,0,28.6,0,102
52,female,2,5,3.3,never,135,0,0,36.9,0,101
71,female,3,3,NA,never,0,0,0,24,0,94
45,female,1,4,1,never,0,0,0,24.8,0,99
69,male,4,2,0.84,current,1680,1,0,19.9,0,88
40,female,5,5,5,never,0,0,0,19,0,93
60,female,4,4,1.65,never,80,0,0,26.1,0,89
43,female,5,4,5,former,600,1,0,32.9,0,84
50,female,3,4,3.78,never,0,0,0,30.9,0,103
44,male,4,3,3.4,current,540,1,0,22.4,0,106
60,female,3,5,5,never,260,1,0,19,0,105
53,female,4,4,0.65,former,0,0,0,30.4,0,97
40,male,2,5,1.83,never,360,1,0,30.3,0,100
52,male,5,2,0.67,former,0,0,0,29.7,0,91
68,male,3,4,0.86,former,300,1,0,32.7,1,67
63,female,3,5,4.89,never,0,0,0,39,0,90
47,female,1,1,1.15,never,0,0,0,33.5,0,109
49,female,3,5,5,current,0,0,0,32,0,94
71,male,3,2,5,never,0,0,0,29.7,0,98
59,male,4,3,2.31,current,0,0,0,22.4,1,72
40,female,2,3,NA,never,0,0,0,26.7,0,88
80,female,2,3,2.69,never,0,0,0,25.6,0,96
47,male,4,4,3.47,never,70,0,0,41.9,0,91
67,male,1,3,1.36,former,90,0,0,32.5,0,98
53,male,5,5,5,never,220,1,0,28.7,0,93
63,male,4,3,0.71,former,0,0,0,27.9,0,90
63,male,1,2,1.89,never,120,0,0,26.9,0,85
49,male,3,2,0.73,former,0,0,1,27.8,0,94
49,male,4,3,3.89,never,0,0,0,28.1,0,107
51,female,3,5,3.31,never,420,1,0,30.5,0,100
48,female,1,2,NA,never,0,0,1,27.6,0,94
40,male,3,5,0.87,current,0,0,0,26.3,0,89
78,female,4,2,1.35,never,0,0,1,40.2,1,93
77,male,4,3,1.34,never,0,0,1,23.3,1,21
76,male,4,4,5,former,90,0,0,29.1,0,103
42,male,4,5,4.21,never,600,1,0,24.7,0,92
52,male,3,2,0.36,never,0,0,0,24.9,1,41
80,male,3,3,1.03,current,0,0,1,21.3,1,11
76,female,5,4,3.58,former,0,0,1,25.6,0,103
80,male,3,2,NA,former,0,0,1,25.1,1,90
67,male,4,4,NA,current,0,0,0,25.9,0,96
62,male,4,3,2.31,current,0,0,0,24.7,0,96
69,female,3,4,4.92,never,0,0,1,24.9,0,96
80,female,5,4,NA,never,0,0,0,29.7,1,13
58,male,4,3,2.12,current,360,1,0,25.2,0,86
63,female,3,2,2.86,never,0,0,0,27.9,0,100
51,female,4,2,2.91,never,0,0,0,44.6,0,107
50,female,2,2,0.66,never,0,0,0,26.2,0,87
51,female,2,3,5,former,0,0,0,31.9,0,96
80,male,4,3,1.84,former,20,0,0,26.9,0,91
60,female,2,2,NA,former,600,1,0,29.9,0,87
49,female,5,2,0.96,current,420,1,1,26.3,0,93
54,male,3,4,2.04,current,60,0,1,25.5,0,109
80,female,2,1,1.07,never,0,0,1,30.3,0,104
55,male,3,5,5,former,60,0,0,30.5,0,84
56,male,4,4,5,former,120,0,1,27.3,0,98
80,male,2,2,2.17,never,0,0,1,25.1,1,16
45,female,4,5,5,never,80,0,1,33.8,0,94
54,female,5,1,1.25,never,0,0,0,23.2,0,91
45,female,3,4,1.08,current,0,0,1,28.1,0,87
50,male,1,1,4.59,current,0,0,0,28.5,1,35
54,male,5,3,1.24,current,0,0,0,32.6,0,94
42,male,1,3,3.78,current,165,1,0,32,0,88
52,female,4,4,4.05,never,0,0,0,24.3,1,27
80,female,3,4,3.22,former,120,0,0,27.9,0,88
56,male,3,5,5,never,125,0,0,36.7,0,102
68,female,3,3,NA,never,0,0,0,36.1,0,95
53,male,3,4,1.08,current,40,0,0,20.9,0,101
63,male,4,1,0.75,never,1500,1,1,22.3,1,8
41,male,3,4,2.6,never,240,1,0,28.7,0,96
80,female,3,4,5,former,300,1,0,28.2,0,106
63,male,2,4,4.56,never,0,0,0,33.3,0,103
43,male,3,5,5,never,60,0,0,31,0,92
65,female,2,4,5,current,420,1,0,22.5,0,92
70,female,3,3,1.16,former,0,0,0,33.1,0,105
41,female,2,1,0.93,never,0,0,0,31,0,105
56,female,2,1,2.44,never,0,0,0,34.1,0,97
67,male,3,5,0.87,former,0,0,0,36.9,0,87
65,male,5,4,5,former,500,1,0,29.5,0,104
75,female,3,4,4.69,current,0,0,1,23,0,106
61,male,3,5,5,never,1080,1,0,30.6,0,92
48,female,4,5,5,never,0,0,0,45.5,0,102
59,male,3,5,5,never,60,0,0,25.5,0,95
56,male,5,5,NA,former,0,0,0,26.1,0,91
47,female,2,3,0.82,never,0,0,0,24.6,0,103
57,female,3,4,3.47,current,0,0,1,23,0,101
48,female,1,1,NA,former,480,1,0,23.5,0,100
57,male,3,2,2.64,former,0,0,0,26.5,0,96
57,female,2,4,1.07,never,0,0,0,31.7,0,94
79,female,3,3,5,former,0,0,0,24.8,0,90
43,female,3,5,5,never,360,1,0,19.4,0,106
70,female,4,2,2.04,former,75,0,0,34.1,0,106
75,male,3,4,1.43,former,240,1,1,30.2,1,9
79,female,2,2,3.64,never,0,0,1,35,0,104
60,female,4,5,3.93,never,0,0,1,40.5,0,103
44,female,4,5,4.34,never,180,1,1,36,0,97
42,female,4,3,0,never,0,0,0,47.6,0,96
80,male,5,4,2.55,former,0,0,1,28.6,1,32
55,male,1,1,2.25,never,0,0,0,27,0,102
52,female,3,4,1.89,former,0,0,1,21.8,0,96
80,female,4,1,0.92,former,0,0,0,23.5,1,39
80,female,4,2,1.1,former,0,0,0,23.4,0,99
63,male,3,2,0.71,former,90,0,1,29.2,1,84
46,male,3,4,1.39,never,0,0,0,30.1,0,94
51,male,4,2,0.91,current,0,0,0,17.9,1,102
51,male,4,2,NA,former,0,0,0,31.4,0,88
80,male,3,3,1.16,former,0,0,0,35.7,1,40
56,male,3,4,3.4,current,0,0,0,23.7,0,104
78,male,3,1,0.41,never,0,0,1,28.2,0,87
41,male,1,1,3.58,never,0,0,0,40.2,0,97
46,male,1,4,4.48,current,0,0,0,34.7,0,83
80,female,3,5,1.88,former,0,0,1,26.1,1,90
67,female,3,1,2.04,former,270,1,0,28.9,0,94
45,female,4,4,3.02,never,0,0,0,29.3,0,107
71,male,3,4,5,former,0,0,0,NA,0,90
49,female,4,3,0.95,never,210,1,0,32.9,0,88
60,male,5,2,3.82,current,0,0,0,18.6,0,98
80,male,3,4,1.82,former,0,0,1,32.9,1,78
64,male,3,5,5,current,0,0,0,25.7,1,65
54,female,3,5,5,never,60,0,1,45.7,0,94
41,female,4,4,0,never,0,0,0,57.1,0,86
60,male,3,5,5,never,240,1,1,26.2,0,94
64,female,3,3,2.86,never,0,0,1,NA,0,101
49,male,3,5,5,never,1380,1,0,24.9,0,105
45,female,5,5,5,former,10,0,0,20.6,0,94
66,male,3,2,4.35,former,0,0,0,36,1,56
66,female,4,2,0.68,never,0,0,0,27.9,0,99
53,female,4,3,0.95,never,0,0,0,36.1,0,98
53,female,4,5,4.9,never,720,1,0,30.1,0,96
55,female,5,2,NA,never,0,0,0,24.9,0,91
42,female,3,4,3.24,current,0,0,0,27,0,101
77,male,4,5,5,former,0,0,0,24.6,0,99
63,male,3,4,5,former,240,1,0,30.3,0,102
47,male,3,5,5,never,0,0,0,25.8,0,86
60,male,1,4,2.97,never,0,0,0,34.1,1,82
62,male,3,5,0.81,current,0,0,0,28.1,0,91
60,male,1,2,0.89,current,0,0,0,29.8,0,87
80,male,4,3,0.9,never,0,0,1,30,1,36
49,female,3,3,0.73,current,0,0,1,33.8,1,29
44,female,4,2,1.69,never,600,1,0,35.8,0,86
75,male,5,4,0.99,never,0,0,0,24.3,0,93
77,female,5,4,0.87,never,0,0,0,24.3,0,88
45,male,3,3,3.35,never,500,1,0,30.9,0,106
46,male,3,2,1.21,current,420,1,0,21.1,0,100
73,male,4,3,1.52,current,0,0,0,20.2,1,64
56,male,1,1,NA,never,0,0,0,29.2,0,102
59,female,4,5,4.62,former,0,0,0,31.6,0,97
59,female,4,5,3.21,never,0,0,0,33.5,0,98
43,female,4,2,0.19,current,960,1,0,NA,0,96
70,male,3,2,3.4,never,0,0,1,36.1,0,106
75,female,3,1,0.55,former,0,0,0,27,0,90
52,male,4,3,1.88,never,0,0,0,22.1,0,91
71,male,2,2,NA,never,0,0,0,26.8,0,93
66,female,3,5,5,former,390,1,0,21.4,0,104
59,male,4,2,0.19,former,0,0,0,50.9,0,96
59,male,3,5,5,former,0,0,1,24.5,0,98
67,male,2,5,5,former,0,0,0,38.1,0,102
40,male,4,2,0.02,current,140,0,0,17.6,0,84
78,female,2,1,0.92,current,0,0,0,25.8,1,4
48,male,4,2,2.78,current,0,0,0,NA,0,85
46,female,5,4,1.48,never,45,0,0,23.8,0,96
63,male,3,4,2.16,never,175,1,1,25.1,0,104
57,male,5,3,1.36,current,0,0,0,20,0,90
63,male,2,1,2.62,never,0,0,0,23.4,0,103
44,female,1,3,3.78,former,180,1,0,34.3,0,89
43,female,5,5,5,never,160,1,0,18.4,0,96
46,female,5,5,5,former,960,1,0,29,0,92
46,female,4,5,5,never,0,0,0,24.5,0,91
49,male,1,2,2.97,former,300,1,0,28.5,0,92
45,male,3,4,3.13,former,180,1,0,27,0,97
49,male,3,3,0,current,0,0,0,23.8,0,95
68,female,3,4,5,former,180,1,0,23.8,0,99
50,male,2,4,0.4,current,45,0,0,23.5,0,85
61,male,3,3,2.2,former,0,0,0,28,0,100
55,female,3,5,0,never,0,0,0,39.7,0,98
74,female,3,5,5,current,0,0,1,21.4,1,73
40,male,4,3,5,current,0,0,0,45,0,98
45,male,1,3,1.03,current,0,0,0,27.4,0,100
61,male,4,4,NA,current,0,0,0,30.5,0,97
49,male,3,3,1.15,former,0,0,0,39.3,0,94
46,male,5,5,5,former,150,1,0,32.3,0,86
50,male,5,5,5,never,0,0,0,24,0,91
44,male,2,2,0.76,never,0,0,0,28.7,0,104
73,male,3,5,5,never,0,0,0,30.9,1,94
74,male,4,2,2.02,current,110,0,1,17.2,0,107
80,female,3,1,0.75,never,0,0,0,26.2,1,68
41,male,2,5,5,never,300,1,0,23.8,0,99
62,female,2,3,0.83,never,0,0,0,30.4,0,103
50,female,3,5,3.15,never,240,1,0,20.2,0,94
78,male,3,1,0.45,never,240,1,0,22,0,86
62,female,4,2,0.13,never,0,0,1,30.8,0,88
64,female,4,3,3.14,never,80,0,0,36.2,0,100
50,male,4,4,5,never,300,1,0,31.4,0,95
57,female,3,5,0.73,never,0,0,1,26.2,0,96
49,female,5,5,5,never,360,1,0,22,0,105
80,female,3,3,1.01,former,0,0,0,31.3,1,60
64,male,5,4,1.29,never,210,1,0,26.7,0,96
61,male,4,2,0.28,current,360,1,0,32.1,1,75
52,female,4,4,5,never,720,1,0,23.4,0,91
60,male,2,2,0.27,current,0,0,0,29.1,0,87
63,male,3,2,1.22,former,240,1,1,29.9,0,97
80,male,3,3,1.43,former,0,0,1,23.7,1,23
52,male,3,4,4.03,former,90,0,0,33.8,0,93
52,female,4,3,1.18,never,210,1,0,52.8,0,100
52,female,1,2,0.13,never,360,1,0,18.9,1,77
78,male,3,3,5,former,420,1,1,27.7,0,94
61,female,4,4,5,current,225,1,0,35.8,0,99
51,female,3,3,2.42,former,0,0,0,25,0,90
62,female,4,5,NA,never,60,0,0,28,0,97
53,male,3,1,0.96,former,0,0,0,29.9,0,98
54,male,1,4,3.24,never,0,0,0,30.4,0,98
52,male,3,4,1.25,never,0,0,0,33.4,1,64
51,female,3,5,2.04,current,240,1,0,17.5,0,106
71,female,2,1,2.66,never,0,0,1,20.7,1,94
62,female,3,3,1.75,former,600,1,0,29.9,0,94
79,female,4,2,0.73,never,0,0,0,27.9,1,40
50,female,2,3,1.57,former,160,1,0,37,0,105
63,female,5,4,3.93,former,300,1,0,27.4,1,80
78,male,5,1,1.17,former,0,0,0,23.2,0,84
62,female,4,3,5,never,0,0,0,22.7,0,99
55,male,3,4,1.03,current,240,1,0,27.5,0,101
65,female,1,1,0.48,current,360,1,1,38.4,0,103
49,male,5,5,5,never,360,1,0,30.1,0,92
71,female,1,1,NA,never,0,0,0,24.4,0,106
50,male,3,3,5,current,30,0,0,27.4,0,97
51,female,3,4,3.97,current,180,1,0,24.4,0,89
80,female,3,5,5,former,90,0,0,27.5,0,97
80,female,5,5,4.07,former,0,0,0,19.6,0,92
51,male,3,2,0.75,current,0,0,1,33.4,1,63
57,female,3,2,1.26,former,120,0,0,37.8,0,89
78,female,4,2,2.46,never,0,0,0,37,0,99
66,female,2,2,2.43,never,0,0,0,21.2,0,103
75,female,3,4,0.62,never,0,0,0,42.9,0,97
55,female,4,4,2.58,former,30,0,0,39.7,0,90
51,female,3,5,0.99,current,0,0,1,37.5,0,94
69,male,3,3,0.88,never,0,0,0,24.5,0,102
63,male,3,4,5,former,720,1,0,26.3,0,94
41,male,4,4,3.6,never,600,1,0,30.4,0,104
70,female,3,5,5,current,0,0,0,27.7,0,95
50,female,4,5,0.59,never,135,0,0,30.1,0,103
68,female,3,5,4.3,former,240,1,0,25.2,0,106
76,female,3,3,0.88,never,0,0,1,28.6,1,45
61,male,1,4,0.24,current,0,0,1,23.7,0,100
78,female,4,5,2.51,current,0,0,0,25,0,105
53,female,4,5,5,never,135,0,0,21,0,97
80,male,2,1,4.59,former,0,0,1,24.6,1,12
41,male,3,5,5,former,480,1,0,27.1,0,97
45,male,5,2,2.05,former,180,1,0,26.9,0,89
48,male,3,4,3.25,never,360,1,0,31.1,0,96
55,male,5,3,0.67,current,0,0,1,37.2,1,7
62,male,3,5,3.78,never,780,1,0,27.3,0,94
61,female,4,3,1.65,never,75,0,0,25,0,91
42,female,4,5,1.05,never,210,1,0,22.6,0,100
62,male,4,4,1.47,former,0,0,1,40.6,1,19
57,male,4,1,1.8,former,240,1,0,19.7,0,100
47,female,4,3,2.7,never,180,1,0,24,0,90
64,male,5,5,5,former,120,0,0,22.9,0,103
63,female,1,1,0.72,never,0,0,0,41.7,0,94
51,male,3,5,5,former,270,1,0,25.6,0,90
61,female,5,4,0.85,current,0,0,1,24.8,0,107
49,female,5,4,1.92,never,0,0,0,40.9,0,86
51,male,3,5,5,never,600,1,0,23,0,93
57,female,5,1,1.77,never,0,0,0,22.8,0,93
80,female,3,3,2.64,never,0,0,1,25.2,0,95
63,female,5,5,4.96,never,80,0,0,22,0,92
65,female,3,2,1.24,never,420,1,0,21.4,0,96
60,male,3,5,NA,never,0,0,0,19.2,0,93
46,male,5,4,3.4,current,0,0,0,22.2,0,89
60,male,4,3,1.13,never,0,0,0,22.4,0,103
55,female,3,5,5,never,360,1,0,29,0,105
68,female,3,5,1.26,never,240,1,0,30,0,105
49,female,1,1,NA,never,405,1,0,25.1,0,97
48,male,5,4,0.82,never,0,0,0,23.8,0,106
52,male,4,3,0.63,never,0,0,0,30.2,0,105
55,female,3,3,0.73,never,420,1,1,43.4,0,90
47,female,3,5,2.92,current,0,0,0,30.8,0,93
43,female,3,4,NA,current,390,1,1,27.9,0,105
53,female,3,4,NA,former,60,0,0,28.6,0,89
48,male,3,1,1.79,current,0,0,0,22.3,0,94
80,male,3,5,0.69,former,0,0,1,28.8,1,66
48,male,3,2,1.45,current,0,0,0,23.5,1,99
64,female,3,5,5,never,540,1,0,25.5,0,87
62,male,5,4,2.6,former,150,1,0,26.4,0,92
41,female,2,4,0.25,never,0,0,0,32.4,0,108
50,female,5,3,NA,never,450,1,0,27.7,0,93
50,female,2,1,0.93,current,0,0,1,14.3,0,106
47,male,3,5,0,current,240,1,0,28,0,93
68,female,3,4,5,never,900,1,0,22.5,0,88
41,female,5,5,2.62,never,30,0,0,23.4,0,102
57,male,1,1,1.12,former,120,0,0,18.5,0,90
69,male,4,2,NA,current,0,0,0,22.7,0,99
40,male,3,2,1.11,current,0,0,0,25.1,0,94
64,female,4,5,0.67,former,70,0,0,39.3,0,87
56,female,2,4,2.69,former,0,0,0,32.5,0,103
68,male,3,5,5,former,660,1,0,23.4,0,104
50,male,3,5,1.98,never,300,1,0,25.4,0,105
56,female,4,3,1.29,never,0,0,1,29.1,0,103
52,female,5,5,5,never,150,1,0,26.4,0,99
58,male,3,4,1.39,never,0,0,0,32.9,0,104
69,female,5,1,1.33,never,0,0,0,22.9,0,93
59,female,4,2,NA,current,0,0,1,33.4,0,107
67,female,4,4,2.04,never,0,0,0,41.8,0,89
80,female,2,2,2.17,never,0,0,0,23.7,0,104
52,female,4,4,2.67,never,0,0,0,26.9,0,97
52,male,4,5,NA,former,0,0,0,24.7,0,99
51,male,1,1,0.74,never,0,0,0,30.2,0,105
44,male,3,1,1.11,former,0,0,0,40.4,0,95
57,male,5,2,3.13,current,0,0,1,24.7,0,97
54,female,4,4,4.96,never,0,0,0,34.5,0,104
54,female,2,4,1.74,never,0,0,1,25.8,0,103
80,male,3,1,1.9,former,210,1,1,27.1,0,94
45,male,5,4,5,former,0,0,0,21,0,85
69,female,3,2,1.2,former,0,0,0,26.7,0,94
58,male,5,4,5,never,0,0,0,26.9,0,96
80,male,3,1,2.64,former,60,0,1,25.4,0,98
65,male,3,2,1,current,0,0,0,29.3,0,94
74,female,3,5,5,former,570,1,0,23.4,1,49
53,male,3,2,0.81,current,0,0,0,22.3,1,76
56,male,1,2,1.4,former,0,0,0,29.9,0,103
52,female,5,4,5,never,120,0,0,27.9,0,84
76,female,3,3,1.29,never,0,0,1,34.1,1,79
50,male,1,5,3.49,former,0,0,0,29.6,0,99
63,male,3,4,2.6,current,960,1,0,22.6,0,94
41,male,2,1,0.01,never,0,0,0,27.8,0,106
55,female,5,5,2.58,never,0,0,1,25.2,1,33
63,female,5,4,2.51,current,0,0,0,34.1,0,92
52,female,5,4,3.82,former,0,0,0,20.9,0,85
73,male,3,5,1.98,never,840,1,1,27.5,0,94
80,male,3,5,NA,former,0,0,1,22.1,1,76
60,female,3,5,0.83,former,0,0,0,27.7,0,106
48,male,5,4,4.32,never,0,0,0,25,0,88
80,female,3,5,3.97,never,0,0,1,26.2,1,3
42,male,1,5,1.48,former,0,0,0,36.7,0,105
80,male,3,4,2.64,former,240,1,1,18.8,1,43
43,female,2,5,1.74,never,140,0,0,28.7,0,89
55,male,3,4,2.22,current,60,0,0,21.6,0,90
54,female,3,2,1.22,former,0,0,0,37.7,0,97
63,male,4,2,1.77,current,0,0,1,22.7,0,90
49,female,4,4,5,never,0,0,0,33.6,0,91
41,male,3,2,2.83,former,720,1,0,27.9,0,107
40,male,2,4,0.76,former,0,0,0,28.7,0,97
64,male,4,3,2.04,never,0,0,0,41.2,0,97
54,female,1,2,NA,never,0,0,0,32.5,0,98
65,female,4,3,1.61,never,0,0,0,29.5,0,89
60,female,4,4,4.13,never,540,1,1,27.8,0,99
70,female,4,4,NA,never,120,0,0,34.6,0,104
40,female,3,4,3.81,never,240,1,0,31.9,0,91
51,female,3,2,1.56,current,0,0,0,40.1,0,106
70,male,3,3,1.16,never,15,0,1,24.4,1,46
53,female,4,4,0.68,current,0,0,0,28.7,1,34
47,female,4,4,5,former,0,0,0,28.3,0,100
48,male,3,3,2.81,current,1800,1,0,24.9,0,108
50,female,4,3,0.75,never,0,0,0,27.4,0,103
80,female,3,2,3.48,never,0,0,1,31.4,0,94
49,female,3,4,2.51,former,270,1,1,30.9,0,95
80,female,4,1,NA,former,0,0,0,21.9,1,39
43,male,1,1,1.53,current,0,0,0,29.3,0,104
40,female,4,4,2,never,175,1,0,22.8,0,99
80,female,3,2,2.45,never,0,0,0,26.6,1,83
41,female,4,3,1.08,former,180,1,0,40.2,0,88
51,female,3,3,1.1,former,0,0,0,36.7,0,92
65,male,2,1,1.07,former,60,0,0,25.8,0,91
71,female,3,4,0.55,former,0,0,1,29.3,0,88
60,female,5,3,NA,never,0,0,0,23.4,0,105
80,female,3,3,1.05,never,0,0,0,20.6,1,1
64,male,5,4,NA,former,240,1,1,27.5,0,89
55,male,2,3,4.19,former,0,0,1,27.3,0,105
56,female,4,3,0.4,former,0,0,0,37.1,0,98
63,female,3,4,1.1,current,0,0,1,32.8,0,101
70,female,3,4,1.98,never,0,0,0,36.8,0,94
54,female,3,4,0.86,former,120,0,1,37.1,0,99
68,male,1,4,NA,never,90,0,0,26.7,0,86
76,male,3,1,2.04,former,300,1,1,26.4,0,102
46,female,2,5,3.25,never,0,0,0,45,0,103
44,female,3,5,0.92,never,0,0,0,24.2,0,103
54,female,4,2,0.85,current,0,0,1,40,0,103
57,female,4,2,1.67,never,0,0,0,46,0,104
67,female,3,5,5,former,0,0,1,33.7,0,106
49,male,3,3,3.04,never,90,0,0,34.3,0,95
80,male,4,1,1.88,current,175,1,0,24.1,1,82
65,male,2,2,1.02,former,0,0,1,22.8,1,16
60,male,2,3,1.65,never,0,0,0,29.8,0,100
51,female,2,2,0.3,never,60,0,0,28.9,0,87
80,male,3,2,1.45,former,105,0,1,27.1,1,66
40,female,5,5,5,former,60,0,0,23,0,87
48,male,5,5,5,never,0,0,0,30.4,0,95
56,male,1,1,1.38,former,2100,1,1,29,0,106
60,male,4,3,5,never,0,0,0,39.8,0,106
66,female,4,2,0.76,current,0,0,0,31.4,0,98
47,male,4,4,1.02,never,0,0,0,34.4,0,97
41,male,3,3,1.85,former,360,1,0,30.6,0,96
50,female,2,3,2.57,never,120,0,0,27,0,100
53,male,4,5,NA,current,45,0,1,24.2,0,100
58,female,4,4,5,never,150,1,0,35.9,0,100
55,female,3,5,0.82,never,60,0,0,40.3,0,93
45,male,4,4,1.74,current,0,0,0,NA,0,104
56,female,3,4,5,never,0,0,0,20.4,0,104
59,male,3,5,3.92,never,0,0,1,30.5,0,88
49,male,1,3,0.81,never,180,1,0,24.7,0,106
75,male,4,1,4.08,current,200,1,0,23.9,0,87
41,male,5,5,5,never,0,0,0,21.3,0,103
55,male,5,4,0.75,current,0,0,0,22.6,0,91
65,male,5,3,NA,former,0,0,1,20.9,0,92
80,male,3,3,1.63,former,0,0,1,27.8,1,16
59,male,2,4,2.93,never,600,1,0,25.5,0,104
53,female,2,3,1.56,former,0,0,0,52.7,0,86
64,female,5,1,0.4,never,0,0,0,23.4,0,84
42,female,4,5,5,never,660,1,0,22.2,0,93
48,female,4,3,NA,never,0,0,0,54.5,0,88
51,female,4,5,5,never,0,0,0,31,0,92
80,female,3,4,2.68,never,0,0,1,22.5,1,56
80,female,4,4,5,never,0,0,1,23.2,0,97
60,male,4,3,1.3,current,0,0,0,31.3,0,88
46,female,5,5,5,never,0,0,0,19.9,0,87
65,male,4,1,NA,never,0,0,0,28.1,0,86
58,male,3,5,5,former,40,0,0,23.8,0,87
49,female,2,5,2.17,never,900,1,0,29.4,0,99
74,male,3,5,3.8,former,200,1,0,29.8,1,84
61,male,4,5,0.36,current,840,1,0,22.3,0,97
65,male,3,4,2.89,former,0,0,0,22.6,0,93
73,female,3,3,2.92,never,540,1,0,28.3,0,93
80,male,3,3,3.48,former,0,0,1,27,1,50
70,female,3,5,5,never,0,0,1,41.9,0,109
55,male,3,2,0.52,current,0,0,1,27.2,0,101
69,male,4,2,1.56,former,40,0,0,32.1,0,98
51,male,5,5,3.62,former,80,0,0,29.5,0,97
76,female,3,4,4.3,never,0,0,0,30.1,0,94
54,female,5,1,1.34,never,120,0,0,22.5,0,93
74,male,3,1,1.16,former,0,0,0,28.6,0,96
46,female,3,5,4.03,never,90,0,0,24.3,0,93
70,female,4,3,NA,never,0,0,0,26,0,102
53,male,3,4,1.34,current,300,1,0,22.9,0,95
77,male,3,2,1.12,former,0,0,0,28.1,0,100
67,male,1,1,0.95,former,0,0,0,38.5,0,101
64,male,4,5,1.88,current,0,0,0,30.7,1,40
45,female,3,2,0.73,former,0,0,0,33,0,94
68,male,4,3,5,former,0,0,0,23.5,0,99
53,female,5,5,3.67,never,0,0,0,38.3,0,87
80,male,3,5,1.98,never,0,0,0,26.2,0,105
47,female,4,4,5,never,240,1,0,27.6,0,94
68,female,4,4,1.1,never,300,1,0,29,0,87
59,male,4,1,0.74,current,0,0,1,18.4,1,58
48,female,4,5,1.16,current,0,0,0,38.8,0,97
54,male,2,2,1.29,former,120,0,1,26.8,0,98
61,female,2,5,5,never,225,1,0,28.9,0,97
40,female,2,1,NA,never,75,0,0,25.4,0,104
63,male,1,1,1.07,former,70,0,0,30.3,0,89
80,male,3,1,1.33,never,0,0,1,31.7,0,94
67,female,2,1,1.34,former,120,0,1,33.8,0,102
74,male,3,4,5,never,0,0,1,26.4,1,67
80,male,3,4,1.02,former,0,0,0,25.9,0,106
63,male,2,5,0.9,never,15,0,0,27.5,0,104
40,female,3,4,4.17,never,0,0,0,24.3,0,104
80,female,3,5,1.12,never,160,1,0,20.8,0,85
42,female,3,4,3.4,current,40,0,0,20.1,0,93
80,female,3,4,5,never,0,0,1,29.5,0,94
63,male,3,5,3.97,never,0,0,0,23.7,0,93
60,female,4,3,2.36,former,840,1,0,29.4,0,102
40,male,3,4,3.4,current,0,0,0,20.9,0,93
64,female,4,4,0.75,never,0,0,1,33.8,0,96
52,female,3,4,1.18,current,135,0,0,37.5,0,93
53,male,4,4,NA,never,660,1,0,28,0,89
62,male,3,2,1.52,former,0,0,1,40.7,1,31
77,female,4,2,0.87,never,0,0,0,24.8,1,73
52,female,4,4,NA,former,75,0,0,42.6,0,86
64,male,4,2,NA,current,0,0,0,28.4,0,97
42,female,5,5,5,never,570,1,0,20.6,0,88
50,female,4,4,NA,never,420,1,0,48,0,90
50,female,5,4,5,never,0,0,0,32.1,0,85
57,female,3,5,5,never,0,0,0,34.6,0,101
45,female,3,4,3.51,former,180,1,0,25.1,0,84
80,male,3,3,NA,never,0,0,1,NA,1,53
61,male,4,2,5,former,0,0,1,27.5,0,99
59,male,3,5,0.41,former,240,1,0,22.5,0,94
53,male,3,4,0.92,current,315,1,0,31.3,0,91
52,female,4,3,0.57,never,1200,1,0,34.8,0,89
53,female,5,1,NA,never,0,0,0,22.7,0,106
47,male,3,5,5,never,410,1,0,29.7,0,102
50,female,4,2,2.04,current,0,0,0,NA,0,97
48,male,2,5,0.73,never,0,0,0,27.1,0,105
53,female,3,2,3.13,current,0,0,0,22.7,0,97
77,female,3,2,0.04,former,0,0,0,32.4,0,94
49,female,1,3,1.97,never,0,0,0,37.5,0,102
57,male,1,2,0.46,former,0,0,1,22.9,1,63
41,female,1,3,2.44,former,0,0,0,26.3,0,99
49,female,1,1,0.51,never,420,1,0,28.3,0,94
65,male,4,4,5,former,90,0,0,32.4,0,95
57,female,3,5,2.04,never,420,1,0,42.4,0,102
45,male,2,5,3.36,never,120,0,0,33.3,0,99
43,female,4,1,0.4,former,0,0,0,33.6,0,91
72,male,3,5,NA,never,0,0,0,29.2,0,95
56,female,2,3,1.1,never,240,1,0,32.1,0,87
62,female,3,3,0.98,former,0,0,1,35.9,1,23
68,female,4,2,1.07,former,0,0,1,51.8,0,97
54,female,5,1,2.5,never,0,0,1,22.6,1,62
43,male,1,3,2.46,former,0,0,0,28.4,0,100
69,male,3,5,2.7,current,0,0,1,37.8,1,76
41,female,3,2,0.93,current,45,0,0,30.4,0,91
43,female,5,3,NA,never,360,1,0,28.8,0,105
77,male,4,2,1.77,former,450,1,0,31.1,1,79
42,male,4,5,5,never,600,1,0,28.5,0,93
72,male,2,2,NA,current,0,0,0,25.4,1,66
46,male,4,4,NA,never,0,0,0,37.5,0,87
60,female,4,2,0.75,never,0,0,0,27.3,0,91
42,male,5,5,NA,never,720,1,0,23.6,0,94
49,male,5,1,NA,never,0,0,0,25.4,0,84
61,male,4,3,2.28,never,240,1,1,26.8,0,96
68,female,2,1,1.12,never,720,1,0,28.9,0,97
67,female,4,3,0.31,current,0,0,0,36.8,0,90
54,female,1,4,3.24,never,0,0,0,28.4,0,99
68,female,4,4,NA,never,0,0,0,34.1,0,91
65,female,1,4,3.97,never,0,0,0,29.4,0,104
48,female,5,4,0.88,former,0,0,0,59.7,0,96
67,female,5,5,3.4,never,240,1,0,40.1,1,94
80,male,3,3,4.08,never,180,1,1,23.2,1,84
66,female,3,5,4.55,never,0,0,0,35.1,0,103
40,male,3,1,1.73,current,0,0,0,27.9,0,95
60,male,3,5,5,never,0,0,0,27.5,1,77
69,male,4,3,0.84,former,0,0,1,26.7,0,78
54,male,3,3,1.78,current,0,0,0,28.6,1,58
72,male,3,4,4.51,former,180,1,1,28.9,0,82
73,female,3,5,5,never,0,0,0,19.7,1,9
56,male,1,4,4.79,former,0,0,1,41.7,0,68
61,female,3,5,5,never,0,0,0,35.7,0,62
56,female,3,3,0.48,current,0,0,0,26.5,0,76
65,male,3,2,1.2,current,0,0,0,22,0,78
76,male,3,5,5,never,220,1,1,34.4,0,68
50,male,5,5,5,never,480,1,0,23.6,0,72
58,male,2,4,3.09,former,0,0,0,31.2,0,68
57,female,5,5,5,former,40,0,0,38.3,0,71
50,female,4,4,2.18,never,0,0,0,32,0,67
69,female,3,4,2.44,current,360,1,1,24.2,0,80
75,male,3,3,1.08,former,0,0,0,38.9,1,8
43,male,3,5,2.03,never,150,1,0,28.9,0,78
60,female,4,2,5,never,0,0,0,39.1,0,65
55,female,3,3,1.29,current,0,0,0,21.6,0,65
65,female,2,1,1.22,current,0,0,0,26,1,72
62,female,3,4,5,former,630,1,0,24,0,74
54,female,3,5,NA,never,180,1,1,32.7,0,73
80,male,3,5,5,former,90,0,1,24.6,0,75
72,male,3,5,5,never,600,1,0,28.9,0,68
72,female,4,3,0.78,never,0,0,1,26.7,1,66
80,male,3,4,3,former,400,1,1,23.6,1,32
56,female,4,2,0.71,current,0,0,0,39.1,0,68
43,female,3,5,3.56,never,360,1,0,30.5,0,69
63,female,5,4,2.18,current,0,0,1,24.8,0,72
71,male,3,2,1.45,former,0,0,1,30.3,0,69
67,female,4,4,2.23,never,360,1,0,22.1,0,79
64,female,3,4,0.77,current,50,0,0,19.3,0,66
57,female,3,3,2.27,current,60,0,0,37.8,0,69
62,male,5,4,0,former,1200,1,0,25.8,0,80
54,female,3,4,5,former,0,0,0,29.2,0,74
61,female,2,3,3.53,current,0,0,1,27.7,0,82
54,female,4,3,3.81,current,0,0,0,36.4,0,80
46,male,3,1,1,never,0,0,0,36.2,0,65
44,male,4,3,1.79,never,180,1,0,31.2,0,72
54,male,3,5,4.25,never,0,0,0,28,0,67
70,female,3,4,1.93,never,0,0,0,46.1,0,80
59,male,5,5,1.82,former,210,1,0,24.7,0,71
59,male,1,1,0.03,never,0,0,1,35.1,0,83
70,male,5,5,3.81,former,300,1,1,26.3,1,48
71,female,1,1,0.87,never,0,0,0,34.8,0,81
49,male,4,2,0.86,never,0,0,0,21.3,0,79
73,male,3,4,5,former,0,0,0,27,0,83
45,male,3,5,5,never,0,0,0,19.3,0,69
45,female,3,5,NA,never,810,1,0,21.5,0,60
44,male,3,4,2.73,current,0,0,0,37.6,0,79
61,female,4,4,5,never,0,0,1,36.4,0,74
51,male,3,2,1.02,former,0,0,0,33.7,0,82
64,male,5,5,5,never,25,0,0,24.8,0,78
58,male,3,3,4.45,former,600,1,0,33.6,0,67
77,female,3,4,3.09,never,150,1,1,21.4,0,61
65,male,2,3,1.61,never,60,0,0,23.8,0,67
78,female,3,2,0.78,former,0,0,NA,35.2,0,64
66,female,3,3,4.51,never,0,0,0,26.8,1,55
57,female,3,5,3.18,never,660,1,0,22.5,0,70
47,male,5,5,4.19,former,200,1,0,24.6,0,70
48,female,3,2,3.81,current,0,0,1,46.2,0,78
54,male,3,4,1.44,current,60,0,0,30.8,0,65
45,male,4,3,0,never,150,1,0,32.2,0,61
69,male,1,5,5,former,0,0,1,25.9,1,15
64,male,4,3,2,never,0,0,1,30.9,0,71
78,male,4,3,1.89,never,0,0,0,32.5,0,74
53,male,4,4,1.02,current,0,0,0,26.5,0,64
48,male,4,3,3.03,never,0,0,0,40.9,0,76
80,female,4,4,3.31,never,360,1,1,24.6,0,81
77,male,3,4,5,never,0,0,1,33.4,0,77
80,female,3,4,3.05,never,0,0,0,25.1,1,17
67,female,1,3,1.34,never,0,0,0,23.6,0,64
46,male,3,4,2.59,former,0,0,0,36.2,0,63
48,male,1,3,1.28,current,0,0,0,26.4,0,65
80,male,3,3,3.18,never,900,1,1,22.5,1,39
55,male,4,5,NA,never,300,1,0,30.5,0,76
57,female,5,4,2.52,never,0,0,0,27,0,80
47,female,1,1,NA,never,0,0,0,33.4,0,80
64,female,3,4,1.22,current,0,0,1,19.1,0,81
80,female,2,5,5,never,80,0,0,30.1,1,32
61,female,3,3,0.64,current,360,1,0,30.5,0,77
75,male,1,2,1.63,former,0,0,0,22.8,1,39
56,male,3,4,NA,former,0,0,1,25.6,0,75
64,male,3,3,1.27,current,0,0,0,21.3,0,69
54,male,1,4,0.64,current,840,1,0,22.2,0,82
75,female,3,4,1.75,former,45,0,1,36,0,64
42,male,2,5,NA,former,800,1,0,28.5,0,77
50,female,3,4,4.77,never,0,0,0,40.3,0,76
80,female,4,4,NA,never,0,0,0,23.4,0,76
62,male,1,4,2.08,former,195,1,0,52.3,1,52
62,male,3,3,0.04,current,420,1,0,18.1,0,76
78,male,3,5,NA,never,0,0,0,24.1,0,73
48,female,3,4,NA,never,0,0,0,30.2,0,68
68,male,3,3,1.08,former,720,1,1,23.2,1,74
46,male,5,5,5,never,360,1,0,26.2,0,75
71,male,4,1,3.07,former,0,0,0,28.2,0,62
59,male,3,5,3.08,former,0,0,0,30.2,0,77
68,female,3,5,5,never,0,0,1,28.9,0,76
59,male,3,3,5,former,0,0,0,29.9,0,63
57,female,3,4,1,former,0,0,1,64.7,1,4
54,female,3,3,1.29,former,0,0,1,54.2,0,68
46,female,2,3,4.67,never,240,1,0,23,0,61
55,male,1,1,0.87,former,420,1,0,30.8,0,82
63,male,4,3,5,former,0,0,0,32.2,0,80
50,female,3,3,5,never,0,0,0,27.8,0,77
53,female,3,4,2.58,never,0,0,0,33.5,0,62
52,female,3,4,1.33,current,90,0,0,25.6,0,65
48,male,2,4,2.25,never,0,0,0,26.9,0,81
64,male,3,5,1.32,former,180,1,0,31.8,0,63
72,female,4,4,3.22,current,0,0,1,25,0,77
64,male,2,3,1.54,former,0,0,0,27.8,0,62
56,male,3,3,3.2,never,120,0,1,28.6,0,82
56,female,3,5,5,never,0,0,0,28.9,0,78
64,female,5,5,5,never,360,1,1,27.2,0,82
48,female,5,3,1.4,former,120,0,1,34.5,0,62
64,male,5,5,NA,never,30,0,0,22.2,0,81
68,male,3,4,2.53,never,0,0,1,35.4,0,73
77,female,3,5,1.89,former,0,0,1,31.2,1,24
53,male,1,1,1.2,never,0,0,0,30.4,0,74
42,male,5,4,1.25,never,1080,1,0,28.3,0,76
70,female,3,3,1.65,never,0,0,0,39.1,0,76
65,female,3,5,1.03,former,660,1,0,41.1,0,63
48,female,1,5,5,never,60,0,0,27.9,0,60
40,female,1,2,1.63,never,0,0,0,30.5,0,61
52,male,4,3,1.14,former,0,0,0,26.6,0,77
53,male,4,2,2.18,current,0,0,1,22.6,0,76
77,male,3,5,5,never,20,0,0,34.7,0,81
61,female,3,3,1.28,never,280,1,0,44.2,0,72
62,female,3,4,1.21,never,90,0,0,31.5,0,73
48,male,3,3,1.04,current,0,0,0,20.9,0,69
47,female,2,4,4.67,former,0,0,0,50.9,0,65
63,female,5,4,NA,never,0,0,0,28.1,0,82
80,male,5,3,2.26,former,420,1,0,26.1,1,10
43,male,2,3,1.65,former,540,1,0,28.2,0,74
45,female,4,2,2.58,never,0,0,0,25.4,0,68
58,female,3,4,2.03,current,60,0,0,19.3,0,80
50,female,3,3,2.13,current,0,0,0,41.6,0,59
67,male,1,1,0.19,never,210,1,0,39.9,1,14
43,male,1,4,3.82,never,60,0,0,30.7,0,68
64,female,2,5,5,never,2430,1,0,31.2,0,81
56,male,3,5,5,never,60,0,0,33,0,67
57,male,4,5,5,never,0,0,1,42.3,0,80
66,male,3,5,5,former,1200,1,0,26.6,0,62
54,male,3,4,5,never,1680,1,0,24.7,0,82
67,male,3,3,3.22,current,0,0,1,29.9,0,68
51,male,5,5,5,never,120,0,0,22.2,0,71
52,female,5,4,NA,current,90,0,0,24.8,0,75
61,male,4,4,0,current,0,0,0,31.1,0,80
80,female,3,5,1.06,former,0,0,1,NA,1,31
75,female,3,4,1.37,never,0,0,1,42.7,0,79
60,male,2,2,0.83,former,120,0,0,28.7,0,69
64,male,1,3,3.33,never,0,0,0,30.9,0,82
70,female,4,4,5,never,120,0,1,34.4,0,72
63,male,2,4,NA,current,0,0,0,24.2,0,72
41,female,1,1,0.89,never,0,0,0,22.4,0,68
53,female,3,4,5,current,0,0,0,26.8,0,84
66,male,3,4,1.74,former,0,0,1,37.6,1,27
48,male,1,3,0.73,former,1500,1,1,32,0,67
42,male,1,4,0.17,former,0,0,NA,39.2,0,80
45,female,3,4,4.25,former,120,0,0,23.9,0,75
49,male,4,3,1.37,former,0,0,0,31.9,0,76
45,male,4,5,5,never,0,0,0,29.9,0,65
75,female,4,4,4.11,never,300,1,0,29.5,0,65
64,female,3,4,1.02,current,0,0,0,25.4,1,53
61,female,3,3,5,never,180,1,0,25.9,0,60
43,male,2,1,NA,former,0,0,0,22,0,74
43,female,2,2,2.78,never,0,0,0,38.4,0,75
56,male,1,4,1.03,never,0,0,0,34.9,0,81
50,female,5,5,5,never,0,0,0,25.5,0,70
57,male,3,4,0.64,current,240,1,1,26.7,0,74
40,female,5,5,3.07,never,450,1,0,23.5,0,80
66,male,3,5,5,never,1260,1,1,26.2,0,74
48,male,4,4,0.86,current,120,0,0,42.4,0,82
63,male,4,2,4.04,former,0,0,0,39,0,75
68,female,4,3,0.77,former,120,0,1,35,1,61
71,female,3,4,2.58,former,60,0,0,33.3,0,68
49,female,3,4,3.18,former,100,0,0,31.4,0,78
40,male,3,3,1.61,never,0,0,0,28.9,0,67
55,male,4,5,5,never,0,0,0,29.6,0,76
68,female,1,1,1.27,never,0,0,0,30.4,0,62
56,female,3,4,5,former,10,0,0,23.1,0,76
60,male,1,1,NA,former,140,0,0,28.7,0,83
49,male,5,5,3.4,never,360,1,0,22.6,0,72
66,female,1,1,0.35,current,0,0,0,30.8,0,61
45,male,3,4,1.63,current,0,0,0,27.7,0,79
42,male,4,2,2.19,never,360,1,0,20.5,0,79
57,female,4,2,1.05,never,0,0,1,20.8,0,80
47,female,3,5,4.25,never,300,1,1,31.9,0,67
80,male,3,5,5,never,0,0,1,24.2,1,16
43,male,4,2,NA,never,0,0,0,35.6,0,68
54,female,4,4,0.13,never,0,0,0,38.4,0,72
60,male,1,3,NA,former,0,0,0,27.4,0,73
41,female,5,5,0.86,never,60,0,0,32.2,0,71
73,male,3,3,0.86,current,150,1,0,18,1,63
41,female,3,4,5,former,600,1,0,23.7,0,75
40,female,1,2,0.67,never,0,0,0,26.4,0,80
80,male,3,3,1.78,former,140,0,0,26.4,0,73
62,female,4,5,2.29,never,0,0,0,16.8,0,70
44,female,3,4,1.27,never,60,0,1,25.1,0,63
40,female,3,3,3.28,former,720,1,0,23.9,0,78
57,male,1,1,2.69,former,0,0,0,26.1,0,72
63,female,4,5,2.19,never,0,0,0,47.2,0,64
60,female,4,2,1.15,current,2520,1,0,34.2,0,64
57,male,3,5,5,never,460,1,0,28.2,0,80
67,female,5,2,0.81,never,0,0,0,31.7,0,81
71,female,3,5,3.92,never,330,1,1,23,0,74
56,male,2,3,0.49,former,0,0,0,28.8,0,71
59,female,3,5,5,never,180,1,0,40.7,0,74
63,male,4,4,1.29,former,420,1,0,24.3,0,71
59,male,4,2,0.43,current,1680,1,0,38.6,0,61
63,male,3,4,5,never,195,1,1,23.9,0,72
80,male,3,4,1.39,never,0,0,0,30.2,0,68
67,female,4,4,2.57,never,60,0,0,30.1,0,72
80,female,3,4,1.18,never,0,0,1,32.1,0,63
59,female,1,1,3.79,never,300,1,0,25.9,0,61
80,female,3,5,2.14,never,0,0,1,26.4,0,61
53,male,3,2,0.58,former,0,0,0,26.9,0,82
40,female,3,4,3.17,former,330,1,0,37,0,68
44,male,1,3,0.82,current,0,0,0,28.7,0,73
69,male,4,1,1.67,former,80,0,0,31.7,1,15
59,female,3,3,1.77,never,90,0,0,24.9,0,81
60,male,2,3,1.12,former,0,0,0,24.3,0,66
61,female,5,4,5,never,350,1,0,23.9,0,80
80,male,3,4,1.27,never,150,1,0,31.2,0,67
71,female,3,4,2.26,never,420,1,0,20.2,0,81
53,female,4,4,3.92,never,0,0,0,42.6,0,62
71,female,4,3,1.5,never,315,1,0,26.9,0,71
56,male,5,1,1.22,former,0,0,0,NA,0,66
62,female,4,2,3.54,never,0,0,0,33.1,0,80
51,female,5,4,3.03,never,0,0,0,21.3,0,66
69,male,1,3,1.64,former,0,0,0,32.4,0,82
63,female,5,4,0,never,0,0,0,21.1,0,60
71,female,3,5,5,former,40,0,1,43,0,80
61,male,4,2,1.92,never,0,0,0,40.4,0,74
51,male,1,1,3.79,former,120,0,0,31.1,0,67
50,male,4,1,0.57,never,0,0,0,23.9,0,65
79,female,3,4,0.97,never,100,0,0,36.2,0,81
42,female,3,5,1.42,never,0,0,1,30.9,0,73
54,female,1,2,0.77,former,0,0,0,27.3,0,77
74,female,4,2,0.85,never,0,0,0,NA,0,61
59,female,3,2,NA,never,0,0,0,27.9,0,65
52,female,4,4,2.43,former,135,0,0,49.2,0,72
66,female,2,3,3.4,former,150,1,0,33.3,0,81
56,male,4,5,5,never,990,1,0,31.6,0,81
43,female,2,5,1.23,former,60,0,0,19.8,0,76
80,female,3,4,0.85,never,0,0,0,28.9,1,59
51,female,5,1,0.5,never,0,0,0,21,0,69
53,female,4,5,5,never,960,1,0,29.7,0,73
63,female,3,4,3.81,former,0,0,0,31.8,0,67
55,female,5,4,5,never,0,0,1,19.9,0,61
80,male,3,5,NA,never,0,0,1,23.8,1,5
56,female,3,4,3.22,former,660,1,0,27.3,0,77
66,female,3,3,1.04,never,840,1,1,38.7,0,74
66,female,2,3,3.48,current,60,0,0,29.4,0,60
51,female,4,2,1.53,never,0,0,0,24.6,0,75
65,male,5,5,5,former,0,0,0,22.2,0,72
74,female,2,3,0.77,former,840,1,1,33.9,0,62
47,female,2,5,5,never,60,0,0,28.7,0,61
74,male,5,5,5,former,60,0,0,21.9,0,80
45,male,3,2,1.63,current,360,1,0,23.8,0,70
66,male,3,3,1.16,former,0,0,0,22.9,0,67
67,female,2,3,1.74,never,0,0,0,30.4,0,62
78,female,4,3,0.86,never,0,0,0,34.1,0,67
44,male,1,1,3.07,current,540,1,0,28.9,0,66
67,female,4,2,2.44,never,240,1,0,31.1,0,61
51,female,3,5,5,current,0,0,0,47.7,0,68
74,female,4,5,4.53,former,30,0,1,32.5,0,75
72,male,3,4,3.22,former,120,0,1,29.6,0,76
74,male,3,3,4.77,former,0,0,1,21.1,1,9
77,male,4,3,1.93,former,240,1,0,23.6,0,62
71,male,3,5,3.17,former,0,0,0,39.3,0,64
52,female,4,3,0.51,never,0,0,0,26,0,77
70,female,3,3,0.74,former,0,0,1,27.4,0,62
46,female,1,2,0.84,never,0,0,0,33.9,0,64
62,female,3,4,0.46,never,0,0,0,24.4,0,64
51,female,3,3,5,current,0,0,0,34.7,0,76
62,female,1,2,1.03,former,120,0,0,44.9,0,83
42,female,5,5,3.93,never,0,0,0,22.1,0,80
80,female,3,5,NA,former,240,1,0,24.4,0,63
49,female,1,1,2.86,never,0,0,0,28.3,0,67
58,male,4,4,1.31,never,0,0,0,42.7,0,76
60,male,4,3,3.74,never,315,1,1,36.2,0,77
48,male,3,5,2.51,never,360,1,0,38.4,0,77
63,female,3,3,1.13,never,0,0,0,24.6,0,68
44,female,1,3,0.81,never,0,0,1,NA,1,11
80,female,3,3,1.72,former,0,0,0,27.9,0,79
46,male,4,5,5,never,20,0,0,30,0,77
50,female,3,5,5,former,90,0,0,32.4,0,75
62,male,2,4,1.84,former,600,1,1,37.5,0,65
80,male,3,4,0.83,never,0,0,0,31.4,1,9
71,male,3,4,1.05,never,300,1,0,22.9,0,79
62,male,1,5,0.91,former,60,0,1,33.3,0,82
60,female,5,2,4.83,current,120,0,1,27.8,0,78
80,female,3,3,1.21,never,0,0,1,18.9,1,54
50,male,5,5,3.63,never,720,1,0,26.1,0,62
52,female,3,4,3.2,current,490,1,0,19.8,0,84
68,female,5,5,0.73,never,420,1,0,19.7,0,78
79,female,3,3,1.93,former,0,0,1,43.1,0,80
44,male,2,1,2.52,never,0,0,0,28.5,0,80
46,male,5,1,NA,former,40,0,0,21.7,0,69
43,male,3,5,5,never,840,1,0,28.6,0,69
41,male,3,5,5,current,90,0,1,25.8,0,78
60,male,2,4,5,never,150,1,0,23.1,0,73
56,male,3,5,3.14,never,200,1,1,27.2,0,81
70,male,3,5,3.87,never,300,1,0,26.3,0,76
45,female,4,4,2.97,never,410,1,0,28.1,0,72
57,female,2,3,5,former,0,0,0,29,0,70
52,male,3,3,NA,current,0,0,0,30.2,0,72
65,male,5,3,5,former,0,0,0,NA,0,69
61,male,3,4,NA,never,225,1,0,27.6,0,78
63,male,4,5,4.13,current,0,0,0,22.3,1,51
61,female,3,4,2.31,never,90,0,0,28.2,0,79
74,male,3,1,NA,current,0,0,1,26.4,1,68
53,female,3,3,2.52,current,0,0,0,35,0,60
70,female,5,4,2.9,never,210,1,1,22.6,0,63
63,female,1,3,0,former,0,0,0,22,0,68
43,male,4,5,2.53,never,270,1,0,25.5,0,65
64,male,2,4,4.19,never,720,1,0,29.7,0,74
73,male,3,5,3.87,never,0,0,0,31.2,0,74
57,male,5,4,3.58,never,0,0,0,24.8,0,61
51,female,4,3,2.27,never,105,0,0,36.8,0,61
77,male,3,4,1.74,former,0,0,1,35.7,0,81
49,female,3,4,1.75,current,0,0,1,28.5,0,73
80,female,3,3,2.09,never,0,0,0,29,0,73
56,female,4,4,2.16,never,0,0,0,51.3,0,78
76,female,3,3,NA,current,0,0,1,23.8,0,63
47,male,3,4,0.86,current,450,1,0,33.6,0,69
62,female,3,3,3.05,former,45,0,0,36.7,0,66
60,male,4,3,NA,never,0,0,0,31.7,0,75
55,male,5,3,3.14,former,75,0,0,28.7,0,73
63,male,4,4,3.69,former,60,0,0,30,0,70
47,male,3,4,3.56,never,360,1,0,30.4,0,70
64,female,3,5,1.1,former,0,0,0,34,0,67
77,female,2,2,0.78,never,0,0,0,29,1,74
45,male,5,5,5,never,540,1,0,26.5,0,80
61,female,3,3,0,former,120,0,0,43.3,0,72
58,female,4,5,3.77,never,0,0,0,33,0,62
45,male,3,4,4.61,former,60,0,0,29.4,0,76
45,male,5,3,0.13,never,0,0,0,32.9,0,66
80,male,1,1,1.42,current,0,0,1,30.8,1,71
80,male,3,5,1.11,never,0,0,1,24.4,1,53
68,female,2,1,1.89,never,90,0,0,21.6,0,71
50,female,1,2,3.33,never,0,0,0,26.1,0,82
69,female,4,2,1.29,former,0,0,0,53.5,0,74
78,male,3,2,3.09,former,360,1,1,30.4,0,61
80,female,3,4,5,never,0,0,0,30.4,0,75
40,male,1,3,2.3,never,100,0,0,26.2,0,74
59,male,4,3,1.22,former,330,1,0,29.1,0,65
47,female,1,2,1.07,former,0,0,0,36.6,0,65
43,female,3,5,0.84,never,180,1,0,20.4,0,70
80,male,3,5,5,former,690,1,0,25.8,0,63
48,female,2,2,1.27,never,60,0,0,29.1,0,65
64,male,3,4,5,former,0,0,1,32.2,0,63
46,male,3,5,5,never,360,1,0,26.7,0,68
80,male,3,1,2.23,former,0,0,1,29.9,0,68
60,female,3,4,0.67,former,0,0,0,NA,1,69
61,female,1,4,5,never,720,1,0,25.8,0,60
47,male,1,2,0.54,never,420,1,0,27.4,0,81
58,female,4,3,3.95,current,0,0,1,26.4,0,84
51,male,1,1,1.27,former,0,0,0,32.5,0,65
72,male,4,2,1.29,former,0,0,0,27.5,0,71
65,male,3,4,1.15,never,0,0,0,44.6,0,62
65,male,2,4,1.93,former,66,0,0,28.2,0,67
75,female,3,3,5,never,0,0,0,22.4,0,84
55,male,4,3,2.94,current,0,0,NA,38.5,0,79
46,male,3,2,0.08,current,0,0,0,21.5,0,59
40,male,5,4,4.88,never,460,1,0,24.6,0,75
43,male,3,4,1.61,current,0,0,0,20.8,0,63
63,female,2,4,0.54,never,0,0,0,21.6,0,81
55,female,5,4,3.58,never,0,0,0,21.6,0,61
44,female,4,5,0.85,never,0,0,0,33,0,64
62,male,3,4,3.54,never,120,0,0,28.2,0,75
40,female,3,4,1.23,current,0,0,0,26.9,0,68
66,male,2,1,NA,current,30,0,0,23.9,0,62
55,female,3,4,0.96,current,0,0,0,40,0,77
53,female,3,3,3.84,former,270,1,0,33.3,0,84
63,female,1,4,2.86,former,480,1,0,26.8,0,75
53,male,3,5,5,never,1440,1,0,22.5,0,74
80,female,3,3,1.39,never,0,0,1,26.4,0,70
73,female,3,2,1.38,former,0,0,1,31.9,0,68
51,male,5,3,0.48,never,0,0,0,24.5,0,69
75,male,1,2,1.01,current,0,0,0,17.7,1,73
60,female,1,4,0.99,former,0,0,1,41.1,0,65
66,male,1,5,2.82,former,0,0,0,27.9,0,64
74,female,3,3,3.43,never,0,0,0,30.2,0,60
67,male,3,5,1.27,never,360,1,0,21.2,0,70
73,male,4,4,1.53,current,80,0,0,24,0,70
53,female,4,5,3.22,never,300,1,0,35.1,0,67
45,female,4,3,1.06,former,0,0,0,29.2,0,71
58,male,3,2,5,never,0,0,1,32.9,1,45
66,female,4,4,5,former,0,0,1,35.1,0,73
62,female,3,5,5,former,330,1,0,27.6,0,71
46,female,2,4,5,never,720,1,0,26.8,0,61
64,male,1,4,3.87,never,0,0,1,28.6,0,64
47,female,1,4,3.5,never,0,0,0,26.1,0,82
80,male,3,3,3.18,former,0,0,1,25.5,0,77
46,female,3,3,1.26,never,180,1,0,22.9,0,59
63,female,3,5,1,never,0,0,0,19.3,0,62
46,male,4,5,4.38,never,150,1,0,20.4,0,70
56,female,2,5,3.81,never,0,0,0,23.6,0,72
60,female,5,5,5,never,120,0,0,22.8,0,73
51,male,1,4,1.11,never,0,0,0,28.1,0,67
45,female,4,3,1.26,never,480,1,0,32,0,75
68,female,3,5,3.81,former,0,0,1,35.8,0,66
49,male,1,4,0.7,never,240,1,0,20,0,83
56,male,1,4,1.52,never,0,0,0,33.3,0,64
40,female,1,3,0.95,never,900,1,0,34.2,0,81
62,female,4,4,0.54,never,150,1,0,32.7,0,85
62,male,3,5,5,former,0,0,0,37.9,0,82
65,male,4,3,1.29,former,180,1,1,31.9,0,70
52,male,5,5,1.59,former,240,1,0,18.1,0,73
80,female,3,2,1.71,former,0,0,0,24.6,0,66
80,female,3,2,4.61,never,0,0,0,24.2,1,16
80,female,3,5,1.57,current,120,0,0,27.3,0,62
67,female,1,1,0.97,never,0,0,1,36.2,1,8
75,male,5,3,3.93,never,0,0,1,NA,0,61
56,female,2,5,2.27,never,1260,1,0,27.6,0,71
75,male,5,1,0.85,former,0,0,1,23.1,0,70
71,male,4,2,NA,former,0,0,0,27,0,81
53,male,4,2,0.61,current,0,0,0,28.7,0,72
62,male,3,4,1.92,former,180,1,1,33.8,0,62
44,male,1,3,0.86,never,0,0,1,24,0,83
68,male,3,5,5,former,60,0,1,33.4,1,68
54,female,3,3,0.97,never,315,1,0,33.4,0,68
74,male,5,5,5,never,120,0,0,24.3,0,69
51,male,1,4,1.05,never,130,0,0,36.9,0,74
76,male,5,1,5,current,0,0,0,23,0,79
47,female,3,3,0.8,current,210,1,0,49.6,0,79
72,female,2,2,1.03,former,0,0,0,38.7,1,59
47,female,5,5,NA,never,90,0,0,21.8,0,70
52,male,4,4,5,never,1560,1,0,35.2,0,80
53,female,1,2,3.58,never,0,0,0,32.4,0,82
66,male,3,3,4.05,former,0,0,0,35.4,0,84
46,male,1,3,1.91,former,0,0,0,27,0,76
64,female,3,4,4.13,never,720,1,1,27,0,71
53,male,3,5,5,never,240,1,1,28.5,0,62
57,female,3,3,1.68,former,0,0,0,33.1,0,69
63,female,3,3,3.37,never,0,0,0,49.4,0,66
61,male,3,4,5,never,120,0,1,36.8,0,61
73,female,3,3,3.6,never,0,0,0,31.5,0,79
41,male,2,4,1.58,never,720,1,0,25.5,0,75
55,male,3,3,0.72,former,150,1,0,21.7,0,84
64,female,5,2,0.87,never,140,0,0,20.3,0,81
53,female,4,4,1.64,never,900,1,0,37.1,0,62
50,female,5,1,1.06,never,0,0,0,25.8,0,71
53,male,1,1,0.45,never,0,0,0,34.7,0,64
45,female,3,2,3.05,current,2520,1,0,25.3,0,79
50,male,3,5,5,never,600,1,0,28.6,0,72
62,female,3,5,1.81,current,120,0,0,25.2,0,72
64,male,4,2,1.27,former,0,0,1,28.3,1,31
78,female,5,5,NA,never,480,1,0,30.6,0,72
51,female,4,4,2.94,never,150,1,0,39.7,0,80
59,female,3,3,5,never,200,1,1,31.2,0,74
45,female,3,4,1.16,current,0,0,0,38.8,0,67
80,female,3,5,5,former,0,0,0,NA,1,45
69,female,5,3,NA,never,0,0,1,29,0,81
59,female,5,4,4.28,never,0,0,0,26.6,0,75
51,female,3,4,NA,never,0,0,0,29.8,0,81
80,female,3,5,NA,never,150,1,0,23.7,1,51
50,female,3,4,0.73,current,0,0,0,31,0,82
62,female,4,3,0.76,never,720,1,0,25.4,0,81
45,female,3,5,3.14,never,90,0,0,22.6,0,85
45,female,3,2,5,never,0,0,0,23.6,0,67
67,male,3,2,1.25,former,0,0,1,48.1,1,24
47,male,3,5,5,never,1680,1,0,28.5,0,69
66,female,3,5,5,never,0,0,1,34.6,0,62
48,male,1,2,NA,current,0,0,0,NA,0,67
51,female,3,2,0.84,former,0,0,0,33.6,0,62
47,male,3,5,5,former,225,1,0,32.1,0,76
80,female,3,5,NA,never,0,0,0,20.6,0,71
80,male,3,4,1.65,former,0,0,0,22.3,1,35
55,female,4,3,1.59,former,0,0,0,27,1,63
40,male,5,4,2.36,never,390,1,0,25.5,0,61
60,male,5,1,0.41,former,50,0,0,26.6,0,67
48,female,3,4,1.2,current,0,0,1,28.6,1,17
58,male,3,5,NA,never,0,0,0,25.2,0,64
40,male,3,4,1.09,never,180,1,0,33.4,0,74
53,female,1,3,5,never,0,0,0,21.8,0,64
66,female,4,5,1.7,never,50,0,0,35,0,83
50,male,1,4,5,never,280,1,0,28.6,0,81
69,female,2,5,5,never,840,1,0,36.2,0,63
43,female,5,5,5,never,20,0,0,31.5,0,80
57,female,1,4,0.64,never,0,0,1,24.6,1,53
50,male,3,2,2.12,current,0,0,0,17.9,0,67
70,female,3,5,5,never,210,1,0,31.3,0,74
46,female,1,3,0.87,never,0,0,0,32.3,0,82
69,female,3,4,1.91,never,360,1,0,36.9,0,68
55,male,3,3,1.74,current,0,0,0,43.2,1,57
48,female,3,3,0.72,former,75,0,0,25.3,0,84
44,male,3,5,5,never,480,1,0,32.4,0,62
48,female,3,5,1.11,never,460,1,0,27.2,0,74
64,male,2,3,1.25,former,120,0,0,24.8,0,73
50,female,3,4,1.04,former,315,1,0,37.8,0,63
49,female,1,4,1.27,former,0,0,0,28.1,0,61
66,female,3,4,4.35,current,60,0,0,22.6,1,49
50,male,1,2,2.59,never,0,0,0,31.1,0,80
66,female,5,4,3.38,never,0,0,0,30.5,1,63
53,male,3,4,NA,never,90,0,1,26.8,0,79
57,female,4,3,2.94,current,0,0,0,36.8,0,80
48,female,3,4,4.86,never,0,0,0,51.3,0,59
74,male,3,3,4.3,former,300,1,1,30.6,0,60
52,female,1,4,5,never,180,1,0,27.1,0,65
80,male,4,3,1.5,former,210,1,1,28.2,0,71
59,female,4,3,2.14,never,0,0,0,27.2,0,70
44,female,3,5,3.23,never,180,1,0,30.4,0,79
62,male,4,3,0.16,former,0,0,0,27.7,0,76
46,male,3,3,NA,former,0,0,0,31.2,0,72
80,male,3,4,2.18,former,0,0,1,25.4,1,77
48,female,2,3,3.02,never,370,1,0,33.6,0,81
76,female,2,4,0.51,former,0,0,1,28.6,0,61
63,female,4,4,0.87,current,0,0,0,17.8,0,81
61,male,3,5,5,never,0,0,1,NA,0,75
47,female,5,5,3.53,never,270,1,0,35.8,0,77
48,male,3,5,5,never,0,0,0,50.2,0,73
80,female,3,4,2.15,never,0,0,NA,33.7,1,60
80,female,3,2,0.73,never,0,0,1,28.6,1,7
43,male,4,3,NA,never,120,0,0,39.3,0,70
63,female,1,2,1.28,never,300,1,0,26.1,0,64
64,male,1,1,NA,never,0,0,0,25.5,0,81
66,female,1,1,1.15,never,40,0,0,28.2,0,67
80,female,3,5,2.4,never,0,0,0,26.7,1,4
47,male,3,4,0.62,former,340,1,0,26.3,1,37
56,male,3,5,5,never,300,1,0,25.3,0,76
43,female,3,3,1.61,never,0,0,0,44.2,0,67
45,female,1,1,0.56,never,0,0,0,30.7,0,81
46,female,5,1,0.72,never,2310,1,0,27.1,0,60
51,female,4,4,1.27,current,0,0,0,35.1,0,82
52,female,5,4,3.09,never,30,0,0,19.6,0,80
80,female,4,2,NA,never,45,0,0,37.1,0,81
69,female,3,4,3.87,former,0,0,0,29,0,68
60,male,3,5,5,former,0,0,0,27.3,0,74
63,male,4,2,1.03,former,0,0,0,27.2,1,23
53,male,4,2,0.88,former,0,0,0,48.8,0,80
54,male,4,2,1.77,current,0,0,0,16.8,0,71
52,female,3,4,1.02,current,0,0,0,18.9,0,84
54,female,3,4,0.92,former,0,0,0,45.2,0,81
42,female,3,3,4.3,never,300,1,0,25.6,0,73
56,female,4,2,0.62,never,0,0,0,31.2,0,78
54,female,4,3,0.07,current,140,0,0,22.8,0,75
60,female,2,3,3.22,never,120,0,0,33.7,0,75
59,male,3,4,NA,former,0,0,0,31,0,64
53,female,3,2,0.93,current,0,0,0,16.7,0,61
55,female,2,4,2.63,current,0,0,0,33.8,0,63
66,female,3,5,5,never,0,0,0,29.4,0,69
60,female,3,4,5,former,300,1,1,33.3,0,80
76,male,3,5,5,never,90,0,1,33.7,0,75
44,female,4,5,5,never,180,1,0,26.9,0,68
72,male,5,4,1.46,former,300,1,1,31.5,0,67
74,female,1,1,0.93,never,0,0,0,36,0,82
72,male,3,5,3.58,former,120,0,1,26.6,0,68
50,female,4,3,0.51,current,0,0,0,46.4,1,31
66,female,1,1,NA,never,0,0,0,29.7,0,66
62,female,3,2,3.09,former,0,0,0,37.8,0,62
76,female,3,3,0.87,never,0,0,1,35.1,1,35
47,male,3,4,0.7,former,0,0,0,27.7,0,60
48,female,4,4,1.29,current,60,0,0,40.2,0,61
44,female,4,5,4.55,never,270,1,0,23.5,0,80
46,male,5,5,5,former,540,1,0,24.4,0,70
55,female,5,3,0.42,current,180,1,0,26.1,0,78
55,male,3,5,5,never,480,1,0,34.3,0,74
80,male,3,4,4.45,former,0,0,0,30.5,0,60
80,male,3,5,2.05,never,600,1,1,26.6,1,52
47,female,5,5,4.25,never,120,0,0,26.4,0,75
80,male,3,3,1.03,former,840,1,0,23.5,0,70
64,female,4,4,3.3,current,120,0,0,34.3,1,47
44,male,2,5,NA,never,0,0,0,25.5,0,60
47,male,5,5,5,never,600,1,1,30.1,0,75
59,male,4,5,5,never,100,0,0,30.1,0,75
45,male,3,4,3.63,never,0,0,0,26.6,0,69
80,female,3,3,2.61,former,10,0,1,24.9,0,68
56,male,3,4,5,former,45,0,1,27.1,0,60
44,male,5,1,0.02,former,0,0,0,31.3,0,67
49,male,4,5,5,never,0,0,0,43.1,0,80
42,male,5,5,5,former,360,1,0,21.1,0,80
71,female,3,4,4.84,never,0,0,0,26.5,0,76
42,male,3,4,3.1,former,300,1,0,36.1,0,75
56,male,4,4,5,never,240,1,0,31.1,0,64
80,female,3,1,4.71,former,0,0,0,22.9,0,75
68,male,3,4,3.22,former,0,0,0,27.4,0,76
64,male,3,2,1.59,current,0,0,0,24.7,0,69
47,female,3,3,3.22,current,180,1,0,26.6,0,84
54,male,3,5,NA,former,660,1,0,25.1,0,62
42,female,3,4,2.6,current,60,0,0,24.6,0,72
45,male,1,2,1.07,never,0,0,0,NA,0,65
42,female,3,5,5,never,480,1,1,NA,0,76
76,male,4,1,0.78,former,0,0,0,25.6,0,78
43,male,4,4,1.44,never,0,0,1,37.6,1,35
64,female,4,3,0.71,never,180,1,0,29.7,0,68
59,female,3,5,5,former,0,0,1,36.2,0,74
40,female,5,5,4.55,never,90,0,0,18.9,0,80
59,male,5,5,5,never,300,1,0,24.4,0,71
41,male,3,4,1.49,current,0,0,0,28.4,0,63
79,female,1,1,3.33,never,0,0,0,31,1,67
57,female,4,1,NA,never,0,0,0,34.5,0,71
62,female,4,4,0.23,current,0,0,0,47.1,0,81
64,female,3,4,5,never,0,0,0,43.2,1,18
69,male,1,4,1.57,current,0,0,0,29.5,0,67
65,male,5,4,2.09,former,0,0,0,24.2,1,8
55,male,3,4,4.04,never,60,0,0,26.6,0,74
40,female,4,2,1.14,current,0,0,0,35.5,0,78
54,male,3,1,1.44,former,0,0,0,33.7,0,63
54,male,3,4,0.51,former,0,0,0,28.1,0,77
44,male,3,3,2.14,current,240,1,0,38.2,0,67
65,female,5,5,5,never,0,0,0,26.7,0,72
69,female,3,3,5,former,140,0,0,29.6,1,47
79,female,4,5,2.57,former,0,0,1,27.9,0,67
63,male,1,1,1.05,current,0,0,0,31.2,0,81
54,male,3,2,1,current,0,0,0,41.6,0,65
63,female,4,1,0.52,current,0,0,1,46.4,0,71
43,male,3,4,3.46,former,0,0,1,30.5,0,82
44,male,2,2,1.42,current,0,0,0,30.2,0,67
80,female,3,4,1.27,never,90,0,0,25.5,1,33
80,male,3,5,5,never,240,1,0,28.2,1,67
61,female,5,2,NA,never,360,1,1,20.7,0,79
80,female,3,3,1.2,former,90,0,1,30.3,1,54
75,male,3,3,2.44,former,0,0,1,28.7,0,84
70,male,3,4,1.08,never,0,0,0,48.3,0,74
68,female,4,2,1.31,never,0,0,1,17.6,0,76
80,female,3,5,2.8,never,0,0,1,25.7,0,73
80,male,3,5,0.81,never,0,0,0,22.7,0,62
75,male,4,2,1.02,former,0,0,0,26,0,73
42,female,3,2,1.06,never,90,0,0,37.4,0,62
74,female,4,3,1.56,never,0,0,0,38.8,0,80
72,female,1,2,NA,never,0,0,1,37.8,0,77
72,male,4,3,5,never,40,0,0,26,0,75
80,male,2,3,1.21,former,0,0,1,26.6,0,64
48,male,3,3,0.12,current,0,0,1,17.3,1,74
46,female,4,5,3.45,never,90,0,0,21.2,0,76
59,male,5,4,1,never,105,0,0,21.4,0,65
74,male,4,3,1.91,never,0,0,0,27.9,0,71
67,male,3,4,3.18,never,0,0,0,28.7,0,69
80,female,2,4,1.07,never,180,1,0,35.8,0,74
64,male,3,2,0.85,never,0,0,0,29.8,0,77
53,female,1,1,NA,never,0,0,0,34.5,0,80
43,female,3,4,1.02,never,90,0,0,35.5,0,84
55,male,3,4,1.89,current,540,1,0,23.9,0,79
44,male,1,4,3.82,former,810,1,0,29.6,0,67
66,male,2,3,3.69,former,60,0,1,31.1,0,70
74,female,4,2,1.03,never,0,0,1,32.4,0,69
77,female,3,5,5,former,0,0,0,22.1,1,69
73,male,3,3,4.48,never,0,0,0,27.9,0,77
80,male,3,2,1.34,former,0,0,1,31.7,1,40
62,male,3,2,5,former,0,0,0,36.7,0,75
54,female,2,2,NA,never,0,0,0,33.4,0,60
41,male,3,5,5,never,300,1,0,28.6,0,76
62,female,1,5,5,never,240,1,0,36.4,0,60
54,male,2,2,0.87,current,0,0,0,24.5,1,25
80,female,3,2,1.89,former,0,0,1,31.5,1,54
80,female,3,2,NA,never,0,0,0,29.2,0,78
40,male,1,2,NA,never,0,0,0,29.6,0,80
51,female,1,1,NA,former,0,0,1,34.5,0,81
66,male,5,4,2.05,never,1320,1,1,25.8,0,75
40,male,2,4,2.78,never,525,1,0,25.6,0,74
61,male,3,4,5,never,248,1,0,24.1,0,62
46,female,3,5,1.08,never,0,0,1,35.8,0,66
53,female,3,5,5,never,660,1,1,21.7,0,80
52,male,3,3,1.06,never,0,0,0,44.4,0,74
41,female,5,5,4.35,never,0,0,0,21.2,0,82
53,male,3,5,5,never,1350,1,0,27.3,0,68
53,female,5,5,5,never,0,0,0,28.6,0,75
69,female,3,5,1.23,never,0,0,0,32,0,76
54,male,4,3,0.57,current,0,0,0,28.7,0,70
61,male,3,4,NA,never,105,0,1,29.2,0,67
46,female,4,4,4.69,current,30,0,0,29.9,0,76
43,female,4,3,1.89,never,0,0,0,50.7,0,59
53,male,4,4,3.45,former,180,1,0,28.7,0,61
62,female,1,3,1.91,never,60,0,0,33.5,0,61
74,female,3,2,5,former,0,0,0,30.5,1,44
43,male,2,4,3.48,former,0,0,0,38.5,0,62
76,female,4,5,5,never,0,0,1,17.2,1,46
47,male,1,1,1.38,current,120,0,0,26.2,0,81
56,male,5,5,5,never,0,0,0,23.5,0,80
61,male,3,4,1.08,current,0,0,1,39.9,0,79
41,female,2,5,3.84,never,0,0,0,20.2,0,62
64,male,4,4,4.04,never,0,0,1,27.5,0,80
41,female,3,2,0.91,current,0,0,1,35.3,0,73
64,female,3,3,2.52,former,270,1,0,29.9,0,68
42,male,2,5,NA,never,360,1,0,27.6,0,80
44,female,5,5,4.35,never,100,0,0,27,0,60
63,female,3,5,5,former,270,1,0,22.8,0,62
59,male,2,1,2.69,never,60,0,0,22.5,0,80
74,male,3,3,0.86,never,0,0,0,34.9,0,69
49,female,3,5,5,never,0,0,0,36.5,0,71
71,female,2,5,4.2,never,140,0,0,27.2,0,71
56,male,4,4,5,never,1080,1,0,25.9,0,75
80,male,3,5,4.35,former,150,1,1,23.7,1,18
61,male,3,4,3.1,never,90,0,0,37.2,0,62
63,male,4,3,0.86,current,0,0,1,27.6,0,66
51,female,1,2,1.01,never,60,0,0,37.2,0,64
55,female,1,1,2.69,former,0,0,0,23.6,0,72
54,male,3,5,5,never,0,0,0,34.6,0,68
61,female,3,5,4.13,former,150,1,0,41.4,0,79
69,female,4,5,1.91,never,140,0,0,28.5,0,71
66,male,4,3,3.58,current,0,0,0,27.2,0,75
52,female,1,4,0.8,never,660,1,0,29.4,0,82
57,male,4,2,0.19,current,300,1,0,30.4,0,80
51,male,1,4,NA,former,90,0,0,21.1,0,68
57,male,5,5,NA,never,300,1,0,27.2,0,73
66,male,4,2,0.86,never,0,0,0,43.1,0,69
72,male,4,1,1.26,never,0,0,0,23.4,0,61
69,female,3,3,NA,current,0,0,0,39.3,0,74
60,male,3,3,5,never,210,1,1,28.2,0,83
75,female,3,5,3.48,former,0,0,1,26.8,0,76
67,male,3,5,5,never,0,0,1,23.9,0,76
49,female,3,5,5,current,870,1,0,29.9,0,75
44,female,4,5,5,never,270,1,0,31.7,0,77
49,female,1,2,0.74,current,0,0,0,31.1,0,82
58,male,3,2,0.52,never,0,0,0,21.1,0,73
48,male,5,5,4.25,former,120,0,0,27.6,0,75
58,female,3,5,0.65,never,0,0,0,55.7,0,76
48,male,3,4,4.72,never,490,1,0,37.5,0,68
42,female,2,4,2.9,never,120,0,0,22.9,0,66
50,female,3,3,5,current,0,0,0,33.3,0,70
74,female,3,3,NA,never,0,0,0,27.2,1,70
66,female,3,4,1.08,never,0,0,0,33.2,0,67
62,female,2,1,NA,current,0,0,0,28.1,0,70
80,female,1,4,1.03,never,120,0,0,35.6,0,81
80,female,3,5,1.57,never,210,1,1,30.6,0,83
58,female,4,2,0.76,never,0,0,0,77.5,1,37
50,female,3,3,1.61,never,0,0,0,32.8,0,82
66,male,4,4,3.18,current,0,0,0,25.4,0,78
51,female,5,5,NA,never,255,1,0,19.7,0,81
57,male,5,5,5,never,0,0,0,27,0,80
68,female,1,1,0.27,former,0,0,0,28.5,1,40
67,female,1,1,0.84,former,0,0,0,38.4,0,83
47,male,4,4,4.96,never,3060,1,0,26.9,0,68
60,male,1,4,2.26,former,270,1,0,39.9,0,81
74,female,3,3,1.57,former,180,1,1,32.5,1,46
52,female,4,5,2.51,never,0,0,0,30.8,0,69
45,male,5,5,5,never,0,0,0,22.4,0,62
69,female,5,1,0.87,never,240,1,0,19.3,0,78
62,female,1,4,5,former,1380,1,0,29.1,0,71
61,male,1,4,3.87,former,0,0,0,28.4,0,80
64,male,3,5,2.06,former,360,1,0,32.7,1,24
80,female,3,4,5,former,150,1,1,25.6,1,24
56,male,3,3,0.95,former,0,0,1,29.2,0,83
61,female,3,5,5,former,0,0,0,21.9,0,74
55,female,4,3,NA,never,0,0,0,34,0,81
52,female,4,2,0.69,never,0,0,0,18.1,0,78
59,female,4,3,4.16,never,120,0,0,26.9,0,74
60,female,4,2,0.76,former,0,0,0,42.4,1,18
70,female,3,4,4.45,never,0,0,1,28.2,0,81
59,female,1,3,1.27,former,180,1,0,28.3,0,76
72,female,4,3,2.3,never,0,0,0,27.8,0,76
60,female,4,4,0.86,current,0,0,0,22.2,0,69
70,female,3,5,5,former,0,0,0,39.8,0,66
49,female,3,5,4.35,never,870,1,0,20.7,0,67
43,female,2,4,0.34,never,150,1,0,22.5,0,68
69,male,5,2,NA,former,0,0,1,26.5,0,83
40,male,4,3,1.44,never,0,0,0,25.7,0,78
49,female,4,2,1.06,never,0,0,0,34.1,0,76
59,female,4,3,2.87,never,60,0,0,32,0,81
44,female,2,5,5,never,480,1,0,26.1,0,75
54,female,3,4,3.55,never,120,0,0,23.4,0,72
46,female,3,3,0.63,current,0,0,0,22.6,0,74
64,male,5,5,5,never,0,0,0,22.2,0,80
60,male,4,2,1.11,current,120,0,1,28.3,0,75
41,female,3,3,1.01,current,105,0,0,25.2,0,79
40,female,4,5,3.48,current,0,0,0,37.2,0,68
62,female,4,4,0.19,never,120,0,0,30.8,0,79
41,male,3,5,1.92,never,180,1,0,32.6,0,75
57,female,2,2,0.3,never,0,0,0,33.1,0,80
58,male,4,2,1.06,former,0,0,0,24.3,0,70
70,female,4,4,0.54,current,120,0,0,30.2,0,63
74,female,1,1,1.07,former,0,0,0,22.4,0,63
80,female,3,4,0.64,never,0,0,1,26.9,0,74
62,female,1,1,0.71,never,0,0,0,23.6,0,80
68,male,2,1,0.86,former,420,1,0,24.4,0,67
59,female,3,4,4.09,never,0,0,0,44.9,0,64
50,female,3,5,5,never,0,0,0,23.7,0,77
44,female,4,4,1.93,former,120,0,0,32.6,0,75
54,male,5,5,5,former,0,0,0,23.9,0,63
80,female,3,3,1.54,never,0,0,0,28.5,1,23
55,female,5,5,1.46,former,300,1,0,35.3,0,80
66,male,1,1,1.63,never,0,0,0,29.5,0,61
59,male,3,2,0.69,current,0,0,1,17.9,1,33
56,male,4,2,0.61,current,0,0,0,NA,1,13
47,male,2,5,2.19,never,0,0,0,34.9,0,74
72,female,3,3,1.31,current,0,0,1,24.4,0,72
44,female,5,5,1.82,never,450,1,0,24.9,0,72
80,female,5,5,3.08,never,0,0,0,NA,1,6
69,male,2,3,0.72,current,0,0,0,27.4,0,77
70,male,3,5,5,never,60,0,0,27.3,0,77
47,male,3,5,5,former,720,1,0,28.1,0,61
55,male,3,4,0.61,former,180,1,0,28.7,0,82
41,female,3,5,5,never,360,1,0,31.8,0,78
47,male,5,5,5,never,240,1,0,20.6,0,62
61,female,3,2,4.26,never,0,0,0,31.3,0,61
46,male,5,3,2.94,never,0,0,0,20.5,0,77
72,male,3,2,4.48,never,0,0,0,23.6,0,76
70,male,3,2,NA,never,0,0,0,31.6,0,83
80,male,3,5,1.29,former,0,0,1,25.1,0,60
41,male,3,2,NA,current,0,0,0,23.9,0,63
66,male,3,5,1.71,current,0,0,0,20.8,0,78
65,male,3,5,5,former,90,0,0,40.4,0,70
57,male,2,4,4.19,former,0,0,1,43.7,0,73
54,female,5,4,2.14,current,30,0,0,32.3,0,78
72,male,3,3,NA,never,0,0,1,31.6,0,83
50,female,3,5,5,never,0,0,1,26.8,0,73
58,male,3,3,5,former,0,0,0,27.5,0,78
42,male,3,4,1.68,former,270,1,0,31.2,0,72
79,male,1,1,1.29,current,0,0,0,30.6,0,64
47,female,3,4,4.61,current,60,0,1,29.5,0,76
40,male,4,3,0.95,current,0,0,0,29.8,0,74
53,female,3,2,1.34,current,105,0,0,16.9,0,79
75,male,3,3,NA,former,180,1,1,27.8,0,78
53,female,5,1,1.81,never,90,0,0,17.5,0,83
43,female,5,4,5,never,195,1,0,31,0,75
43,female,5,5,3.37,never,0,0,0,28.6,0,61
50,female,3,3,1.31,never,180,1,0,44.5,0,75
40,female,5,5,1.68,never,120,0,0,25,0,76
70,male,1,3,2.05,never,60,0,0,33.6,0,82
43,female,3,3,4.55,never,0,0,0,35.9,0,78
55,male,3,3,2.27,never,0,0,0,24.5,0,63
80,male,3,3,5,never,285,1,1,26.2,1,28
40,female,4,2,1.16,never,60,0,0,28.1,0,61
52,male,3,5,5,former,120,0,0,27.8,0,75
41,female,3,4,2.54,current,0,0,0,28,0,75
59,male,1,4,2.56,current,0,0,0,33.2,0,62
59,male,3,5,5,never,480,1,1,33.8,0,63
60,male,5,5,4.77,never,450,1,0,40.7,1,21
52,female,4,5,3.55,never,360,1,1,27.4,0,75
62,female,5,3,NA,current,600,1,0,19.5,0,68
40,female,2,5,2.18,former,360,1,0,23.6,0,67
57,female,3,5,3.48,never,350,1,0,23.8,0,68
57,male,3,5,2.43,never,0,0,0,32.7,0,74
56,male,3,5,1.03,current,0,0,0,16.9,0,78
54,male,3,2,5,never,0,0,0,28,0,73
48,female,3,4,0.71,current,0,0,1,43,0,80
40,male,3,5,5,never,0,0,0,23.8,0,71
56,female,4,5,5,former,320,1,0,55.6,0,76
44,female,3,4,2.2,never,0,0,0,32.2,0,72
43,female,3,2,1.81,never,0,0,0,31.3,0,68
80,female,3,4,2.4,former,210,1,0,26.2,0,61
49,female,5,4,3.14,never,0,0,0,26.8,0,77
46,female,3,3,3.79,former,0,0,0,43.9,0,79
55,female,3,5,0.84,never,0,0,1,32.2,0,72
70,female,1,1,1.27,never,0,0,0,37.1,0,68
40,male,3,5,1.39,never,40,0,0,27.9,0,73
77,female,1,1,0.61,former,720,1,1,34.2,0,82
67,male,4,3,4.28,never,0,0,1,21.6,0,70
80,male,4,3,3.07,never,0,0,1,27.3,1,47
63,female,1,3,1.98,never,580,1,0,23.1,0,82
76,male,4,4,5,never,0,0,0,30.2,0,74
65,female,3,4,4.77,never,0,0,0,27.7,0,67
80,male,3,5,3.87,never,0,0,0,25,1,6
51,male,4,2,0.6,current,0,0,0,22.5,0,77
41,male,2,3,5,never,400,1,0,42,0,73
53,female,4,5,3.48,former,360,1,0,27,0,67
46,male,3,2,0,current,0,0,0,26.4,0,85
77,male,3,4,5,former,0,0,1,31.9,0,78
78,male,4,4,3.56,current,300,1,1,23.9,0,81
60,male,5,2,1.72,current,0,0,0,18.4,0,81
71,female,3,4,2.18,never,0,0,1,35,0,76
40,female,1,4,1.27,never,120,0,0,31.1,0,83
54,female,3,4,2.36,never,0,0,0,34.1,0,81
72,female,5,5,5,never,180,1,1,19.4,1,39
80,male,3,5,5,never,375,1,1,25.9,0,76
76,male,1,3,2.53,never,420,1,0,21.6,0,82
64,male,1,1,1.26,never,0,0,0,30.7,0,73
71,male,3,5,5,never,480,1,0,21.5,0,74
64,female,3,5,1.2,former,0,0,0,31,0,66
69,male,5,3,3.81,former,2400,1,0,23.5,0,72
65,male,3,5,5,never,240,1,1,34,0,69
71,female,3,4,3.46,former,20,0,0,28,0,82
67,male,4,4,1.97,never,60,0,1,31.1,0,78
71,male,3,5,2.38,never,0,0,0,38.2,0,76
75,female,3,2,0.91,current,60,0,0,20.3,0,62
40,female,3,2,0.77,former,0,0,0,20.2,0,72
55,male,2,5,2.1,never,400,1,0,22.9,0,74
80,female,3,5,1.34,never,0,0,1,28,0,74
80,male,3,4,3.92,former,0,0,1,32.3,1,23
48,male,3,4,5,never,0,0,0,25.7,0,61
61,male,4,3,NA,former,30,0,0,28.2,0,76
76,female,3,4,5,former,0,0,1,27.4,0,62
58,female,5,3,0.03,never,0,0,NA,54.9,0,61
68,male,1,1,1.23,never,120,0,0,24,0,61
59,male,5,1,2.52,former,0,0,0,26.2,0,80
79,male,3,5,3.1,never,0,0,0,25.9,0,73
67,male,4,5,5,never,200,1,0,31.2,0,82
40,female,4,5,5,never,140,0,0,25.7,0,71
51,male,3,5,5,former,840,1,0,25.3,0,70
57,female,4,1,1.42,never,0,0,0,24.9,0,74
69,female,2,3,2.23,former,0,0,0,33.7,0,62
64,male,2,1,0.04,current,0,0,0,27.5,0,74
60,male,1,1,1.42,former,210,1,0,29.4,0,82
60,female,4,5,3.48,never,70,0,0,37.7,0,75
52,male,3,4,3.07,current,0,0,0,32.8,0,72
64,female,1,3,NA,never,0,0,0,29.8,0,72
50,male,3,3,1.04,current,210,1,0,29,0,83
49,male,3,4,1.52,former,120,0,0,29.7,0,73
54,male,3,2,2.02,current,0,0,0,26.9,0,73
50,male,3,4,NA,former,0,0,0,28.5,0,69
42,male,3,5,5,current,1170,1,0,33.6,0,76
44,male,4,5,4.25,never,0,0,0,30.7,0,67
73,male,3,1,0.64,current,0,0,1,25.9,0,64
70,male,4,2,3.2,former,0,0,0,33.5,0,76
51,female,3,5,0.97,never,0,0,1,28.9,0,69
45,female,4,3,0.54,never,0,0,0,44.9,0,80
48,male,2,5,5,former,0,0,1,27.6,0,73
48,male,2,5,4.67,never,0,0,0,30.9,0,61
55,male,2,3,4.16,former,60,0,0,30.6,0,70
44,male,3,5,5,current,0,0,0,34.6,0,82
66,female,5,4,5,never,180,1,0,26.6,0,81
74,female,5,4,NA,never,0,0,0,22.8,0,75
41,female,5,3,0.09,never,0,0,0,31.9,0,74
66,female,3,4,5,never,600,1,1,22.3,0,73
45,female,3,4,4.64,current,375,1,0,29,0,73
45,female,2,4,2.25,never,0,0,0,20.3,0,82
59,female,5,4,0.73,never,0,0,0,25.8,0,73
48,male,3,1,3.63,never,30,0,0,29.3,0,83
63,male,4,5,5,never,180,1,0,29.6,0,81
68,male,3,4,NA,current,0,0,1,35.4,1,61
72,female,3,4,2.19,never,0,0,0,27.8,1,64
60,female,5,1,1.95,never,0,0,0,23.3,0,82
49,male,4,4,0.75,current,0,0,0,26.5,0,80
40,male,4,5,1.31,never,720,1,0,27.2,0,68
67,male,4,3,5,former,0,0,1,31.6,0,78
74,female,3,4,0,former,720,1,1,34.2,0,62
41,female,5,5,5,never,180,1,0,33.9,0,78
47,female,1,4,4.1,never,0,0,0,34,0,82
58,male,3,3,1.21,current,0,0,0,27.8,0,72
53,female,2,4,2.43,never,60,0,0,28.6,0,73
56,male,1,4,5,never,540,1,0,26,0,81
76,female,3,3,NA,never,0,0,1,28.2,0,84
80,male,3,2,0.86,former,150,1,0,32.4,0,80
60,female,3,3,5,former,20,0,1,38,0,79
54,male,3,2,NA,never,0,0,0,37.7,0,62
68,female,1,1,3.33,never,0,0,0,28.2,0,82
58,female,3,4,0.78,former,0,0,0,38.1,0,73
55,male,3,1,0.57,current,0,0,0,23.9,0,69
61,male,4,1,2.69,current,0,0,1,18.5,0,75
72,female,3,2,0.64,current,0,0,0,28.6,0,64
75,male,3,5,2.19,never,90,0,0,29.4,0,79
62,female,3,3,1.2,current,0,0,1,38,0,78
42,female,5,5,NA,never,120,0,0,17.5,0,68
52,male,3,2,0.72,current,0,0,0,27.5,0,69
43,female,3,5,2.9,never,0,0,0,30,0,76
55,female,5,5,5,former,210,1,0,20.7,0,71
80,male,5,5,3.64,never,0,0,0,25.3,0,77
49,female,5,5,5,never,0,0,0,21,0,81
54,female,3,5,4.61,never,0,0,0,29.5,0,77
55,male,3,1,0.02,never,0,0,0,33.2,0,74
45,female,4,3,1.27,former,720,1,0,43.1,0,67
59,male,3,4,1.51,never,1440,1,0,48.5,0,67
53,female,2,4,2.02,never,0,0,0,52.7,0,78
56,female,3,4,3.89,current,0,0,0,30.4,0,74
74,female,5,5,0.87,never,245,1,0,24.8,0,81
48,male,3,3,1.03,current,0,0,0,27.5,0,75
66,female,3,4,1.45,former,0,0,1,32.5,0,63
45,female,4,4,0.17,never,90,0,0,31.5,0,72
56,female,3,4,1.33,never,240,1,0,39.1,0,61
64,male,4,5,NA,never,390,1,1,NA,0,67
45,female,3,5,3.67,never,480,1,0,24.7,0,64
51,male,4,4,4.16,former,400,1,1,31.5,0,75
59,male,3,5,5,never,1320,1,0,25.8,0,77
78,male,3,5,3.54,former,0,0,1,26.1,1,63
43,female,1,3,3.82,never,0,0,0,47.5,0,67
53,female,1,1,0.42,former,60,0,0,35.9,0,64
56,male,3,4,5,never,0,0,0,25.8,0,79
76,male,3,4,4.13,former,0,0,1,30.1,0,68
74,female,3,1,0.73,never,0,0,0,24.9,0,70
43,male,5,4,1.06,current,0,0,0,26.1,0,74
54,female,1,1,NA,never,0,0,0,32.6,0,62
76,female,3,4,3.43,former,840,1,1,24,0,79
40,female,1,4,4.71,never,135,0,0,34.8,0,80
61,female,5,5,3.39,former,20,0,0,34.8,0,80
59,female,1,4,1.93,former,120,0,0,50.4,0,68
44,male,2,4,0.82,current,0,0,0,21.4,0,69
50,male,4,5,3.58,never,960,1,0,31.4,0,79
70,female,3,4,1.48,never,0,0,1,29.5,1,4
50,female,3,3,5,former,0,0,0,26.7,0,74
80,male,3,5,3,never,0,0,0,20.2,0,73
63,male,4,2,2.53,former,0,0,0,43.1,0,80
61,male,3,5,5,current,600,1,1,27,0,63
42,female,3,4,3.79,never,0,0,0,36.2,0,67
42,male,1,4,NA,never,360,1,0,32.2,0,61
80,male,3,3,0.97,former,0,0,1,31.3,0,82
49,female,3,4,0.78,current,0,0,0,15.2,0,63
62,female,2,2,1.11,current,0,0,0,22.1,0,71
40,male,3,5,4.72,never,420,1,0,23.6,0,70
59,male,3,4,1.31,never,180,1,0,28.9,0,61
42,female,5,3,1.56,never,750,1,0,36.1,0,79
72,male,4,2,0.77,never,0,0,1,32.4,1,52
41,male,3,4,3.31,current,120,0,0,32.2,1,60
57,female,3,5,5,never,0,0,0,38.9,0,73
49,male,4,4,4.19,never,120,0,0,27.3,0,63
43,female,4,1,NA,never,0,0,0,27.8,0,71
66,male,3,5,5,never,0,0,0,23.5,0,67
41,female,1,3,1.03,never,120,0,0,21.5,0,62
50,female,3,4,3.63,never,0,0,0,22.4,0,69
65,female,4,3,2.12,current,360,1,0,30.9,0,63
45,female,3,4,1.21,current,0,0,1,31,0,68
40,female,1,4,NA,former,600,1,0,NA,0,80
63,female,3,3,2.31,never,0,0,0,25.2,0,72
43,female,1,3,0.76,never,0,0,0,29,0,83
64,male,2,3,0.7,current,1680,1,0,27.5,0,73
80,female,1,1,0.44,never,0,0,0,22.4,1,58
65,male,4,5,2.61,current,0,0,0,29.1,0,79
43,female,1,4,2.25,former,660,1,0,38.3,0,65
41,female,5,5,NA,never,300,1,0,20.8,0,62
43,female,2,1,0.54,current,0,0,0,35.4,0,68
80,female,4,3,3.07,never,0,0,1,32.9,1,40
54,male,1,3,0.65,former,570,1,0,34.2,0,68
73,female,1,2,NA,former,0,0,0,29.1,0,79
55,male,4,3,3.57,former,120,0,0,26,0,68
42,male,3,5,4.04,never,180,1,0,29.6,0,61
42,female,3,3,1.51,never,0,0,0,NA,0,63
56,female,5,4,0.65,former,120,0,1,24.9,0,78
58,female,4,4,0.32,current,0,0,0,20.2,0,62
50,female,1,2,0.56,never,0,0,0,NA,0,68
57,male,5,4,NA,never,0,0,0,28,0,72
43,female,3,4,1.2,never,0,0,0,31.1,0,60
80,female,3,2,1.11,former,180,1,1,26.2,0,67
71,male,4,3,1.89,former,0,0,1,NA,0,75
69,male,1,2,1.08,current,0,0,0,26.5,0,77
61,male,2,5,3.84,former,0,0,0,23.5,0,62
80,female,4,4,0.42,never,350,1,0,28.3,0,61
59,female,3,5,0.26,former,30,0,0,24.7,0,81
68,female,1,4,NA,never,0,0,1,17.6,1,23
50,female,3,5,5,never,480,1,0,30.9,0,62
48,male,4,2,0.33,current,1320,1,0,23.4,0,71
63,female,2,2,1.1,never,480,1,0,31.2,0,81
66,female,2,5,1,never,295,1,0,26.7,0,69
40,male,4,5,5,never,180,1,0,29.5,0,79
69,male,4,2,4.28,former,0,0,0,25.8,0,79
74,female,3,4,5,former,0,0,1,22.1,1,62
60,male,3,5,4.13,never,180,1,0,27.7,0,67
63,male,2,1,NA,current,0,0,0,21.8,0,61
44,male,3,2,1.16,current,0,0,0,27.2,0,84
50,male,1,1,NA,current,0,0,0,29.2,0,69
69,female,4,5,4.84,former,270,1,0,36.7,0,63
78,male,3,4,2.61,former,300,1,0,30.6,0,79
64,male,2,2,0.89,former,60,0,0,27.7,0,77
49,female,3,2,5,current,0,0,0,25.5,0,68
78,female,3,4,4.45,former,0,0,1,23.9,1,26
63,male,3,3,0.29,former,210,1,1,31.2,0,78
51,female,3,5,4.9,never,600,1,0,21.9,0,67
46,female,3,3,2.18,current,0,0,0,25.2,0,67
80,female,3,5,3.08,never,20,0,1,21.8,0,67
42,female,3,5,5,never,300,1,0,31.8,0,80
69,female,4,4,0.75,never,1260,1,0,34.1,0,62
52,female,3,4,0.47,current,0,0,0,31,0,67
71,female,3,4,2,former,0,0,0,23.1,0,63
73,male,3,2,4.45,never,0,0,0,26,0,68
72,male,1,4,1.19,former,0,0,1,44.8,0,68
49,female,3,4,NA,never,0,0,0,22.5,0,83
52,female,5,4,4.07,former,0,0,0,41.3,0,70
73,female,1,4,2.56,never,0,0,0,36.4,0,81
67,female,5,3,3.17,never,0,0,0,18.8,0,64
42,female,4,4,2.79,never,810,1,0,42.2,0,68
63,male,4,2,1.68,never,210,1,0,26.4,0,71
41,male,1,3,0.73,current,330,1,0,20.2,0,80
68,female,3,5,4.45,former,350,1,1,24.2,0,67
55,female,3,4,1.71,current,0,0,0,32.7,0,73
52,female,3,2,0.04,current,0,0,0,30.8,0,84
52,female,3,3,1.16,current,0,0,0,33.5,0,62
72,female,2,1,0.92,never,0,0,0,28.8,1,66
47,male,2,4,1.03,former,600,1,0,29.8,0,61
68,male,3,5,4.13,former,240,1,1,22.6,0,71
43,female,5,5,4.3,never,270,1,0,22.4,0,72
80,female,4,1,1.32,former,0,0,0,30.5,1,66
80,male,3,1,1.91,never,0,0,1,NA,1,27
67,male,4,4,2.84,former,600,1,1,21.8,0,65
52,male,3,4,1.11,current,0,0,1,33.1,1,2
69,male,3,5,3.87,never,0,0,1,33.8,0,61
64,female,1,3,0.68,never,0,0,1,NA,0,83
40,male,3,5,0.71,former,0,0,0,28.1,0,64
62,male,4,3,2.77,former,0,0,0,33,0,62
74,male,4,1,0.85,current,0,0,1,26.6,0,60
70,male,2,1,1.91,former,0,0,0,25,0,71
56,female,5,5,5,never,60,0,1,24.6,0,69
45,male,1,3,1.97,former,0,0,0,29.8,0,81
54,male,1,1,0.74,former,0,0,0,27.8,0,82
64,female,5,3,3.84,never,20,0,0,23.2,0,81
57,male,5,5,3.22,never,150,1,0,21.1,0,81
61,male,1,4,0.47,former,60,0,1,24.3,0,62
80,female,3,4,5,never,0,0,1,30.4,1,36
64,female,4,5,4.64,former,0,0,0,50.8,1,62
45,male,1,1,0.8,current,40,0,0,22.4,0,78
57,male,2,3,4.84,never,240,1,0,24.3,0,65
41,female,3,3,4.04,former,720,1,0,NA,0,60
69,female,3,5,5,never,90,0,0,32.7,0,80
80,female,3,5,5,former,0,0,0,28,0,75
43,male,1,1,2.57,former,0,0,0,28.5,0,68
71,female,4,5,2.39,never,690,1,0,36,1,54
49,female,5,5,5,former,630,1,0,23.3,0,72
45,female,3,3,0.82,never,0,0,1,28.2,0,59
62,male,1,1,3.79,former,1680,1,0,28.8,0,62
67,female,4,3,4.28,never,0,0,0,33.1,0,80
76,male,4,3,0.73,never,0,0,0,20.4,0,76
46,female,3,3,2.2,former,0,0,0,33.3,0,59
41,female,3,4,0.89,never,0,0,0,29.3,0,65
40,male,1,4,2.55,never,300,1,0,23.2,0,81
63,male,4,3,NA,current,0,0,0,32.6,1,43
40,female,3,1,0.03,never,0,0,0,25,0,84
40,female,4,4,0.7,never,195,1,0,51.5,0,81
61,male,3,4,1.1,current,1160,1,0,25.9,0,61
57,female,5,4,5,never,210,1,0,35,0,63
62,male,1,3,4.25,former,80,0,0,26.5,0,76
41,female,3,4,5,never,30,0,0,43.3,0,78
69,male,3,2,1.81,former,0,0,1,22.6,0,72
69,female,3,3,5,current,0,0,0,NA,0,60
41,male,1,2,1.28,current,60,0,0,21.8,0,65
51,male,3,2,1.48,former,0,0,0,19.8,0,62
51,female,3,5,5,former,210,1,0,27.4,0,77
76,female,3,4,1.04,never,150,1,0,31.3,0,67
80,female,3,1,1.54,never,0,0,0,37.2,1,51
49,male,5,3,4.64,current,0,0,0,18.2,0,62
48,male,5,5,5,never,0,0,0,24.4,0,73
43,female,5,3,1.25,never,210,1,0,20.5,0,78
59,male,5,5,5,never,200,1,0,23.1,0,80
42,female,3,4,1.82,former,0,0,0,35.7,0,74
63,female,2,4,3.05,never,135,0,0,32.8,0,82
43,male,4,3,0.08,current,300,1,0,20.4,0,60
42,female,3,5,0.87,former,0,0,0,45.3,0,83
40,female,5,3,2.52,never,90,0,0,25.1,0,60
41,female,4,4,3.37,never,120,0,0,35.3,0,75
52,male,5,4,4.53,former,90,0,0,24.4,0,73
74,female,4,3,NA,never,0,0,1,30.4,0,77
59,male,4,4,1.14,never,0,0,1,23.2,0,70
66,female,3,4,NA,never,0,0,0,27.1,0,82
45,female,3,3,5,former,0,0,0,27.9,0,63
64,female,2,3,0.7,former,0,0,0,42.2,0,73
49,female,4,4,NA,never,0,0,0,35.8,0,61
71,male,1,1,0.7,former,0,0,0,23.9,0,64
44,female,3,5,5,never,360,1,0,23.3,0,63
65,female,5,4,0.67,former,280,1,0,26,0,68
52,female,3,5,5,never,480,1,0,22.1,0,74
45,female,3,4,5,never,960,1,0,21.1,0,67
63,male,1,1,1.68,never,0,0,0,22.8,0,81
49,male,3,3,2.61,never,360,1,0,27.1,0,62
40,female,4,5,3.96,never,0,0,0,25.3,0,66
45,female,4,4,0.51,never,1560,1,0,28.6,0,69
80,male,3,5,5,former,120,0,1,27.3,0,73
42,female,3,1,0.67,never,0,0,0,37.2,0,81
48,male,5,5,5,never,1860,1,0,24,0,71
41,male,2,2,1.25,current,240,1,0,27.2,0,71
69,female,3,4,1.67,never,0,0,1,37.5,0,67
61,female,3,4,4.84,former,0,0,0,34.4,0,76
47,female,3,5,3.31,former,225,1,0,25.9,0,73
79,male,4,4,2.1,former,0,0,1,24,1,12
68,male,3,5,3.05,former,0,0,1,49.4,0,68
58,female,3,5,3.5,never,0,0,1,43.8,0,69
66,female,5,3,1.56,never,0,0,0,28.1,0,81
53,male,1,2,0.8,never,675,1,0,33.8,0,82
62,male,4,4,0.26,never,90,0,0,20.9,0,78
50,female,3,4,0.6,current,0,0,1,29,0,61
50,female,1,2,1.28,never,45,0,0,23.7,0,69
60,male,2,2,0.52,current,140,0,0,22.9,0,74
46,female,4,4,1.35,never,0,0,0,27.9,0,62
74,male,3,4,1.59,never,0,0,0,43.7,0,66
72,female,3,4,0.67,never,0,0,0,43.1,1,69
74,male,4,3,1.93,never,0,0,1,38,1,57
40,female,3,3,0,never,0,0,0,21.7,0,69
73,male,3,4,5,former,0,0,1,30.2,0,70
48,female,3,3,5,never,450,1,0,18.7,0,70
58,male,3,2,1.21,current,0,0,0,29.4,0,82
41,male,1,4,3.58,former,240,1,0,28.1,0,81
77,male,3,4,2.26,former,240,1,0,38.4,1,53
80,female,3,4,3.18,never,0,0,1,35.3,1,65
58,female,3,4,0.61,current,0,0,1,17.3,1,72
63,female,5,5,5,never,0,0,0,23.4,0,75
80,female,3,2,1.54,former,0,0,0,23.7,0,78
40,female,3,5,4.19,former,360,1,0,40.4,0,70
68,female,3,3,1.11,never,0,0,0,28,0,76
40,male,5,5,5,former,0,0,0,27.7,0,80
70,male,2,1,0.69,former,0,0,0,28.6,0,74
55,male,5,5,NA,current,0,0,0,28,0,75
80,female,3,2,1.2,never,0,0,0,45.2,1,40
61,male,3,3,2.13,current,0,0,0,21.7,1,16
76,male,4,4,5,never,0,0,0,29,0,75
42,female,3,3,3.1,never,390,1,0,37.2,0,61
44,male,4,1,0.15,never,0,0,0,27.8,0,69
79,male,4,3,1.77,former,125,0,0,19.5,0,71
61,female,5,5,5,never,150,1,0,25.8,0,75
71,female,1,1,1.02,never,0,0,1,30.7,0,69
71,female,3,5,5,never,0,0,1,32.6,0,68
45,female,1,4,2.1,former,0,0,0,42.4,0,82
42,female,3,4,1.92,former,120,0,0,26.9,0,73
60,female,5,4,0.64,never,0,0,0,16.3,0,70
57,male,4,1,0.39,former,0,0,0,25.8,0,70
56,female,3,4,3.05,never,0,0,0,21.3,0,70
72,female,1,4,2.12,never,80,0,0,26,1,37
80,male,3,4,3.22,never,225,1,1,20.7,1,13
54,female,1,2,NA,former,0,0,0,32.7,0,81
62,male,3,4,4.84,former,0,0,0,28.5,0,77
44,male,4,2,NA,current,0,0,0,33.1,0,77
54,male,4,2,3.18,current,0,0,0,19.6,0,76
80,male,3,5,3.22,former,0,0,1,24.7,1,18
54,female,5,5,5,never,360,1,0,17.2,0,74
46,male,4,2,0.74,never,0,0,1,31.1,0,76
57,female,3,3,1.03,current,180,1,0,30.2,1,55
72,female,1,1,0.44,former,0,0,1,28.2,1,56
40,female,5,4,1.11,never,0,0,0,26.9,0,70
80,female,3,1,1.93,never,0,0,NA,24.4,0,64
40,female,4,3,1.13,current,60,0,0,19.2,0,62
40,male,5,2,4.35,never,700,1,0,22.7,0,78
61,female,4,3,0.86,former,0,0,0,31.3,0,80
62,male,1,3,5,former,0,0,0,26,1,22
59,male,4,1,0.54,never,60,0,0,38.1,0,61
79,male,3,1,1.4,former,0,0,1,21.4,0,68
73,female,2,1,0.51,former,0,0,1,42,0,79
80,male,3,4,5,never,0,0,NA,24.7,1,56
60,female,4,4,3,current,0,0,0,28.1,0,59
80,female,3,3,2,former,0,0,1,26.5,0,63
51,male,4,4,5,former,150,1,0,25.7,0,72
55,male,3,4,2.57,never,0,0,0,36.9,0,81
80,female,3,4,0.81,never,0,0,0,26.1,0,78
70,female,5,4,3.81,former,135,0,1,38.9,0,73
66,male,3,2,2.05,former,0,0,1,30.9,0,83
52,female,4,3,NA,former,0,0,0,39.4,0,75
62,female,4,4,4.84,never,0,0,0,40.4,0,75
55,female,4,5,5,former,120,0,0,23.6,0,74
51,male,3,4,4.4,former,15,0,0,31.3,0,71
54,male,2,2,2.02,former,420,1,0,26.6,0,78
80,male,3,4,3.87,never,0,0,0,35.5,0,63
65,female,4,3,5,current,0,0,0,31.4,0,66
62,male,3,2,0.7,former,0,0,0,25.9,0,80
60,female,3,3,2.96,former,360,1,0,28.8,0,70
60,male,5,5,2.31,never,360,1,0,23,0,65
52,female,4,4,1.88,current,0,0,0,37.2,0,66
56,male,2,5,5,never,960,1,1,28.6,0,67
56,female,3,3,1.21,current,0,0,0,34.2,0,82
74,male,1,1,1.01,current,2400,1,0,24.4,1,43
63,male,4,4,5,former,0,0,1,31.6,0,73
80,male,3,4,1.23,never,0,0,1,NA,1,41
64,male,2,1,0.31,former,0,0,1,41.3,1,39
58,female,3,3,0.52,current,0,0,0,43.2,0,73
57,male,3,4,5,current,0,0,1,26.9,0,67
80,male,3,4,0.95,never,125,0,1,21,0,68
73,male,2,4,2.06,never,240,1,0,21.9,1,54
41,male,5,5,3.63,never,135,0,0,25,0,65
43,male,2,3,3.05,current,240,1,0,23.8,0,74
78,female,3,3,1.93,never,0,0,1,23.9,0,72
64,male,2,1,0.61,former,0,0,0,27.3,0,78
53,female,3,2,0.85,current,0,0,0,30.4,0,79
80,female,4,1,1.75,never,0,0,0,29.3,0,71
41,male,5,5,5,never,120,0,0,25.8,0,77
48,male,5,4,1.54,never,0,0,0,30,0,67
57,female,2,3,3.09,former,0,0,0,21.1,0,61
59,male,5,3,0.84,current,0,0,0,20.2,0,81
48,female,5,4,5,former,180,1,0,22.3,0,69
52,male,3,4,3.81,current,0,0,0,22.7,0,77
57,male,1,3,1.65,never,0,0,1,27.9,0,73
65,female,3,5,5,never,0,0,1,25.3,0,81
53,male,5,4,NA,current,0,0,0,31.3,0,61
69,male,4,3,1.74,current,20,0,0,19.3,0,68
43,male,3,4,1.42,former,0,0,0,47.4,0,72
80,female,3,5,5,former,20,0,0,36.5,1,57
67,male,5,5,5,former,480,1,0,25.4,0,79
80,female,3,4,1.88,never,0,0,0,21.6,0,74
67,male,2,5,5,former,2160,1,0,26.1,0,70
55,female,3,4,5,never,0,0,0,50.3,0,78
40,female,3,4,0.86,current,0,0,0,34.3,0,77
42,male,5,1,NA,never,0,0,0,26.8,0,59
80,female,3,5,5,never,175,1,0,17.7,0,75
45,female,3,4,1.78,current,0,0,0,32.8,0,80
55,female,3,5,NA,never,75,0,0,20.3,0,75
44,male,1,3,0.69,current,0,0,0,25.6,0,68
63,female,1,5,5,never,0,0,0,29,0,65
80,male,3,5,5,former,360,1,1,30.8,0,62
52,female,4,5,3.92,former,105,0,0,26.1,0,72
47,male,3,2,1.81,former,130,0,0,31.2,0,71
43,male,4,4,2.18,never,420,1,0,29.2,0,80
54,male,1,3,0.85,never,0,0,0,21.8,0,64
65,female,3,5,5,never,300,1,0,18.6,0,74
55,male,5,3,2.15,current,0,0,0,22,0,77
54,male,4,2,0.29,former,480,1,0,31.1,0,79
48,male,2,3,0.52,never,1680,1,0,26.2,0,81
70,male,4,3,1.29,never,0,0,0,27.3,0,61
57,female,4,5,5,never,0,0,0,37.1,0,79
64,male,4,4,2.12,current,240,1,0,26.4,0,63
80,female,3,5,3.31,former,90,0,0,21.1,1,58
73,male,4,2,2.69,never,0,0,0,25.3,1,14
60,female,3,3,0.98,current,60,0,0,33.3,1,30
62,male,3,3,2.23,former,0,0,1,27.8,0,78
66,female,5,2,2.58,never,120,0,1,30.2,0,80
54,male,5,5,5,never,0,0,0,24.8,0,72
45,female,5,4,1.04,former,90,0,0,82.9,0,74
80,female,3,3,2.23,never,45,0,0,22.1,0,67
72,female,4,2,NA,never,0,0,0,40.6,0,75
69,female,3,3,1.77,never,0,0,0,30.7,0,77
62,female,2,1,NA,current,0,0,1,42.8,0,79
67,female,3,5,3.03,current,0,0,1,21.5,0,72
70,male,3,4,0.71,current,0,0,0,17,1,16
67,female,3,4,0.9,never,0,0,1,34,0,76
58,male,4,3,3.43,current,120,0,0,24.2,0,78
42,female,4,5,5,never,100,0,0,20.5,0,60
50,male,4,2,2.06,never,0,0,0,74.1,0,66
67,male,3,4,2.82,former,630,1,1,32.2,0,76
77,female,3,5,2.27,never,60,0,0,25.4,0,79
43,female,4,4,4.11,never,0,0,0,29.7,0,80
57,female,5,5,3.81,former,70,0,0,27.3,0,70
46,male,3,4,5,never,1020,1,0,25.7,0,68
75,female,3,1,0.87,never,420,1,0,29.4,0,62
63,male,1,2,3.33,current,0,0,0,27.4,0,67
62,female,4,5,4.61,current,90,0,0,29.3,0,75
53,female,2,5,2.1,never,0,0,0,22.1,0,73
76,male,3,4,1.23,former,0,0,0,28.8,1,58
61,male,3,3,0.82,never,0,0,0,49.4,0,76
58,female,5,4,5,never,0,0,0,22.8,0,62
73,female,1,4,3.81,never,720,1,0,28.3,0,62
56,female,3,3,2.58,never,0,0,0,32.3,0,62
42,female,3,5,5,former,0,0,0,29.6,0,69
50,female,5,4,2.9,never,180,1,0,27.6,0,69
70,female,3,4,1.91,never,0,0,0,28.5,0,73
41,female,4,2,0.07,former,0,0,0,21.9,0,65
42,female,3,5,5,never,360,1,0,24.3,0,74
71,female,2,2,0.86,never,0,0,1,28.5,0,71
58,male,1,4,3.43,former,1500,1,0,28.3,0,64
42,female,1,1,1.07,never,650,1,0,27.1,0,67
68,male,4,3,NA,former,120,0,1,22.4,1,46
45,male,5,3,2.63,current,0,0,0,27.4,0,80
58,female,4,3,1.68,former,0,0,0,34.7,0,80
47,female,3,5,5,never,390,1,0,22.3,0,79
52,male,3,5,1.47,never,0,0,1,57.3,0,78
72,female,3,2,1.03,never,0,0,0,40.3,0,67
66,female,1,1,1.25,never,70,0,1,38.7,0,77
56,female,5,1,0.51,never,0,0,0,27.5,0,68
40,female,4,3,0.57,never,0,0,0,32.7,0,70
80,female,3,4,4.28,never,150,1,1,24.5,0,61
58,female,2,4,3.35,never,210,1,0,26.2,0,70
69,female,2,2,1.59,never,0,0,0,27.4,0,64
42,male,5,4,NA,current,300,1,0,23.5,0,62
41,female,1,2,2.1,never,0,0,0,31.2,0,81
48,male,3,3,4.77,never,210,1,0,27.8,0,79
80,female,3,2,1.29,former,0,0,1,28.1,1,48
51,female,3,5,5,never,60,0,0,26.1,0,67
80,female,3,2,3.83,never,0,0,0,31.6,0,75
56,female,3,3,0.78,current,0,0,0,31.2,1,73
80,female,3,NA,0.72,never,0,0,0,24.5,1,34
57,male,3,4,1.43,former,0,0,0,32.2,0,67
60,male,4,2,0.71,never,0,0,0,29.8,0,68
47,female,2,5,2.1,never,180,1,0,19.8,0,74
41,male,3,4,1.45,current,0,0,0,27.2,0,75
47,female,4,4,NA,never,0,0,0,34,0,78
70,female,5,3,0.85,never,0,0,0,20.3,0,81
54,female,3,1,0.57,current,0,0,0,28.2,0,69
68,female,4,3,1.89,former,150,1,0,38.1,0,59
57,female,5,4,5,never,0,0,0,23.4,0,81
73,male,5,5,0.77,never,540,1,0,29.4,0,66
80,male,3,4,1.39,former,0,0,0,32.5,1,27
65,female,2,4,1.54,current,300,1,0,19,0,72
43,male,3,3,NA,current,0,0,0,33.5,0,63
48,male,4,5,4.82,never,60,0,0,34.6,0,64
59,male,5,5,5,never,60,0,0,23.5,0,62
73,male,3,4,2.42,former,120,0,0,30,0,78
44,female,3,4,2.31,never,240,1,0,29.8,0,78
59,male,3,5,NA,former,60,0,1,23.3,0,62
42,male,4,3,2.49,current,600,1,0,25.9,0,79
73,female,5,5,1.43,never,540,1,0,26.7,0,82
68,male,4,5,1.57,never,0,0,0,24.8,0,64
67,female,1,1,0.64,never,315,1,1,34.5,0,81
78,male,1,2,2.12,former,630,1,0,24.8,0,81
60,female,3,4,2.57,former,0,0,1,63,0,63
61,male,2,3,3.09,former,0,0,0,30.6,0,61
44,female,1,1,NA,never,0,0,0,30,0,68
41,female,4,5,4.07,never,180,1,0,41.3,0,80
60,male,2,3,3.22,never,120,0,1,28.9,0,75
53,male,3,2,0.98,former,300,1,1,30.4,0,84
42,male,3,4,5,current,30,0,0,25.3,0,63
65,male,3,4,3.93,former,120,0,1,22.8,0,84
53,female,5,5,4.84,never,45,0,0,22.2,0,72
44,female,4,3,1.31,current,100,0,0,28.5,0,68
42,female,3,3,0.39,current,0,0,0,28,0,76
63,male,3,5,2.14,former,1020,1,0,44.5,0,72
67,female,4,2,4.07,never,40,0,0,44,0,78
60,female,4,5,2.67,never,0,0,1,25.8,0,78
58,female,3,2,0.83,current,0,0,1,26.6,0,72
73,male,2,3,4.16,former,90,0,0,29.1,0,70
51,female,3,5,5,never,500,1,0,25.3,0,74
67,female,1,1,1.38,never,0,0,0,32.8,0,64
76,male,4,4,3.03,never,0,0,0,42,0,70
62,male,4,2,0.87,current,0,0,0,34.7,0,63
51,male,3,5,5,never,120,0,1,30.7,0,77
43,female,5,5,5,never,120,0,0,23.5,0,78
54,male,3,5,4.48,never,180,1,0,26.4,0,78
70,male,3,5,5,former,315,1,0,34.9,0,63
48,male,4,3,2.57,never,0,0,0,29.1,0,80
41,female,5,4,2.76,never,720,1,0,32.5,0,60
49,female,3,4,3.26,former,90,0,1,36.8,0,67
80,female,3,4,5,never,180,1,0,30.7,0,71
78,male,3,5,5,former,60,0,1,25.5,0,79
53,female,5,5,5,never,30,0,0,21.8,0,73
80,female,2,2,2.63,never,0,0,1,34,0,68
71,female,4,3,0.9,never,150,1,0,29.2,1,63
41,male,3,2,0.59,current,0,0,0,33.6,0,79
75,female,3,3,2.26,never,120,0,1,40.6,0,68
66,female,3,4,1.59,never,0,0,0,50.6,1,5
48,female,4,3,0.86,never,0,0,0,22.8,0,61
43,female,1,3,1.5,never,0,0,0,30.2,0,63
70,female,3,4,5,former,0,0,1,25.5,0,69
74,female,3,4,3.12,never,1320,1,1,23.9,0,77
46,female,4,5,1.95,current,0,0,1,23.8,0,72
60,male,1,1,2.26,former,945,1,0,26.1,0,82
46,male,3,5,5,never,360,1,0,27.6,0,76
80,male,4,3,3.07,never,135,0,0,20.7,0,61
52,male,3,3,0,current,360,1,0,26.4,0,75
44,male,3,2,2.54,current,0,0,0,27.9,0,75
46,male,4,4,1.93,never,0,0,0,28.4,0,62
54,female,2,4,5,former,0,0,0,42.6,0,74
63,female,5,2,5,never,0,0,0,18.7,0,71
60,female,4,4,1.53,never,420,1,0,40.9,0,76
62,male,2,1,1.36,current,0,0,0,25.9,0,79
80,female,3,3,1.78,never,140,0,1,33.8,0,73
80,male,3,3,2.03,never,0,0,1,28.5,1,35
53,female,3,4,3.68,current,120,0,0,30.5,0,68
44,female,3,4,1.02,current,0,0,0,24.7,0,69
79,female,2,4,1.22,never,180,1,1,29.8,0,80
44,female,3,2,0.5,current,0,0,0,22,0,82
72,female,3,4,1.14,former,0,0,1,33.1,0,77
80,male,3,3,0.71,former,0,0,1,29.7,1,58
80,male,5,5,5,never,315,1,1,21.1,0,81
74,male,3,2,0.84,former,300,1,1,27.7,0,80
40,female,5,5,2.16,current,590,1,0,27.1,0,72
66,male,4,3,1.75,current,300,1,0,18.6,0,82
76,female,4,3,3.56,former,90,0,1,34.7,1,16
58,female,5,4,3.54,never,0,0,0,26.2,0,70
58,female,3,5,5,never,120,0,0,32,0,70
41,female,1,4,5,former,360,1,0,26.1,0,63
64,male,3,5,1.28,former,0,0,1,33.1,1,54
63,male,4,3,2.14,current,0,0,0,20.6,0,65
58,female,5,5,NA,never,540,1,0,27.2,0,72
61,male,5,1,0.72,former,0,0,0,25.6,0,61
57,female,5,4,2.12,current,240,1,1,28.5,0,61
62,female,1,4,3.09,never,0,0,0,24.4,0,63
50,male,4,4,NA,current,0,0,0,30.5,0,76
45,male,1,5,3.08,never,840,1,0,30.9,0,66
50,female,1,5,2.63,never,90,0,0,36.4,0,68
54,male,4,4,1.33,former,4500,1,0,29.3,0,73
67,female,3,4,4.05,former,360,1,0,37.7,0,84
62,male,3,5,2.9,former,90,0,0,30.6,0,64
48,male,3,4,5,never,0,0,0,29.5,0,69
59,male,5,5,5,former,0,0,0,30,0,71
54,female,1,1,0.96,never,200,1,1,41.3,0,81
45,male,3,3,0.88,current,420,1,0,25.6,0,74
40,male,5,1,0.16,current,0,0,0,24.1,0,66
49,female,4,4,3.22,former,720,1,0,29.1,0,60
80,female,3,3,NA,never,180,1,1,22.5,0,63
74,male,3,2,3.74,former,150,1,1,30.5,0,64
80,male,3,5,1.88,never,0,0,1,25.4,1,63
59,female,3,4,5,never,495,1,0,24.6,0,78
55,female,3,5,5,former,0,0,0,42,0,70
59,male,3,5,0.01,former,0,0,0,28.1,1,56
43,male,5,5,3.18,never,120,0,0,28.2,0,74
53,male,4,3,2.45,former,0,0,0,31.5,0,68
80,male,4,1,0.86,former,0,0,1,37.4,1,68
66,female,4,3,1.91,never,0,0,0,33.7,0,71
80,male,3,5,NA,never,180,1,1,25.9,1,36
41,male,3,4,4.88,never,660,1,0,27.9,0,68
80,male,3,1,2.23,current,300,1,1,21.8,1,34
65,female,3,2,5,never,0,0,0,25.5,0,82
47,male,2,1,NA,former,120,0,0,24.4,0,62
40,male,5,4,5,current,120,0,0,28,0,76
65,male,4,5,5,never,0,0,0,36.5,0,76
68,female,3,2,0.99,former,0,0,1,21.2,1,8
72,male,5,5,3.48,never,600,1,0,23.7,0,81
80,female,3,5,3.74,never,0,0,1,24.7,0,75
43,male,5,5,5,never,210,1,0,25.9,0,80
60,male,3,5,5,never,380,1,0,24.7,0,71
42,male,3,3,1.01,current,300,1,0,31.7,1,12
43,male,3,3,3.14,never,60,0,0,25.6,0,76
69,male,3,4,3.18,former,180,1,1,27.9,0,67
56,female,3,3,3.92,never,0,0,0,27.1,0,63
59,female,3,3,1.11,current,0,0,0,32,0,77
60,female,4,5,5,former,450,1,0,39.1,0,76
65,female,3,5,2.39,former,0,0,0,33,1,34
48,female,2,2,0.22,never,375,1,0,32.2,0,83
57,male,3,5,5,never,120,0,0,24.5,0,76
45,male,1,2,1.5,never,0,0,0,30,0,63
80,female,3,3,0.85,never,0,0,0,27.6,1,19
65,male,3,5,5,never,270,1,1,24,0,74
50,female,3,4,0.61,never,0,0,0,42.3,0,82
52,female,4,4,1.7,never,0,0,0,34.7,0,62
49,male,2,2,2.33,never,0,0,0,23.8,0,73
58,male,1,2,1.52,current,0,0,0,26.5,0,76
79,male,3,5,1.49,former,0,0,1,20.9,1,34
58,female,2,4,3.75,former,0,0,1,41.2,0,71
42,male,3,5,3.79,never,0,0,0,35.3,0,63
56,female,5,5,3.54,never,30,0,0,28.2,0,67
55,male,4,4,2.56,never,0,0,1,24.7,0,67
42,female,3,1,1.78,current,0,0,1,33.8,1,73
61,female,5,3,2.31,never,240,1,0,18.3,0,70
61,female,3,3,NA,never,0,0,0,32.5,0,69
68,female,1,4,1.1,current,450,1,0,38.1,0,68
75,female,3,5,3.26,never,0,0,0,26.1,0,73
79,female,3,5,2.14,current,0,0,0,NA,1,20
57,female,3,5,4.81,never,0,0,0,28.9,0,75
80,female,3,3,2.19,former,210,1,1,23.9,0,61
45,male,2,4,5,former,840,1,0,30.5,0,67
59,female,5,4,2.61,never,90,0,0,27.7,0,72
67,female,1,5,0.32,never,180,1,0,30.3,0,82
46,male,4,2,2.1,current,0,0,0,22.4,0,77
63,female,3,2,1.14,former,0,0,0,31.5,0,76
60,male,3,4,5,former,0,0,1,29.9,0,62
52,female,1,1,3.79,never,0,0,0,27.7,0,67
68,male,2,4,5,never,375,1,1,30.4,0,61
70,female,1,1,NA,former,0,0,1,35.3,0,80
55,female,2,4,1.93,never,900,1,0,28.8,0,72
40,male,3,3,2.54,current,0,0,0,25.2,0,67
76,female,3,3,2.53,former,0,0,0,33.3,0,63
66,male,1,4,2.58,former,240,1,0,29.6,0,64
80,female,4,4,5,never,10,0,0,40.8,1,56
61,male,5,1,2.2,former,0,0,0,28.5,0,68
42,male,2,5,2.19,never,60,0,0,36.2,0,69
58,male,3,5,5,never,0,0,0,25.1,0,75
47,male,4,5,5,current,135,0,0,36.9,0,76
55,female,4,4,3.31,current,240,1,0,22.2,0,74
80,female,3,4,3.22,former,0,0,1,25.8,1,25
50,male,4,5,2.97,never,45,0,0,30.5,0,71
80,male,3,3,1.97,never,150,1,1,21.6,0,67
49,female,2,3,2.15,never,0,0,0,33.2,0,82
62,female,1,1,NA,never,180,1,0,24.9,0,80
51,female,4,4,0.39,never,0,0,0,35.4,0,80
48,female,3,3,0.78,current,0,0,1,22.1,0,63
80,male,1,1,1.23,former,0,0,0,21.5,1,48
41,female,5,2,NA,never,0,0,0,19.6,0,79
63,male,3,5,5,former,225,1,0,23.9,0,78
44,female,3,5,5,never,900,1,0,23.3,0,68
48,male,5,4,0.65,never,0,0,0,38.2,1,71
46,male,5,4,3.07,former,840,1,0,21.2,0,73
80,male,3,3,1.55,former,0,0,1,29,1,54
49,male,1,1,1.83,never,0,0,0,25.2,0,81
45,female,5,5,3.48,never,90,0,0,28.3,0,61
80,male,2,1,0.51,never,0,0,0,27.6,0,61
67,male,4,2,2.54,former,0,0,0,38.4,0,79
65,male,1,1,1.29,former,0,0,1,31.8,0,68
64,female,4,3,0.82,former,0,0,0,25.8,0,80
58,male,4,3,2.06,current,0,0,0,27.9,0,70
43,female,3,4,0.37,current,0,0,0,22.4,0,72
73,female,3,5,2.09,never,1200,1,0,24.8,1,61
80,male,3,4,4.28,never,245,1,1,23.9,1,13
59,male,4,4,5,never,0,0,0,41.3,0,78
55,male,1,2,3.5,never,0,0,0,39.8,0,82
67,female,3,3,1.89,former,105,0,1,39.3,1,30
63,male,3,5,1.18,former,0,0,0,34.4,0,61
59,female,3,4,2.38,former,0,0,0,34.4,0,76
80,female,2,1,2.43,never,0,0,0,19.3,1,10
62,male,2,1,4.35,former,120,0,0,26.3,0,61
64,female,3,3,3.93,current,0,0,1,21.6,0,82
56,male,3,4,2.34,current,0,0,0,44.1,0,72
80,female,3,5,2.39,former,0,0,1,NA,1,29
69,female,1,2,1.02,former,300,1,0,28.1,0,68
59,female,5,5,2.26,never,225,1,0,36.1,0,80
50,male,4,4,3.37,never,0,0,0,24.4,0,75
51,female,4,3,0.77,never,1260,1,0,24.7,0,78
75,male,1,1,NA,never,0,0,0,22.9,0,76
44,female,1,4,1.05,never,0,0,0,50.5,0,73
75,male,3,4,1.46,former,0,0,1,29.2,0,70
65,female,4,2,2.29,never,0,0,0,23.8,0,69
51,male,5,2,0.09,current,0,0,0,21.7,0,75
49,male,3,3,5,former,0,0,0,41.3,0,80
55,male,5,5,3.03,current,0,0,0,24.6,0,66
66,male,3,4,1.08,never,0,0,0,30.7,0,66
53,male,4,5,5,never,180,1,0,34.5,0,80
77,male,3,1,1.2,former,90,0,1,37,0,66
61,female,1,1,0.19,never,210,1,0,32.8,0,81
80,female,4,3,NA,never,60,0,0,24.1,0,66
52,female,2,2,0.58,current,180,1,0,28.8,0,82
43,female,2,2,0.45,never,0,0,0,33.7,0,64
61,male,5,5,NA,former,720,1,0,27.4,0,70
67,female,2,2,1.72,never,100,0,0,32.6,0,76
64,female,3,4,1.93,never,70,0,1,41.5,0,80
53,male,2,3,NA,former,0,0,0,23.1,0,73
56,male,1,4,1.27,former,660,1,0,28.4,0,61
42,male,1,4,1.27,never,0,0,0,37.3,0,65
46,male,5,3,5,former,0,0,0,37.3,0,78
61,male,4,3,1.27,current,0,0,0,43.3,0,78
45,male,1,4,3.93,current,265,1,0,29.8,0,82
72,male,1,1,0.64,former,0,0,0,32,0,82
67,male,5,1,2.73,never,0,0,0,27.9,0,73
68,female,5,1,0.86,never,0,0,0,24.7,0,61
40,male,4,3,2.37,current,2460,1,0,31.4,0,63
60,male,4,4,5,never,220,1,0,28.7,0,65
68,male,4,1,0.61,current,0,0,0,20,0,71
57,female,2,1,NA,never,120,0,0,24.7,0,65
76,male,1,1,0.77,current,0,0,1,27,0,63
42,female,1,1,1.38,never,0,0,0,36.3,0,81
52,male,3,3,0.73,current,0,0,0,NA,1,5
57,female,3,4,0.74,former,0,0,1,36.5,1,45
80,female,3,4,1.27,never,0,0,1,33.8,1,50
47,female,1,4,0.27,current,0,0,0,40.9,0,82
63,male,1,4,2.9,never,0,0,0,28.1,0,61
40,female,4,4,NA,never,75,0,0,28.2,0,60
75,male,5,5,2.58,never,420,1,1,20.8,0,61
55,female,2,4,2.34,never,0,0,0,34.7,0,74
80,male,3,3,3.46,former,0,0,1,25.5,0,80
74,female,2,2,NA,never,180,1,0,30,0,70
41,female,3,2,0.25,current,0,0,0,18.6,0,73
63,female,1,1,1.26,never,0,0,1,36.3,0,74
40,male,4,4,0.84,never,140,0,0,28.8,0,79
56,male,3,3,5,former,150,1,0,28.7,0,77
80,female,3,5,NA,never,0,0,1,26.4,0,63
63,female,4,3,0.46,never,0,0,0,43.4,1,65
61,male,4,2,0.6,current,0,0,1,27.9,0,81
78,female,5,4,1.41,former,0,0,0,33.9,0,71
58,male,3,5,1.11,current,360,1,1,29.9,1,7
57,female,2,3,3.05,former,0,0,0,33.9,0,63
68,female,1,1,NA,never,0,0,1,34.4,0,65
68,male,3,4,1.48,current,0,0,0,38.1,0,68
42,female,5,3,1.82,never,420,1,0,23,0,69
43,male,3,4,5,never,0,0,0,34.7,0,69
48,female,5,5,5,former,180,1,0,21.3,0,65
43,female,1,2,NA,never,360,1,0,35.6,0,65
73,female,3,5,NA,never,0,0,0,35.9,0,72
72,male,5,5,2.9,never,360,1,0,35.7,1,24
55,female,4,3,3.26,never,360,1,0,35.3,0,79
50,male,4,3,0.51,current,0,0,0,34.8,0,62
41,female,3,5,4.72,never,780,1,0,21.6,0,67
80,male,1,5,5,never,0,0,0,26.8,0,82
44,female,5,5,3.98,never,0,0,0,18.5,0,81
44,male,1,4,1.64,current,0,0,0,39.1,0,82
47,male,4,4,2.58,never,480,1,0,39.9,0,63
64,male,2,4,1.93,current,0,0,0,28,0,61
52,female,2,3,3.09,never,0,0,0,30.3,0,68
57,male,4,1,0.44,former,90,0,0,34.9,0,74
73,male,5,5,1.24,former,0,0,1,30.6,1,36
69,female,5,4,0.12,former,150,1,0,27.5,0,62
65,male,4,4,0.93,never,0,0,0,25.1,0,77
53,male,2,2,0.95,current,0,0,0,33.6,0,79
66,male,2,3,1.29,former,180,1,0,29,1,76
76,male,3,4,2.42,former,0,0,0,24.3,0,59
64,male,1,4,0.72,former,0,0,1,50.6,1,54
45,male,3,3,3.1,never,405,1,0,33,0,62
51,male,2,2,0.77,former,0,0,0,22.6,0,73
80,female,4,4,0.84,former,0,0,1,32.2,1,8
80,male,4,2,1.39,former,0,0,0,23.8,1,54
73,male,5,2,0.67,current,0,0,0,20.1,0,82
45,female,4,4,1.99,never,60,0,0,27.3,0,63
47,male,1,3,0.28,current,0,0,0,30.4,0,80
47,female,1,2,0.84,former,0,0,0,27.3,0,82
65,male,1,1,1.87,former,0,0,0,30.5,0,68
42,female,5,4,2.73,never,0,0,0,22.2,0,78
62,female,3,4,1.53,current,0,0,1,31.6,0,72
44,female,3,4,1.93,current,0,0,0,19.2,0,62
64,male,1,4,5,current,180,1,0,26.8,0,81
64,female,4,3,5,never,150,1,0,40.6,1,38
61,female,3,4,1.64,former,0,0,0,41.9,0,73
48,female,2,2,4.16,never,300,1,0,30.2,0,70
67,female,3,5,5,former,0,0,0,37.4,0,78
59,female,3,5,0.12,never,0,0,0,22.4,0,76
63,female,3,5,4.54,former,900,1,0,29.3,0,58
61,male,3,3,4.32,current,0,0,1,45,1,58
72,female,3,2,2.65,current,0,0,0,26.3,0,68
43,male,5,4,4.25,never,2160,1,0,25.3,0,60
40,male,5,5,5,never,1680,1,0,24.3,0,75
49,female,3,5,5,never,2100,1,0,23.7,0,76
75,male,4,2,0.48,former,60,0,1,17.8,1,17
47,male,3,5,5,never,180,1,0,27.6,0,65
77,female,3,3,1.76,never,0,0,0,33.2,0,81
46,male,3,3,1.47,current,0,0,0,23.9,0,70
77,male,5,1,0.86,former,0,0,0,22.9,1,33
51,male,2,1,4.44,former,0,0,0,36.3,0,61
73,male,3,3,1.55,never,20,0,1,24.7,0,82
56,female,5,5,1,current,0,0,1,34,0,74
40,female,5,4,2.12,current,0,0,1,49.5,0,62
58,male,5,5,5,never,0,0,0,28.3,0,67
63,female,2,4,4.84,never,0,0,0,27.4,0,82
40,male,3,5,5,never,450,1,0,22.3,0,62
53,male,3,3,0.04,current,0,0,0,20.7,0,84
61,female,3,1,0.76,current,0,0,0,43.2,0,76
80,male,4,1,0.84,never,0,0,0,23.7,1,17
66,male,4,4,1.22,current,30,0,0,21.5,0,81
62,male,2,3,2.43,former,100,0,0,29.1,0,73
51,female,2,1,0.02,former,210,1,0,21.5,0,81
41,female,3,5,NA,never,240,1,0,25.1,0,64
72,male,3,3,0.76,never,0,0,0,32.5,0,70
80,male,4,3,0.84,never,0,0,0,25.5,0,77
80,female,3,1,0.53,former,0,0,1,32.8,0,68
63,male,2,1,NA,current,0,0,0,24.2,0,70
61,male,1,1,0.69,never,300,1,1,32.6,1,60
54,female,3,3,2.14,current,450,1,0,35.9,0,80
49,male,4,1,0.51,never,0,0,0,23.9,0,65
59,female,3,3,0,current,0,0,0,19.4,0,82
73,female,3,4,5,former,0,0,0,24.6,0,75
69,female,4,2,1.22,former,180,1,0,21.8,0,61
46,male,3,2,1.45,never,0,0,0,35.3,0,68
67,male,5,3,3.81,former,0,0,1,24.9,0,75
57,female,3,3,2.2,never,0,0,0,31.7,0,67
80,male,3,3,2.67,former,0,0,0,28.4,0,77
57,female,4,4,NA,current,0,0,1,NA,0,83
66,male,3,4,4.77,never,30,0,0,25.3,0,68
60,male,4,3,3.22,former,60,0,0,22.8,0,82
47,female,3,5,5,former,420,1,0,20.9,0,76
73,female,1,2,1.18,current,30,0,1,26.2,1,28
44,female,4,4,4.36,former,60,0,0,43.5,0,73
75,male,5,5,1.43,former,120,0,0,26.4,0,81
41,female,4,3,0.56,never,0,0,0,27.9,0,80
43,female,4,5,0.86,current,900,1,0,24.1,0,76
76,male,3,4,4.13,never,720,1,0,27.7,0,78
50,female,3,4,1.51,current,420,1,0,35.8,0,64
67,male,1,2,3.5,never,0,0,0,27.1,0,80
60,female,2,2,NA,never,0,0,0,30,0,62
61,female,3,5,5,former,420,1,1,20,0,67
52,female,3,5,5,never,225,1,0,23.7,0,61
80,female,3,5,5,never,510,1,0,23.1,1,44
63,male,3,5,5,never,0,0,0,34.8,0,81
51,female,3,3,4.28,never,0,0,0,49.3,0,67
67,female,3,3,5,former,0,0,0,24.2,0,69
41,female,1,2,0.54,never,360,1,0,27.1,0,81
66,male,4,5,4.84,former,0,0,1,29.4,0,63
79,female,3,1,0.9,never,0,0,1,23.5,1,22
74,female,3,4,4.3,former,0,0,0,33.6,0,61
54,female,3,5,5,never,0,0,0,33.9,0,62
66,female,4,3,2.23,current,0,0,1,22.7,0,70
80,female,3,5,1.16,never,0,0,0,23.7,0,72
44,female,5,4,1.84,never,0,0,0,47.1,0,71
41,female,3,4,0.78,never,0,0,1,22.4,0,82
52,male,4,1,0.87,never,0,0,0,24,0,77
62,male,3,4,0.98,former,100,0,1,22.3,1,28
66,male,5,5,5,never,1925,1,0,23.3,0,73
80,female,3,1,1.59,former,0,0,1,27.4,1,44
40,female,1,2,0.72,never,600,1,0,26.7,0,71
76,female,3,3,1.92,former,0,0,1,22.9,1,33
64,male,5,5,0.64,never,0,0,0,17.7,0,71
47,male,3,5,5,never,180,1,0,24.4,0,76
80,female,2,1,NA,never,0,0,0,21.3,1,23
47,female,4,5,5,never,390,1,0,65.5,0,80
78,male,4,4,4.61,current,0,0,1,33,0,75
72,female,5,5,5,never,0,0,1,29.7,0,70
40,male,1,2,0.9,current,0,0,0,32.4,0,64
80,female,3,3,0.94,former,0,0,0,28.6,1,63
41,female,1,2,1.07,never,1080,1,0,34.8,0,64
57,female,5,3,1.89,former,0,0,1,31.6,0,70
40,male,1,4,4.12,never,0,0,0,31.6,0,61
55,male,5,4,5,never,0,0,0,27.5,0,81
77,female,3,3,2.03,never,180,1,1,31.6,0,69
80,female,3,5,1.8,never,135,0,1,20.5,0,77
41,female,3,4,5,never,330,1,0,28.4,0,67
44,female,1,2,1.27,never,540,1,0,28.7,0,61
70,female,3,3,1.11,never,30,0,0,33.8,0,78
77,male,3,5,0.64,never,0,0,0,25.9,0,71
59,male,2,5,5,former,0,0,0,29.3,0,61
65,female,1,4,1.64,never,0,0,0,28.9,0,82
75,male,3,2,1.93,former,0,0,0,34.2,0,76
60,male,3,3,0.73,former,0,0,1,22.4,1,50
43,female,3,3,3.28,current,0,0,0,32.5,0,79
63,female,1,4,0.72,former,0,0,1,35.5,0,81
47,female,4,4,5,never,1180,1,0,44.1,0,75
63,female,3,5,3.75,never,360,1,0,19.5,0,61
66,male,3,5,5,never,0,0,1,NA,1,26
80,female,4,4,1.71,never,0,0,0,28.3,1,27
41,female,3,4,5,former,200,1,0,33.7,0,80
63,male,4,4,3.87,former,180,1,0,40.3,0,77
55,male,1,1,0.96,never,45,0,0,26.7,0,81
66,male,5,2,0.93,current,0,0,1,26.9,0,79
73,female,3,4,1.48,never,0,0,1,22.9,0,83
40,female,3,3,4.88,current,0,0,0,23.2,0,71
43,female,2,3,4.18,never,90,0,0,22.5,0,81
44,male,3,4,1.24,current,0,0,0,19,0,64
45,female,5,5,4.19,never,80,0,0,19.9,0,68
52,male,3,4,4.86,former,0,0,1,43.7,0,59
52,male,3,5,4.28,never,0,0,0,25.5,0,61
80,female,3,4,NA,former,0,0,0,NA,1,7
49,female,3,4,0.32,never,380,1,0,28.4,0,75
44,male,1,3,1.14,former,180,1,0,41.2,0,67
65,female,4,3,3.07,never,90,0,0,33.7,1,32
62,female,3,4,2.23,former,600,1,1,30.1,0,79
47,female,3,5,1.92,never,40,0,1,48.3,0,78
46,male,4,2,0.9,current,0,0,0,30.2,0,81
44,male,5,5,2.51,former,810,1,0,22.9,0,70
55,male,5,3,3.14,current,0,0,0,25.7,0,76
67,female,3,3,2.26,current,180,1,1,26.1,0,68
58,female,3,4,4.32,former,0,0,0,43.3,1,40
49,female,4,4,3.45,never,60,0,0,28.7,0,61
69,male,3,1,1.38,former,0,0,1,26.9,0,69
80,female,3,2,5,former,90,0,1,31,0,74
44,male,3,3,5,former,0,0,0,34.5,0,67
45,female,2,2,NA,never,0,0,0,36,0,82
41,male,5,3,1.56,current,0,0,0,26.9,0,80
44,male,5,4,5,current,0,0,0,30,0,61
52,male,4,5,NA,never,540,1,0,26.7,0,71
56,female,1,3,2.33,never,280,1,0,27.3,0,79
45,male,3,2,1.16,former,720,1,0,27.7,0,70
68,female,3,2,1.19,current,75,0,0,29.8,0,83
80,female,3,5,1.89,never,50,0,1,23.2,1,11
71,male,3,3,NA,never,0,0,0,30.8,0,72
67,male,4,2,4.25,former,600,1,0,31.2,0,74
57,male,3,4,0,former,0,0,0,29,0,67
59,female,1,1,0.91,never,0,0,0,29.5,0,75
62,female,4,4,5,former,180,1,0,34.3,0,70
52,female,3,4,1.74,current,0,0,1,30.2,0,74
63,male,3,5,3.81,former,0,0,0,25.6,0,68
58,male,4,5,1.63,former,180,1,0,31,1,63
68,female,3,3,0.08,former,0,0,0,41.4,0,59
69,female,4,3,5,former,350,1,0,22.8,0,72
60,male,4,4,0.22,former,0,0,0,29.6,0,75
45,male,1,1,1.38,former,180,1,0,28.1,0,76
77,female,3,4,1.54,never,0,0,0,28.8,0,85
47,male,3,4,3.56,never,240,1,0,30.6,0,68
47,female,5,3,2.63,never,0,0,0,23.2,0,80
71,female,3,3,5,never,0,0,0,18.5,0,76
79,female,3,4,0.64,current,0,0,0,26.4,0,67
60,female,5,5,5,never,600,1,0,18.1,0,70
80,female,3,4,3.22,never,60,0,1,22.2,0,62
64,male,4,3,3.22,current,40,0,1,24,0,61
78,female,3,2,1.23,former,0,0,0,33,1,66
72,female,5,2,0.87,never,420,1,1,23.8,0,79
60,female,1,2,1.23,never,0,0,1,28.3,1,62
57,male,3,4,0.73,current,0,0,0,23.6,0,85
51,male,3,2,3.05,current,0,0,0,30.1,1,33
40,male,4,4,4.42,never,0,0,0,45.9,0,78
45,male,4,3,0.07,current,960,1,1,23.3,0,69
80,female,3,2,1.14,former,0,0,1,NA,1,6
70,male,5,3,1.56,former,300,1,0,30.9,0,81
51,female,4,4,0.75,former,0,0,0,29.4,0,81
60,female,5,4,3.18,never,120,0,0,20.8,0,82
72,female,3,2,1.37,former,100,0,0,31.6,0,70
60,male,3,5,5,never,40,0,1,27,0,69
48,female,1,4,5,current,690,1,0,26,0,61
67,female,2,3,NA,never,0,0,0,29.1,0,62
80,female,4,2,0.77,never,0,0,0,34.7,0,62
51,male,5,3,2.52,never,0,0,0,NA,0,61
41,female,1,1,0.9,never,0,0,0,34.9,0,76
59,female,3,5,1.17,never,785,1,0,23.1,0,63
68,female,1,1,0.73,current,0,0,0,19.3,0,82
60,female,3,3,0.3,current,0,0,0,28.9,0,75
70,female,3,3,1.02,never,0,0,1,39.2,0,76
80,male,3,3,1.93,never,0,0,1,27.4,1,32
48,male,3,3,1.82,current,0,0,0,35.3,0,73
43,male,3,3,2.32,never,0,0,0,23.8,0,75
51,male,3,5,3.68,never,0,0,0,28.3,0,75
71,male,3,4,3.81,former,600,1,1,39.2,0,78
78,female,3,2,1.04,current,0,0,1,27.1,0,82
44,female,5,5,2.02,never,270,1,0,24.3,0,67
54,male,2,4,1.54,never,90,0,0,30.8,0,67
41,female,4,4,4.06,former,450,1,0,29.9,0,80
57,female,5,2,2.18,never,0,0,0,23.3,0,80
49,male,2,4,NA,never,0,0,0,26.5,0,64
70,female,3,4,0.97,never,0,0,1,36,0,77
61,male,1,1,NA,current,0,0,0,25.7,0,82
63,male,3,2,1.27,never,720,1,0,31.6,0,71
46,male,5,5,3.93,never,0,0,0,23.9,0,61
42,male,3,2,NA,never,420,1,0,26.6,0,77
59,male,3,4,0.66,current,0,0,0,23.6,1,50
60,female,1,1,1.02,never,0,0,1,23.4,0,68
57,female,5,4,5,never,120,0,0,21.5,0,80
61,female,3,4,4.51,former,0,0,0,29.8,0,80
64,male,5,1,0.51,never,0,0,0,28.4,0,68
50,male,5,5,3.03,never,0,0,0,26.4,0,70
51,male,1,1,1.74,never,0,0,0,27.1,0,67
69,male,3,3,5,never,0,0,0,32.4,0,68
65,male,4,4,5,current,30,0,0,23.9,0,71
55,female,3,3,0.43,current,180,1,0,48.4,0,84
40,male,4,4,1.27,never,0,0,0,32,0,67
66,male,2,3,2.03,former,0,0,0,26.2,0,67
50,male,1,2,3.61,never,600,1,0,30.4,0,68
42,female,1,4,NA,never,120,0,0,30.9,0,62
61,female,3,4,2.26,never,0,0,0,28.3,0,83
50,female,1,2,1.63,never,240,1,0,24.5,0,67
64,male,4,4,0.94,current,0,0,0,21.4,0,81
56,male,4,4,4.28,never,60,0,0,28.2,0,71
48,male,4,5,4.79,never,120,0,0,26.1,0,61
63,male,3,4,3.87,former,0,0,1,46.8,0,62
67,female,4,4,3.35,never,30,0,0,36,0,67
61,female,3,5,4.13,never,0,0,0,21.7,0,67
44,female,3,4,3.13,never,180,1,0,25.2,0,74
68,female,2,3,5,never,0,0,0,NA,0,61
53,female,1,5,2.61,former,180,1,0,19.4,0,71
56,female,3,5,5,never,180,1,0,19.4,0,64
80,female,1,1,1.33,never,0,0,0,28,1,63
42,female,4,4,1.13,never,0,0,0,26.7,1,14
80,female,4,4,0.78,never,180,1,1,23.7,1,46
80,male,3,5,2.9,former,1680,1,1,22,0,63
80,male,3,3,1.93,former,0,0,1,26.6,0,71
59,male,3,5,5,never,0,0,0,23.5,0,80
55,male,4,2,1.04,current,900,1,0,32,0,74
56,male,4,2,0.57,current,0,0,0,19.6,1,8
40,male,2,1,0.03,never,60,0,0,22.6,0,74
53,female,3,4,1.03,current,240,1,0,29.4,0,78
64,female,3,4,1.71,never,0,0,0,50.2,0,75
46,female,5,4,4.03,never,240,1,1,22.8,0,81
45,female,1,1,1.7,never,660,1,0,26.3,0,61
66,female,1,4,5,former,0,0,0,26.5,0,68
70,female,3,4,2.26,former,540,1,0,28.9,0,82
44,male,3,4,5,never,0,0,0,30.2,0,78
41,male,3,4,4.19,current,0,0,0,50.9,0,73
71,female,4,3,0.43,never,0,0,0,49.5,0,76
53,male,3,5,5,former,210,1,1,26.2,0,64
53,male,3,4,5,current,390,1,0,25.5,0,75
55,female,3,5,5,never,690,1,0,22.9,0,76
70,female,3,3,1.55,never,720,1,1,26.3,0,70
77,male,3,3,3.35,former,90,0,1,27.2,1,33
79,female,4,3,0.45,former,0,0,1,20.4,1,46
40,female,3,3,1.26,never,60,0,0,25.6,0,69
65,male,1,1,1.43,former,0,0,0,33.2,0,65
51,female,3,4,1.21,current,0,0,0,36,0,73
46,male,3,4,3.48,never,360,1,0,26.8,0,71
41,male,3,4,0.59,never,240,1,0,25.9,0,83
80,male,3,5,NA,never,0,0,1,32,1,7
56,female,4,3,0.48,current,240,1,0,24.5,0,75
64,female,3,4,3.92,current,330,1,0,32.1,0,75
80,female,3,4,3.87,never,0,0,0,24.6,0,63
75,male,3,5,1.09,never,0,0,0,27.9,0,74
58,male,1,1,0.68,never,0,0,0,27,0,82
43,male,4,4,3.82,never,810,1,0,35.6,0,62
60,male,5,4,1.55,never,0,0,0,20.7,0,76
64,female,4,4,0.86,current,135,0,0,41.6,0,68
45,female,3,5,5,former,360,1,0,24.3,0,74
64,female,4,4,4.38,former,0,0,0,31.8,1,32
46,female,3,1,0.42,current,0,0,0,30.8,0,77
47,female,3,3,4.77,never,0,0,0,40.7,0,78
58,female,4,4,NA,former,0,0,0,39.9,0,60
41,male,2,3,2.15,never,0,0,0,34.6,0,81
42,female,1,2,0.67,current,100,0,0,26.5,0,80
43,female,5,5,2.58,never,30,0,0,20.7,0,80
76,male,3,4,3.81,former,300,1,0,29.3,0,63
68,male,3,3,1.91,never,0,0,1,26.2,0,80
67,female,2,1,3.48,current,0,0,1,28.7,0,76
42,female,4,4,1.47,former,0,0,0,55,0,75
56,female,3,4,5,never,380,1,0,19.9,0,76
47,male,3,4,1.21,current,0,0,0,26.6,0,68
78,male,3,5,1.77,former,0,0,1,25.9,1,54
67,female,3,3,0.69,current,0,0,1,31.6,0,69
63,female,5,1,2.73,never,0,0,0,26.8,0,73
40,male,1,2,NA,former,150,1,0,31,0,81
65,female,3,4,5,former,180,1,0,26.4,0,69
67,male,4,5,2.02,former,100,0,0,30.9,0,81
77,male,2,1,3.17,former,0,0,0,26.1,0,75
61,female,2,3,0.74,never,0,0,0,26.4,0,74
52,female,3,2,1.57,never,60,0,0,34.1,0,60
55,female,4,4,3.05,never,0,0,0,38.8,0,68
50,female,3,5,4.48,never,0,0,0,25.4,0,77
66,female,3,4,1.91,current,0,0,0,19.5,0,79
70,female,3,5,2.9,never,0,0,1,28,0,81
51,male,3,4,1.16,current,0,0,0,20.5,0,69
61,female,1,5,5,never,0,0,0,49.4,0,61
62,male,1,1,NA,former,0,0,0,31.1,0,62
59,male,5,5,NA,never,960,1,0,20.4,0,78
63,female,4,3,2.69,never,180,1,0,35.2,0,68
80,male,3,5,2.78,never,0,0,1,24,1,70
44,female,4,5,4.38,never,690,1,0,25.6,0,71
63,male,2,4,1.13,former,0,0,1,34.3,1,14
66,male,1,1,1.62,former,0,0,0,32.2,0,68
61,male,2,1,0.75,former,40,0,0,24.9,0,77
41,female,3,5,4.18,current,180,1,0,22.5,0,63
46,male,3,4,1.47,former,0,0,0,27.9,0,61
56,female,2,4,3.84,former,0,0,1,24,0,62
76,female,3,5,5,never,120,0,0,25.1,0,60
60,female,4,4,4.19,never,720,1,0,34.7,0,72
67,male,5,3,5,never,0,0,0,25.7,0,73
47,female,5,5,5,never,180,1,0,24.2,0,73
47,male,4,3,1.04,current,120,0,1,19.3,1,35
40,female,4,4,4.19,never,0,0,0,24.1,0,63
50,female,4,5,5,never,0,0,0,37.3,0,74
44,male,3,3,1.18,current,0,0,0,23.5,0,66
80,female,3,3,0.71,never,0,0,1,20.4,1,38
71,female,1,1,1.07,never,0,0,0,27.6,0,65
50,male,3,3,2.31,never,0,0,0,33.7,0,78
55,male,3,4,0.26,current,0,0,0,34.2,0,84
65,female,5,1,NA,never,0,0,0,23,0,80
58,female,4,5,5,never,135,0,0,25.3,0,78
56,female,1,1,1.29,current,0,0,0,27.6,0,80
80,female,3,5,4.19,never,0,0,1,30.1,1,46
43,male,3,3,0.17,never,0,0,0,23.3,0,84
73,female,2,2,0.78,former,0,0,1,30.9,0,67
80,female,3,3,1.03,former,30,0,0,29.2,0,79
44,female,5,4,5,never,600,1,0,29.2,0,72
63,male,4,3,1.31,current,390,1,0,28.4,0,77
52,female,1,3,5,former,135,0,1,31.6,0,61
52,male,4,4,0.87,current,2100,1,0,28.1,0,74
41,female,2,4,5,former,480,1,0,32.5,0,61
63,female,3,3,3.94,never,0,0,1,25,0,74
45,female,3,4,5,never,690,1,0,22.7,0,69
54,male,4,3,0.75,current,210,1,0,29.1,0,81
48,male,3,2,0,former,0,0,0,24.9,0,63
71,female,3,2,2.67,former,135,0,1,29.8,0,77
48,female,3,5,3.58,never,630,1,0,19.9,0,78
68,female,3,4,0.63,current,0,0,1,22.2,1,31
71,female,1,1,1.17,never,0,0,0,32.8,1,65
52,male,3,5,5,never,105,0,0,26.1,0,73
68,male,4,1,3.05,former,0,0,0,51.2,0,61
75,male,3,4,0.57,former,0,0,0,26.1,0,67
61,male,1,5,5,never,180,1,0,31.3,0,67
54,female,4,5,3.94,never,0,0,0,43.6,0,76
74,female,3,5,2.18,former,270,1,1,26.3,0,69
43,female,3,2,3.16,current,420,1,1,25.6,0,77
44,male,4,5,5,never,45,0,0,28,0,68
52,female,3,3,5,never,0,0,0,36.8,0,72
52,female,5,5,5,never,60,0,0,20.3,0,70
80,female,3,4,2.96,never,0,0,1,28.2,0,77
58,male,3,5,0.09,former,90,0,0,32.1,1,8
54,female,4,4,1.2,former,0,0,0,31.9,0,78
64,male,1,4,4.19,former,0,0,0,34.5,0,65
80,male,3,5,4.93,former,0,0,0,27.9,0,74
61,male,1,1,1.2,never,60,0,0,32.4,0,82
45,female,4,5,1.33,never,0,0,0,36.4,0,73
44,male,4,2,0.07,former,0,0,0,31.2,0,66
42,female,3,4,5,never,405,1,0,33.8,0,81
54,female,4,3,0.95,never,0,0,0,34.6,0,77
48,female,3,2,0.55,current,0,0,0,45.9,0,83
52,male,3,5,NA,former,0,0,0,25.8,0,82
68,male,4,5,4.84,former,0,0,1,25.3,0,76
41,male,3,3,3.13,current,300,1,0,25,0,74
58,female,4,3,NA,current,0,0,0,36.3,0,81
52,female,3,5,5,never,720,1,0,22,0,75
65,male,3,5,5,former,120,0,0,35.4,0,68
80,male,3,5,5,former,0,0,1,34.8,1,5
74,female,2,3,4.06,never,0,0,0,36.9,0,69
43,male,1,1,3.81,former,60,0,0,29.4,0,67
51,female,1,4,2.14,former,0,0,0,41.7,0,61
48,male,5,5,1.68,never,30,0,0,28,0,77
53,female,2,5,5,never,220,1,0,22.5,0,72
80,male,3,3,2.15,former,720,1,0,25.7,0,67
60,female,4,2,1.82,never,15,0,1,46,0,78
76,female,2,1,1.54,never,0,0,0,22.3,0,62
42,female,1,2,NA,former,0,0,0,33.1,0,80
46,female,3,4,3.17,never,0,0,0,23.9,0,76
55,female,3,2,0.44,current,0,0,1,18.4,0,63
80,female,5,1,4.35,never,0,0,0,29.5,0,59
44,male,4,3,0.33,current,580,1,0,20.7,0,70
48,female,4,2,0.76,never,0,0,0,20,1,34
80,female,3,3,1.49,former,0,0,1,NA,1,39
78,male,4,3,0.42,never,0,0,0,26.1,0,61
66,male,4,5,5,former,0,0,0,43.8,0,80
56,female,3,3,0.74,former,0,0,0,35.5,1,27
62,female,2,4,1.44,former,0,0,0,24,0,64
48,female,4,4,NA,never,0,0,0,32,0,80
64,female,4,3,2.61,former,0,0,0,38.6,1,27
47,female,3,5,3.4,current,60,0,0,32.5,0,77
78,male,4,1,1.04,former,210,1,1,34.9,1,38
60,male,1,1,0.64,former,0,0,0,27.6,1,65
67,female,1,4,1.61,current,0,0,0,38.5,0,60
60,female,4,3,2.06,former,0,0,0,39.2,0,71
49,female,2,4,3.86,never,420,1,0,24.4,0,71
53,male,3,5,1.11,former,360,1,1,28.5,0,73
71,male,3,5,5,former,480,1,1,23.7,0,74
55,female,2,2,1.12,never,0,0,0,27.5,0,65
80,male,3,5,5,former,225,1,1,27.6,0,61
65,female,3,4,3.05,former,0,0,0,21.8,0,76
74,female,3,4,1.55,never,40,0,0,26.6,0,82
51,male,3,2,0.69,never,120,0,0,28.5,0,61
55,male,4,4,4.64,current,240,1,1,30.1,0,62
43,male,3,5,5,never,1680,1,0,26.7,0,72
80,male,5,5,5,never,30,0,1,26.7,0,79
80,female,3,5,NA,never,150,1,1,24.2,0,75
69,female,1,1,1.91,never,0,0,0,25.9,0,68
80,male,3,4,1.21,never,420,1,0,32.5,0,71
79,male,4,1,2.09,former,20,0,1,19.1,1,20
80,female,2,2,2.06,former,140,0,0,21.6,0,82
52,female,5,2,1.04,never,175,1,0,32.8,0,67
55,female,3,4,NA,never,0,0,1,33.3,0,76
74,male,4,4,1.27,never,900,1,0,22.4,0,83
41,male,1,3,4.71,never,0,0,0,45.9,0,81
60,female,3,5,5,never,480,1,0,23.1,0,76
66,female,4,3,0.46,current,0,0,0,26.9,0,63
46,male,2,3,0.58,current,0,0,0,27.7,0,63
80,female,1,1,0.73,never,0,0,0,32.6,1,20
80,female,2,3,2.56,never,60,0,0,27.2,0,73
75,male,3,2,0.45,former,420,1,0,27.5,0,78
80,female,3,5,5,never,0,0,0,30.1,0,63
72,male,3,2,0.96,former,0,0,1,28.4,1,68
52,female,3,3,5,never,0,0,0,22.1,0,69
80,female,4,3,NA,never,0,0,0,33.2,1,11
80,female,3,2,5,never,30,0,1,23.2,0,82
55,male,3,3,1.46,never,0,0,0,31.9,0,65
53,male,4,2,NA,current,0,0,0,29.2,0,69
71,female,3,1,1.03,former,0,0,1,37.9,0,80
42,male,3,4,1.61,never,0,0,0,19,0,69
52,male,3,5,5,former,360,1,0,28.5,0,74
67,male,4,3,2.58,former,0,0,1,25.8,0,72
47,male,1,5,1.27,never,140,0,0,36,0,65
75,female,4,3,NA,never,0,0,1,31.2,0,70
51,male,4,5,1.71,current,320,1,0,32,0,70
46,female,2,1,NA,former,120,0,0,22.4,0,62
59,female,1,2,1.29,current,0,0,0,35.1,0,65
59,male,5,4,4.51,former,0,0,0,25.9,0,61
46,male,3,5,5,current,600,1,1,40,0,68
58,female,4,4,1.49,former,0,0,0,23.4,0,76
65,male,3,3,2.12,former,0,0,1,34.1,0,62
55,female,3,4,5,former,0,0,0,26.3,0,70
40,female,5,5,5,never,180,1,0,33.7,0,70
66,female,4,4,1.39,former,120,0,0,41.4,0,68
49,female,3,5,5,never,300,1,0,21.9,0,72
48,female,3,4,1.71,current,240,1,0,22.9,0,61
44,female,1,3,1.46,former,0,0,0,56.5,0,67
62,male,1,2,1.52,never,0,0,0,32.4,0,76
49,female,4,3,0.54,current,0,0,0,32,0,61
72,male,3,5,5,never,0,0,1,27.9,0,80
79,female,3,4,1.21,current,0,0,0,36.5,1,68
58,male,5,2,4.28,current,0,0,0,26.6,0,70
58,female,5,5,NA,never,0,0,0,29.9,0,70
62,female,2,2,NA,never,0,0,0,22.5,0,68
60,female,3,4,1.03,current,60,0,1,25.5,0,75
46,female,4,4,NA,former,360,1,0,32.1,0,60
46,male,3,5,NA,never,0,0,0,29,0,59
40,female,3,4,5,never,0,0,0,32.2,0,66
70,male,3,3,1.14,never,0,0,1,26.6,0,77
47,female,5,5,4.53,former,75,0,0,23.3,0,80
55,male,3,4,5,current,10,0,0,32,0,79
45,female,2,5,4.84,never,460,1,0,19.5,0,66
67,female,3,4,1.74,never,0,0,0,31,0,84
70,male,3,4,1.26,former,0,0,1,28.9,1,29
80,female,3,3,1.22,never,0,0,1,30.2,1,45
44,female,1,1,0.8,former,0,0,0,26.5,0,79
72,female,3,4,5,never,420,1,0,28.9,0,73
80,female,3,1,0.84,never,0,0,1,24.5,1,27
58,male,3,4,1.31,current,720,1,0,33.2,0,80
51,female,4,5,1.31,never,0,0,0,47.3,0,79
45,male,1,2,1.47,never,0,0,0,28.9,0,64
61,female,5,2,0,current,840,1,0,18.2,0,82
44,male,5,5,5,never,1050,1,0,25.4,0,71
60,female,4,4,1.74,never,0,0,0,41.5,0,79
62,male,3,3,5,current,105,0,0,29,0,60
69,male,2,5,1.61,never,0,0,0,28,0,74
67,male,4,5,5,former,1500,1,0,30.8,0,63
55,female,3,5,NA,never,840,1,0,21.7,0,62
59,male,3,3,3.64,current,240,1,1,27.4,0,63
44,female,1,1,1.94,never,0,0,0,40.4,0,72
42,male,5,4,1.56,never,480,1,0,36.1,0,80
63,male,5,2,2.19,former,0,0,0,27.8,0,63
49,female,3,4,5,former,0,0,0,26.3,0,77
58,female,3,5,5,former,900,1,0,23.2,0,63
50,male,3,3,3.86,current,90,0,0,31.7,0,80
72,male,4,3,NA,former,120,0,0,28.8,0,78
52,female,3,3,1.08,current,0,0,0,22.7,1,54
43,female,1,2,1.14,never,0,0,0,29.6,0,67
44,male,2,3,NA,never,210,1,0,24.4,0,76
57,male,3,3,1.52,never,120,0,0,21.6,0,73
67,female,5,5,1.03,never,240,1,0,24.3,0,69
55,male,3,4,2.9,never,2025,1,0,32.6,0,61
52,female,3,5,5,never,240,1,0,19.4,0,62
69,female,3,2,1.3,never,0,0,0,39.4,0,82
43,female,4,2,0.04,current,0,0,0,23,0,71
70,female,3,4,5,former,350,1,1,28.1,0,62
57,female,3,4,5,never,180,1,0,31,0,66
64,male,3,3,3.31,former,75,0,0,31.1,0,73
80,male,3,5,4.93,never,840,1,1,25.3,0,61
70,female,3,4,3.26,never,90,0,1,39,1,22
46,female,3,5,5,never,240,1,0,23.9,0,74
53,male,5,5,3.35,never,0,0,0,23,0,81
40,female,3,5,NA,former,720,1,0,24.1,0,61
56,male,1,3,0.68,never,150,1,0,29.2,0,81
73,male,5,4,1.27,former,540,1,1,29.2,0,82
48,female,2,5,NA,never,90,0,0,23.8,0,81
60,male,4,4,0.6,never,0,0,1,51.8,0,78
50,female,3,5,1.51,never,150,1,0,39,0,68
73,female,4,4,0.77,never,0,0,0,35.5,0,80
67,female,4,2,0.56,current,30,0,1,39.7,0,79
45,male,3,4,2.41,never,0,0,0,26.5,0,64
44,male,4,3,NA,never,0,0,0,40.7,0,75
80,male,3,4,5,former,1080,1,0,28.9,0,73
47,male,2,3,1.7,former,720,1,0,30.5,0,74
47,female,4,3,0.77,current,0,0,0,39.8,0,62
74,female,3,2,1.01,never,140,0,0,41.1,1,58
54,male,4,2,0,current,0,0,0,37.6,0,70
59,female,3,3,NA,never,420,1,0,20,0,84
68,male,3,4,3.48,former,600,1,0,30.5,1,68
64,male,1,1,NA,current,120,0,0,25,0,80
76,female,3,3,NA,never,120,0,1,33,0,74
52,male,3,4,0.35,never,0,0,0,31.1,0,68
80,male,3,5,5,former,490,1,1,19.7,1,57
42,male,3,5,5,never,240,1,0,30.7,0,80
50,female,4,2,1.06,never,315,1,0,36.4,0,63
66,female,4,4,1.93,never,60,0,0,28.8,0,61
62,female,4,4,1.74,former,60,0,0,35.9,0,66
72,male,4,4,NA,never,0,0,0,26.5,0,76
55,female,4,3,3.26,current,330,1,0,36.3,0,75
54,male,1,1,1.84,current,0,0,0,44.9,0,65
72,female,3,4,0.97,never,0,0,0,27,0,73
42,female,1,3,0.9,never,120,0,0,30.2,0,65
42,male,1,1,1.33,current,0,0,0,NA,0,82
80,male,4,3,5,former,0,0,0,22.4,1,25
54,male,2,3,NA,never,840,1,0,28.4,0,64
57,female,3,3,1.79,current,180,1,1,28.1,0,66
63,female,3,5,5,never,120,0,0,25.9,0,79
68,female,5,5,3.48,never,0,0,0,21.9,0,63
54,female,3,4,5,former,0,0,0,35.3,0,79
45,male,4,4,5,former,0,0,0,38.5,0,71
72,female,3,2,3.35,former,0,0,0,25.7,0,72
60,male,3,4,5,former,200,1,0,25,0,72
40,female,4,4,4.58,never,90,0,0,25.1,0,75
64,male,5,4,0.87,never,300,1,0,24.8,0,81
60,male,4,2,1.03,former,150,1,0,26.1,0,78
50,female,4,3,0.77,current,0,0,0,27.5,0,72
72,female,3,3,4.48,never,0,0,0,38.4,0,78
78,female,5,3,5,never,0,0,1,24.4,1,33
52,female,3,2,4.35,current,420,1,0,25.3,1,42
63,female,4,4,NA,former,45,0,1,26.1,0,77
63,male,4,4,0.72,former,1260,1,0,15.4,0,60
70,female,3,4,3.81,never,270,1,1,31.5,0,78
48,female,2,3,0.35,current,0,0,0,39.4,0,68
73,female,3,4,1.55,never,60,0,0,31.2,0,83
49,male,4,1,1.16,never,480,1,0,25.4,0,62
62,female,1,2,2.9,never,0,0,0,32,0,63
44,male,5,4,4.03,current,0,0,0,27.4,0,81
48,female,1,3,1.27,never,240,1,0,37.7,0,64
47,female,3,3,0.64,former,0,0,1,19.9,0,61
53,male,3,3,5,former,0,0,0,26.6,0,76
80,female,3,3,1.57,never,0,0,0,25.1,1,78
71,female,2,2,5,current,0,0,0,31.9,0,69
65,male,4,3,1.6,current,0,0,0,24.8,0,79
59,male,3,2,NA,current,0,0,0,25.5,0,74
69,female,3,4,0.94,former,125,0,0,31.1,0,78
56,female,4,5,0.02,current,3360,1,0,23.9,0,79
61,male,3,3,1.51,current,0,0,0,30.8,0,64
80,female,3,5,3.34,never,160,1,1,24.9,0,75
51,female,3,4,0.91,current,0,0,0,19.6,0,67
44,male,1,1,0.94,never,0,0,0,31.8,0,67
56,male,4,3,3.43,current,420,1,0,25.7,0,63
66,female,3,4,2.04,never,0,0,0,31.7,0,68
76,male,1,4,1.82,never,75,0,1,23.8,0,81
41,female,3,4,0,never,0,0,0,23,0,74
76,female,4,1,0.34,never,0,0,0,38.5,1,61
41,female,2,5,2.78,current,0,0,0,19.9,0,68
70,male,1,3,2.42,former,0,0,0,42.5,0,82
59,female,5,3,4.51,never,0,0,0,22.3,0,80
74,female,1,1,0.61,never,0,0,0,44.7,0,82
43,male,5,5,NA,never,60,0,0,32.2,0,63
42,male,4,5,3.96,never,750,1,0,29.3,0,70
61,female,3,5,1.27,never,0,0,1,21.1,0,82
47,male,2,2,0.61,never,0,0,0,33.8,0,83
62,male,4,2,0.84,current,120,0,1,39.6,0,79
58,male,3,5,5,never,0,0,0,23.7,0,75
42,male,1,2,NA,never,0,0,0,31.7,0,65
76,male,3,4,3.12,never,600,1,1,23.3,0,78
52,female,2,2,2.23,current,120,0,1,30.5,0,59
52,male,5,3,3.53,never,0,0,0,23.5,0,77
40,male,3,4,3.36,former,240,1,0,26,0,67
80,female,3,3,1.97,never,0,0,1,24.3,0,69
51,male,3,5,5,never,360,1,0,30.4,0,62
48,female,3,2,0.91,former,480,1,0,28.1,0,79
69,female,3,4,4.13,former,1260,1,0,24,0,78
63,female,2,1,1.68,never,0,0,0,47.6,0,72
47,female,5,5,3.03,never,140,0,0,24.4,0,70
68,female,3,5,1.64,never,180,1,0,27,0,76
49,male,1,4,2.12,never,300,1,0,41.8,0,81
50,female,1,1,0.47,never,0,0,1,25.6,0,67
41,female,4,4,0.9,current,0,0,0,43.3,0,82
63,female,3,4,4.67,never,0,0,0,30.5,0,64
80,female,3,4,NA,never,0,0,0,27.2,0,75
57,male,3,4,3.22,never,0,0,0,32.7,0,72
67,male,4,4,2.14,never,105,0,0,31,0,75
72,male,3,4,3.81,former,0,0,0,31.8,0,67
55,male,3,3,0.99,current,0,0,0,26.3,0,66
52,female,2,4,4.7,former,180,1,0,38.4,0,82
55,male,4,2,0.54,never,0,0,0,20.1,0,72
41,female,3,5,5,never,270,1,0,19.8,0,62
47,female,3,4,2.59,never,90,0,0,30.1,0,63
40,female,5,5,5,current,120,0,0,21.5,0,80
74,female,3,4,1.89,never,0,0,0,30.1,0,77
50,female,3,4,5,former,0,0,0,29,1,15
62,female,4,4,1.85,never,0,0,1,28.3,0,82
66,female,1,1,1.05,former,420,1,0,30.6,0,82
56,female,3,4,NA,former,150,1,0,37.8,0,77
51,female,4,3,5,never,0,0,0,NA,0,60
46,male,5,3,0,never,0,0,0,24,0,60
40,female,1,5,5,never,0,0,0,44.2,0,66
49,female,1,3,NA,never,0,0,0,28.6,0,80
56,male,5,1,1.68,former,0,0,1,NA,0,70
59,male,3,3,5,former,0,0,0,19.8,0,78
69,female,3,3,NA,never,120,0,0,32.2,0,75
57,male,4,5,2.18,current,0,0,0,40.7,0,72
48,female,5,5,0.66,current,0,0,0,23.7,0,67
46,female,1,1,1.52,never,0,0,1,45.4,0,79
62,female,3,4,2.53,current,0,0,1,35,0,74
52,male,1,2,1.01,never,0,0,0,42.5,0,64
40,female,3,5,5,former,360,1,0,19.8,0,79
45,male,1,3,1.71,never,0,0,0,28.2,0,66
52,male,3,5,3.58,never,135,0,0,21.9,0,79
66,female,5,4,3.18,never,420,1,0,27.6,0,73
55,female,3,2,2.58,current,0,0,1,53.9,0,82
80,male,3,1,1.22,current,0,0,0,18.1,1,5
51,female,2,2,2.13,never,1080,1,0,30.5,0,74
75,male,5,2,5,current,120,0,0,26.5,0,64
65,male,3,1,1.01,never,0,0,1,39.4,0,83
46,female,3,4,0.99,current,0,0,0,NA,0,67
75,male,4,2,0.7,former,0,0,0,27.3,1,29
49,male,3,5,5,never,300,1,0,34.6,0,70
78,male,1,4,2.19,former,120,0,0,27.8,1,71
80,female,3,4,4.77,former,180,1,0,37.5,0,71
55,male,1,1,0.92,former,15,0,0,26.7,0,81
47,male,4,5,5,never,0,0,0,28,0,67
41,male,4,3,3.03,current,120,0,0,29.7,0,85
70,male,4,4,3.83,former,180,1,1,31,0,75
47,male,1,4,1.02,former,0,0,0,24.8,0,81
44,male,3,4,0.88,never,440,1,0,23.7,0,74
57,male,3,3,0.7,former,360,1,1,20.1,1,29
54,male,5,5,3.53,never,270,1,0,25.4,0,77
40,female,2,3,1.45,current,90,0,0,32.3,0,80
60,female,3,4,0.77,current,240,1,0,27.6,1,56
80,female,3,4,1.55,never,0,0,1,36.2,1,70
70,male,3,5,5,former,40,0,0,36.4,0,68
49,female,3,5,4.35,former,420,1,0,24.6,0,83
45,female,3,3,3.07,current,0,0,0,24,1,38
43,female,1,5,3.82,never,60,0,0,30.2,0,68
75,female,3,3,4.13,never,0,0,0,38.8,0,69
65,male,3,5,5,never,0,0,0,23.7,0,73
45,male,1,3,3.09,current,0,0,0,NA,0,64
41,female,2,2,0.37,former,0,0,0,30.9,0,61
52,female,4,3,1.52,never,0,0,0,28.4,0,78
45,male,1,3,1.39,former,120,0,0,27.1,0,81
59,female,5,4,0.84,former,0,0,0,37.2,0,62
45,male,3,2,NA,never,0,0,0,44.1,0,78
54,male,3,4,5,former,180,1,0,32.7,0,71
42,female,2,1,1.58,never,0,0,0,27.6,0,75
77,female,3,3,2.78,current,0,0,0,33.1,0,71
64,female,5,1,2.2,never,0,0,0,30.7,0,68
62,female,4,3,4.64,former,0,0,1,30,0,62
62,female,3,2,1.46,never,0,0,0,31.8,0,78
69,male,3,4,1.03,current,80,0,0,29.4,0,78
43,female,3,4,2.52,never,240,1,0,26.2,0,64
69,male,4,NA,0.77,never,0,0,0,30.4,0,70
76,female,3,4,2.39,former,0,0,0,35.1,0,75
41,male,4,4,5,never,45,0,0,32.8,0,68
62,male,4,3,1.74,never,0,0,0,21.7,0,69
58,male,3,5,5,never,0,0,0,30.6,0,70
45,male,4,2,NA,never,20,0,0,27.1,0,71
77,female,4,2,0.97,former,30,0,0,23.7,0,72
50,female,4,4,1.91,never,90,0,0,34.3,0,60
63,male,3,5,2.19,former,0,0,1,23.6,0,80
64,male,1,4,3.09,never,960,1,0,27,0,61
55,female,5,5,5,never,0,0,0,34.5,0,64
66,female,3,4,1.05,never,0,0,0,24.7,0,79
70,male,3,3,0.12,former,30,0,1,41.5,1,52
62,female,2,2,1.57,former,0,0,0,27.5,0,78
59,male,5,4,0.81,former,500,1,0,28.3,0,82
43,female,5,3,3.37,former,240,1,0,21.5,0,80
50,male,2,2,3.33,never,180,1,0,29.1,0,82
59,male,1,3,2.19,never,240,1,0,32.1,0,60
49,male,1,4,4.97,former,360,1,0,28,0,66
67,female,3,3,5,former,120,0,0,24,0,63
60,female,1,4,0.65,current,0,0,0,26.7,0,67
72,female,1,2,0.7,never,0,0,0,31.1,0,64
44,female,3,5,1.97,former,120,0,0,30.4,0,82
55,male,3,3,2.23,current,0,0,1,21.9,0,66
47,female,3,5,5,former,100,0,0,22,0,62
54,male,3,2,0.86,current,0,0,0,34.6,0,78
58,female,4,4,0.84,never,60,0,1,41.4,0,79
43,female,2,5,4.19,never,360,1,0,20.9,0,69
72,male,5,5,3.48,former,0,0,0,22.1,0,62
72,female,3,2,2.48,former,120,0,0,31.7,0,77
55,male,1,1,1.29,current,120,0,0,23.7,0,65
80,male,3,2,5,former,0,0,1,29.3,0,78
52,female,3,5,5,never,60,0,0,31.8,0,79
70,female,3,5,5,former,120,0,0,27.1,0,74
50,female,3,5,4.4,never,0,0,0,32.4,0,73
52,female,3,5,1.27,never,40,0,1,45.4,0,69
52,female,3,4,2.13,current,0,0,0,26.1,0,60
71,male,4,3,1.04,never,0,0,0,30.5,1,36
55,female,3,3,1.52,former,30,0,1,34.5,0,73
74,male,3,5,5,current,90,0,1,33,1,29
80,male,1,1,1.79,never,0,0,1,26.3,1,34
47,male,3,3,1,former,420,1,0,38.1,0,85
45,male,2,3,3.74,current,0,0,1,23.4,0,74
66,female,2,1,0.52,never,135,0,0,29.4,0,82
57,male,4,3,0.69,former,0,0,0,33.4,0,59
42,female,1,4,3.93,never,45,0,0,31.8,0,82
43,female,1,2,1.33,never,120,0,0,NA,0,81
49,female,5,3,1.43,never,0,0,0,37.2,0,63
55,male,3,3,1.79,never,270,1,0,37,0,67
40,female,2,3,0.67,never,120,0,1,31.9,0,68
47,male,4,5,3.07,never,640,1,0,27.2,0,62
73,male,4,2,0.7,NA,140,0,0,27.5,0,62
67,female,2,1,NA,never,0,0,0,40.5,0,82
42,female,3,5,2.15,never,60,0,1,41.4,0,66
62,female,1,4,4.19,former,0,0,1,44.4,0,63
80,male,3,5,5,never,0,0,1,30.4,0,67
48,male,3,5,5,never,0,0,0,45.5,0,73
40,male,1,3,0.63,never,0,0,0,30.4,0,80
44,male,3,2,0.67,former,360,1,1,25.6,0,81
80,female,3,4,3.22,never,0,0,1,27.6,0,75
48,female,1,2,2.05,never,0,0,0,36.9,0,62
55,female,3,5,3.54,former,0,0,0,43.7,0,80
63,male,5,5,5,never,120,0,0,25.9,0,70
41,male,3,2,0.91,current,0,0,0,16.8,0,77
64,male,1,3,3.87,former,0,0,0,28.6,0,66
70,female,4,5,0.81,former,0,0,0,22,1,34
42,female,1,4,0.93,current,0,0,0,38.6,0,77
77,male,3,2,5,former,0,0,1,30.8,0,84
59,female,3,5,5,never,330,1,0,24.8,0,69
62,female,5,4,NA,never,0,0,0,20.4,0,75
44,female,2,2,1.42,never,0,0,0,26.7,0,71
41,female,3,2,2.03,former,480,1,0,21.5,0,75
47,female,5,5,0.85,never,540,1,0,25.7,0,75
42,female,1,5,5,former,150,1,0,32.3,0,75
50,female,4,4,3.44,current,0,0,0,31.4,0,80
80,male,4,4,3.03,never,150,1,0,32.2,0,85
60,female,3,5,5,never,225,1,0,30.2,0,62
80,female,3,2,1.8,never,0,0,1,31.5,0,75
57,female,5,5,3.22,never,120,0,0,23.9,0,82
80,male,5,1,0.52,never,0,0,0,25.7,0,61
70,female,3,5,5,former,240,1,1,24.9,0,63
79,female,3,5,4.28,never,360,1,1,30.6,0,75
41,male,1,2,1.07,never,100,0,0,27.8,0,64
80,female,3,3,2.39,never,60,0,1,29.3,1,60
51,female,2,2,0.2,never,0,0,0,30.6,0,73
65,male,1,2,3.09,former,0,0,1,31,0,64
65,female,5,4,3.22,never,1380,1,0,21.2,0,80
69,female,5,2,2.46,never,60,0,0,23.1,0,80
57,female,2,1,NA,never,60,0,0,31.6,0,81
48,male,3,3,5,never,0,0,0,29.7,0,84
80,male,3,4,5,former,0,0,1,NA,0,76
57,female,4,4,3.43,never,0,0,0,30.7,0,78
53,male,4,4,4.61,current,240,1,0,41.3,0,75
62,male,4,5,1.43,never,150,1,0,27.1,0,69
44,female,3,5,5,never,100,0,0,31.9,0,66
60,male,4,5,NA,never,210,1,0,28.7,0,68
60,female,4,4,0.86,current,0,0,0,23.6,0,61
80,male,4,4,1.29,never,0,0,0,29.9,0,61
80,female,3,5,4.51,former,10,0,0,33.5,0,64
65,female,3,3,0.51,former,0,0,0,32.8,1,13
68,male,5,2,NA,never,300,1,0,25.4,0,69
56,female,3,5,1,current,0,0,0,27,0,84
71,male,4,3,2.87,current,0,0,1,24.5,0,81
70,male,3,3,1.03,never,0,0,1,32.7,0,79
40,female,4,3,0.85,never,0,0,0,25.5,0,72
57,male,3,5,5,former,90,0,1,35,0,64
76,male,3,4,4.84,never,210,1,0,46.3,1,27
80,male,4,5,5,never,0,0,0,28.1,1,45
65,male,1,3,0.36,former,0,0,0,29.4,0,82
55,female,3,4,1.59,never,150,1,0,35.1,0,69
50,male,3,5,5,never,1050,1,0,26.1,0,69
80,male,1,1,0.61,never,0,0,0,41.5,1,62
64,male,3,5,5,never,0,0,0,28,0,77
53,female,4,5,5,never,480,1,0,38,0,80
52,male,2,4,NA,never,360,1,0,22.4,0,74
45,male,3,4,3.4,never,0,0,0,27.7,0,63
63,female,3,1,1.38,never,0,0,0,29.1,0,79
65,female,2,2,3.69,never,0,0,0,38.5,0,70
42,female,2,1,2.33,never,0,0,0,36.1,0,73
50,female,3,4,5,never,60,0,0,42.9,0,73
61,female,1,5,2.26,current,0,0,0,36.5,0,69
64,male,4,3,1.77,never,105,0,1,47.6,0,60
75,female,3,4,1.67,never,180,1,1,26.6,0,67
69,female,4,5,2.4,never,60,0,1,27.1,0,79
75,male,4,5,3.43,former,0,0,1,45.8,0,80
61,male,1,2,1.28,never,0,0,0,25.6,0,65
60,male,4,2,0.84,current,0,0,0,25.9,0,77
55,male,4,5,3.48,current,540,1,0,23.5,0,62
43,female,4,2,5,current,0,0,0,28.8,0,76
44,male,1,2,1.03,never,90,0,0,25.8,0,63
61,female,4,4,4.35,never,135,0,0,29.6,0,67
57,male,3,5,5,never,0,0,0,28.9,0,66
63,female,5,2,0.86,never,210,1,0,15.4,0,79
49,male,3,3,1.81,current,0,0,0,25.8,0,62
67,male,5,3,NA,never,420,1,0,24.5,0,79
59,male,3,3,2.2,former,0,0,0,33.4,0,69
75,male,3,3,1.29,former,0,0,0,26.5,1,22
63,female,2,2,0.83,current,30,0,1,22.6,0,69
49,female,3,2,0.83,former,1260,1,0,38.7,0,59
56,female,3,5,5,never,0,0,1,33.3,0,73
46,male,2,4,NA,never,840,1,0,21,0,72
72,female,3,3,NA,former,240,1,0,25.9,0,66
48,female,3,3,1.46,never,0,0,0,33.9,0,70
57,female,3,2,0.82,current,0,0,1,25.6,0,85
40,female,1,3,0.78,never,0,0,0,23.4,0,64
50,female,1,1,2.63,never,0,0,0,22.8,0,81
44,female,5,3,2.52,never,140,0,0,26.5,0,81
59,male,3,5,5,never,720,1,0,26.8,0,72
61,female,2,1,0.56,never,0,0,0,36.6,0,79
58,female,3,2,1.38,current,120,0,1,31.1,0,75
50,male,3,2,0.76,current,0,0,1,30,0,83
72,male,3,4,2.67,never,360,1,1,33.1,0,78
64,female,3,4,3.17,current,0,0,0,20.3,0,66
40,male,2,3,4.61,former,75,0,0,22.3,0,68
73,female,3,5,4.28,former,720,1,1,26.1,0,71
52,male,3,2,0.84,never,180,1,0,38.8,0,68
69,female,3,2,4.48,never,150,1,0,33.5,0,78
61,male,3,5,2.26,never,0,0,0,26.5,0,82
71,male,5,2,2.46,former,0,0,0,27.1,0,80
41,female,1,2,0.96,never,0,0,0,35.8,0,74
44,male,3,2,4.3,never,0,0,0,25.1,0,73
70,female,3,2,2.09,never,180,1,1,21.5,0,64
57,female,3,3,3,never,320,1,0,34.1,0,68
47,male,1,1,NA,current,0,0,0,33.5,0,81
44,female,4,4,1.53,never,0,0,0,45.3,0,71
50,male,5,5,5,former,150,1,0,29.3,0,78
64,male,3,5,1.43,former,0,0,0,25.8,0,67
69,female,1,4,NA,never,0,0,0,30.3,0,81
75,female,4,4,4.45,never,0,0,1,30.2,0,60
64,female,4,2,1.97,current,250,1,0,25.9,0,79
61,female,3,4,1,never,0,0,0,38.3,0,72
43,male,1,3,1.06,former,420,1,0,27.4,0,83
75,female,3,2,0.95,former,660,1,0,25.4,1,32
44,female,1,3,NA,never,60,0,0,38.7,0,81
40,male,5,2,0.88,current,0,0,0,27.5,0,76
60,female,4,3,NA,former,0,0,0,58.7,0,70
72,male,4,3,1.08,former,90,0,0,28.7,1,18
55,female,5,4,4.13,never,540,1,0,20.2,0,66
48,female,4,4,0.67,current,0,0,0,55.1,0,80
52,female,3,3,1.54,current,240,1,0,33.7,0,63
71,female,3,3,1.57,former,0,0,0,62.2,0,76
69,female,1,1,1.64,former,0,0,0,NA,1,55
73,male,5,5,3.18,never,315,1,0,27.4,0,71
45,female,1,1,NA,never,60,0,0,24.3,0,80
61,male,4,4,5,former,240,1,0,28.3,0,65
71,female,1,1,1.29,never,0,0,0,33.6,0,65
44,female,2,3,NA,never,0,0,0,26.6,0,62
70,female,2,1,0.89,never,0,0,1,23.6,0,81
42,female,3,2,0.47,never,0,0,0,44.9,0,83
62,female,3,3,5,never,0,0,0,27.2,0,82
60,female,3,5,5,never,0,0,1,28.2,0,71
47,female,5,5,5,never,240,1,0,26.3,0,77
64,male,3,5,5,former,0,0,0,28.6,0,68
71,female,1,1,0.69,former,0,0,1,29.4,0,62
46,male,3,4,4.64,current,0,0,0,27.2,0,72
42,male,5,5,5,never,840,1,0,26.8,0,63
47,male,4,3,5,never,500,1,0,23.8,0,75
44,male,4,3,0.54,never,0,0,0,58.4,0,79
67,male,3,1,2.57,former,0,0,1,26.7,0,80
80,male,3,3,1.46,former,0,0,0,26.8,1,46
78,male,4,5,1.56,former,0,0,0,38.8,0,80
46,female,3,3,0.35,never,45,0,0,38.8,0,83
68,male,4,3,5,former,140,0,0,31.5,0,73
42,female,4,5,1.97,never,0,0,0,42.4,0,79
60,female,5,5,2.06,never,0,0,0,21.7,0,62
80,male,3,3,0.87,former,150,1,0,31.5,1,67
65,female,5,5,5,never,0,0,0,22.5,0,71
66,male,3,4,5,never,0,0,0,31.1,0,77
60,male,3,1,3.09,current,0,0,1,28,1,21
50,female,3,5,NA,former,0,0,0,30.9,0,70
66,male,3,4,3,former,0,0,0,35.7,0,79
80,female,3,5,NA,never,0,0,0,27.7,1,54
43,female,4,5,2.58,never,960,1,0,30.3,0,64
47,male,1,4,NA,never,60,0,0,27,0,62
41,male,1,1,0.38,never,0,0,1,25.3,0,83
46,male,5,5,4.3,former,360,1,0,23.8,0,71
60,female,2,3,0.58,never,180,1,0,25.8,0,81
52,male,4,3,3.94,never,0,0,0,41.9,0,74
56,male,1,2,NA,former,0,0,0,31.3,0,82
46,male,3,4,5,former,60,0,1,27.8,0,68
77,female,1,1,0.82,never,0,0,0,20.9,0,83
62,female,4,3,2.31,never,30,0,0,24.2,0,70
73,female,1,2,0.44,never,0,0,0,22.1,0,60
46,female,3,3,4.72,former,0,0,0,37.4,0,68
47,female,5,5,5,never,0,0,0,22.4,0,62
49,female,3,4,3.58,never,180,1,0,22.7,0,79
41,female,1,2,NA,never,270,1,0,27.3,0,61
63,male,2,1,0,former,0,0,0,25.7,0,81
47,female,5,5,5,never,180,1,0,21.4,0,75
52,female,4,2,1.36,current,0,0,0,30.8,0,80
74,female,3,5,5,never,0,0,1,28.7,0,60
49,male,5,3,5,former,540,1,0,23,0,71
75,female,3,4,3.1,never,0,0,0,32.7,0,73
62,male,5,5,5,never,210,1,1,26.6,0,72
55,female,4,5,5,never,90,0,0,25,0,62
69,female,3,5,5,never,630,1,1,23.6,0,63
73,female,3,5,5,never,0,0,1,25.3,1,9
52,male,3,5,5,current,0,0,1,34.1,1,30
48,female,1,2,2.36,never,0,0,0,34.7,0,67
64,male,5,5,5,current,0,0,0,18.6,0,63
44,male,3,3,2.6,current,0,0,0,27.4,0,73
46,male,3,5,5,never,0,0,0,26,0,77
53,male,3,5,5,never,90,0,0,28.3,0,73
45,female,3,5,5,never,720,1,0,21.9,0,68
40,female,4,4,NA,never,40,0,0,27.6,0,71
69,female,3,5,0.87,never,0,0,0,34.5,0,68
40,female,3,3,3.82,current,0,0,0,23.9,0,83
42,female,4,4,2.63,never,840,1,0,28.2,0,61
55,male,4,2,1.52,never,0,0,0,35,0,80
52,female,3,4,1.91,current,0,0,0,31.3,0,72
40,female,4,4,2.53,never,420,1,0,37.5,0,64
41,male,3,5,5,former,0,0,0,20.6,0,70
55,male,3,4,4.18,never,1020,1,0,20.8,0,83
52,male,1,1,0.31,current,360,1,0,24.3,0,82
48,female,3,3,1.04,current,0,0,0,29.5,0,84
59,male,3,4,1.46,current,0,0,0,23.5,1,58
46,female,2,1,2.52,never,0,0,0,25.2,0,80
66,female,2,2,NA,never,90,0,0,36.1,0,62
65,male,4,2,1.7,current,0,0,0,26.2,0,62
80,male,3,3,2.23,former,0,0,1,30.9,0,78
40,male,4,3,1.45,never,240,1,0,31.4,0,77
55,male,3,4,5,never,65,0,0,32.2,0,73
55,male,4,2,2.67,current,0,0,1,23.2,0,79
80,male,3,2,2.74,never,100,0,1,28.7,1,29
76,male,5,5,2.06,never,0,0,1,29.9,0,73
72,female,3,3,1.96,former,0,0,1,46.1,0,76
41,female,3,5,4.84,never,135,0,0,24.3,0,63
55,female,3,4,0.84,never,0,0,0,28.2,0,69
75,male,3,5,1.54,never,180,1,0,18.5,1,59
51,male,1,5,0,never,1200,1,0,33,0,63
41,male,5,5,5,never,60,0,0,26.3,0,63
45,female,3,5,5,never,150,1,0,34.8,0,64
47,female,3,2,0.38,current,0,0,0,33.6,0,66
46,female,3,1,3.63,never,30,0,0,29.6,0,84
74,female,3,5,5,former,255,1,0,21.3,0,64
63,female,2,4,5,never,980,1,1,23.9,0,74
44,male,3,5,3.55,never,450,1,0,30,0,71
41,male,5,5,4.35,never,450,1,0,28,0,67
80,female,3,3,2.32,never,120,0,0,30.7,0,75
59,female,5,4,4.25,never,0,0,0,21.9,0,81
43,female,3,3,1.02,current,30,0,0,31.7,0,63
63,male,5,4,3.18,former,540,1,0,22.5,0,82
60,female,3,3,5,former,0,0,0,33.5,0,74
66,female,1,3,1.16,never,210,1,0,21.3,0,61
77,male,3,4,1.21,former,0,0,1,25,1,43
71,female,4,3,1.27,former,0,0,1,32.1,0,82
72,female,5,5,5,never,120,0,0,24.6,0,80
58,male,4,3,1.04,current,0,0,0,19.1,1,36
42,female,1,5,5,never,510,1,0,22.5,0,62
62,female,4,2,0.48,former,0,0,0,23.9,1,50
45,female,1,2,NA,former,210,1,0,31.7,0,82
57,male,3,3,3.84,former,150,1,0,25.2,0,83
46,female,1,5,NA,never,25,0,0,27.3,0,68
57,female,3,4,1.27,current,0,0,1,NA,0,66
49,female,2,1,0.49,never,0,0,0,41,0,70
80,male,3,2,1.65,former,315,1,0,25.5,0,65
52,male,3,5,5,never,600,1,0,23.9,0,64
43,male,3,5,4.1,never,360,1,0,23,0,75
64,female,5,2,NA,never,0,0,0,21,0,74
60,male,4,3,2.26,current,220,1,0,22.6,0,74
51,male,3,5,0.7,never,180,1,0,33.1,0,79
50,male,3,2,0.66,current,0,0,0,28.3,0,67
45,male,4,5,0.56,never,0,0,0,25,0,80
41,male,4,5,4.7,never,270,1,0,27.7,0,70
50,male,3,5,5,never,0,0,0,32.2,0,76
46,female,5,3,5,current,0,0,0,21.1,0,79
72,female,3,3,0.77,never,180,1,1,28.9,0,81
71,male,5,3,5,former,210,1,0,23.8,0,61
43,female,1,3,1.97,never,120,0,0,NA,0,80
45,female,4,2,1.11,never,0,0,0,27.8,0,70
80,female,1,1,0.85,never,0,0,0,21.4,0,65
58,male,1,3,1.25,former,0,0,0,25.7,0,82
48,male,1,3,1.7,former,420,1,0,27.7,0,61
46,female,4,4,1.62,never,180,1,0,44.5,0,80
70,male,3,3,2.54,former,30,0,0,28.5,0,68
56,male,4,3,NA,current,0,0,0,NA,0,76
73,male,4,4,3.81,former,630,1,0,27.4,0,62
55,female,3,2,1.46,current,0,0,0,28,0,76
54,male,3,5,3.37,never,0,0,1,29.8,0,68
50,male,5,2,1.81,never,210,1,0,25.1,0,83
72,male,3,5,4.45,never,540,1,1,23.4,0,81
66,female,3,5,2.19,former,0,0,1,29.8,0,76
59,female,5,3,5,never,0,0,0,21.7,0,82
59,male,5,1,NA,never,0,0,1,19.2,1,70
48,female,1,1,0.47,never,0,0,0,29.9,0,82
45,male,5,4,0.85,never,315,1,0,23.2,0,75
80,male,3,5,1.93,never,70,0,1,27,1,41
80,female,3,4,3.13,never,75,0,0,32.8,0,83
63,female,5,1,0,never,0,0,0,27,0,65
80,male,3,3,1.29,former,0,0,0,21.1,1,52
52,male,1,4,1.13,former,360,1,0,27.8,0,76
47,male,3,3,0.39,current,0,0,0,22,0,80
41,male,3,4,1.08,never,0,0,0,32.5,0,67
40,male,1,5,5,never,120,0,0,32.7,0,67
51,male,2,2,1.61,never,0,0,0,33.3,0,76
53,female,3,5,5,never,0,0,0,35.6,0,67
70,male,3,4,1.77,former,0,0,0,23.9,1,0
50,male,4,4,2.39,current,120,0,0,22.9,0,75
62,female,1,1,0.54,never,480,1,0,28,0,67
80,female,3,2,1.04,never,140,0,0,22.4,0,85
67,male,1,3,1.38,never,180,1,0,35.1,0,65
65,female,1,4,2.87,never,90,0,1,31.4,0,80
48,male,5,5,5,never,720,1,0,22.6,0,80
61,male,3,5,3.48,never,250,1,0,24,0,68
69,male,4,2,2.1,current,0,0,0,18.5,0,79
59,male,2,5,5,never,160,1,0,31.6,0,65
46,female,4,5,3.03,current,0,0,0,35.9,1,34
76,female,3,4,1.02,never,45,0,1,22.8,0,68
62,female,2,2,1.13,never,0,0,0,24.5,0,81
80,female,3,2,0.62,former,150,1,1,29.2,0,78
76,female,4,2,1.91,never,240,1,0,37.4,0,78
41,male,3,5,3.17,never,0,0,1,26.9,1,21
58,male,3,5,5,former,360,1,0,28.8,0,68
71,male,4,5,5,former,600,1,1,23.8,0,74
67,female,2,2,1.65,never,0,0,0,28.6,0,63
56,male,1,3,5,never,540,1,0,27.8,0,61
56,male,3,4,5,never,718,1,1,21.3,0,65
56,female,2,3,NA,never,480,1,0,36.1,0,63
80,male,4,4,3.86,former,180,1,0,23.3,1,52
54,female,4,1,0.86,never,710,1,0,35.3,0,78
80,male,3,3,2.5,former,0,0,0,33.3,1,28
48,female,3,5,4.3,never,120,0,0,23.8,0,70
71,female,3,1,1.59,former,0,0,1,31,1,3
64,male,3,4,3.09,former,0,0,1,34.2,0,62
55,male,1,3,NA,never,270,1,1,35.8,0,66
44,female,4,3,1.74,current,60,0,0,22.8,0,74
80,male,3,3,2.53,never,0,0,0,27.4,0,64
62,female,3,5,3.18,never,0,0,1,38.6,0,69
77,female,4,5,2.67,former,0,0,0,26.2,1,1
80,female,3,3,1.02,never,0,0,0,29.2,0,71
42,male,3,4,3.23,former,135,0,0,31.1,0,60
65,male,3,5,4.67,former,120,0,1,22.7,0,63
75,female,4,2,0.69,current,0,0,0,25.4,0,61
54,male,3,2,0.62,current,0,0,0,22.6,0,84
61,female,2,3,3.63,never,0,0,0,30,0,63
66,male,5,3,NA,former,0,0,1,26.9,0,81
47,female,3,3,5,current,30,0,0,27.3,0,79
65,female,1,3,3.06,never,360,1,0,27.2,0,68
48,female,4,3,2.53,never,270,1,0,36.5,0,70
60,male,4,2,1.63,never,0,0,0,28,1,29
80,male,3,5,5,former,0,0,1,27.8,1,64
65,female,3,4,1.08,never,0,0,1,28.1,0,74
59,female,5,5,5,never,90,0,0,32.1,0,78
56,female,3,3,0.93,former,0,0,1,49.4,0,79
67,female,3,4,2.82,former,60,0,0,31.1,0,76
76,male,4,1,0.65,current,0,0,0,29.9,1,59
66,male,1,4,NA,never,90,0,0,32.2,0,73
61,male,3,5,5,never,0,0,0,27.3,0,73
53,female,4,3,1.31,current,90,0,0,37.2,0,76
44,male,5,4,2.1,never,120,0,0,23.9,0,74
66,female,1,4,2.05,never,270,1,0,26.7,0,82
62,female,4,4,3.58,never,30,0,0,28.2,0,75
65,female,3,3,3.48,former,120,0,0,20.3,0,62
73,male,5,4,5,never,0,0,1,26.6,0,64
65,male,2,1,0.58,never,0,0,0,28.1,0,82
47,male,3,4,2.2,former,300,1,0,31.4,0,58
51,female,4,3,5,never,420,1,0,32.1,0,70
78,female,3,3,1.83,former,0,0,1,31.4,0,64
61,male,5,3,2.18,former,210,1,0,19.6,0,61
60,male,3,4,5,never,1260,1,0,31.5,0,72
72,female,4,4,1.04,former,0,0,0,16.8,1,17
71,male,3,1,1.06,former,0,0,0,33.2,0,68
41,female,5,5,3.05,never,0,0,0,22.7,0,69
72,female,4,4,1.53,never,240,1,0,30.7,0,70
40,male,2,1,0.45,never,300,1,0,31.9,0,77
47,female,4,4,1.03,never,40,0,1,31.2,0,68
59,male,5,5,5,never,660,1,0,24.2,0,71
44,female,3,5,2.2,current,1680,1,1,18.9,0,78
46,male,5,5,2.83,never,0,0,0,30.6,0,75
80,female,3,3,2.74,NA,0,0,0,NA,1,20
65,female,1,5,2.18,former,0,0,1,26.8,0,67
46,male,3,4,0.84,current,0,0,1,29.7,0,62
50,male,3,3,5,never,0,0,0,27,0,74
48,male,4,4,4.25,current,540,1,0,21.8,0,67
56,female,5,3,1,never,0,0,0,33.2,0,66
51,male,3,3,2.65,current,0,0,0,26.2,0,69
60,female,1,4,3.74,former,90,0,0,25.7,0,60
43,male,4,4,1.07,former,0,0,0,31.9,0,70
40,male,3,2,1.06,never,0,0,0,30.8,0,67
45,male,4,2,1.52,never,390,1,0,26.1,0,81
69,female,1,3,0.35,current,0,0,0,39.5,0,80
80,female,3,5,2.57,former,0,0,0,33.8,0,74
43,male,1,2,NA,current,0,0,0,26.4,0,77
60,male,3,3,NA,former,135,0,0,26.6,0,75
71,male,4,3,1.03,former,0,0,0,22.2,0,60
60,male,4,4,3.82,never,0,0,0,26.7,0,74
45,male,3,4,1.04,never,0,0,0,24.9,0,74
64,male,4,5,0.84,never,240,1,0,31.7,0,75
52,female,3,2,0,current,0,0,0,34.5,0,73
63,male,1,5,5,former,180,1,0,27.7,0,65
41,male,2,3,2.27,current,0,0,0,26,0,80
44,female,1,2,3.58,never,0,0,0,27.3,0,81
66,female,5,3,1.27,never,0,0,0,24.9,0,77
48,female,1,1,1.83,never,0,0,0,32.2,0,81
49,female,1,5,1.81,former,0,0,1,27.9,0,61
52,female,3,2,1.03,current,0,0,1,22.6,0,76
44,male,3,3,2.82,former,0,0,0,35,0,68
80,female,3,3,1.83,never,180,1,1,30.6,1,34
59,male,4,4,5,never,3960,1,0,31.2,0,66
53,female,2,4,2.22,current,0,0,0,30.6,0,74
76,male,3,5,1.16,never,0,0,1,27.2,1,56
60,female,2,1,NA,never,0,0,0,29.8,0,63
54,female,1,1,1.52,never,0,0,0,36.1,0,63
51,male,2,5,2.63,current,0,0,1,41.7,0,63
80,female,3,4,1.38,former,0,0,1,26.4,0,67
80,male,4,3,2.67,former,900,1,0,24.2,0,82
67,female,4,4,0.81,current,0,0,0,16.8,0,80
63,male,3,4,1.24,current,0,0,0,23.8,1,9
54,female,1,4,2.19,never,0,0,0,38.9,0,61
77,female,4,3,0.75,never,0,0,0,29.3,0,81
56,female,3,5,5,never,360,1,1,23.7,0,77
77,female,3,4,3.68,never,0,0,1,23.7,0,63
60,male,2,5,5,former,0,0,0,27.5,0,80
40,female,5,5,2.52,never,180,1,0,23.8,0,75
61,male,4,2,1.22,former,0,0,0,26.6,0,65
49,male,2,5,5,former,0,0,0,29.6,0,61
75,female,3,3,1.46,former,0,0,0,41.1,1,63
78,female,2,3,2,never,210,1,0,35.2,0,64
42,female,5,4,4.19,never,0,0,0,19.3,0,71
70,male,5,5,1.21,never,120,0,0,30.7,0,74
60,female,4,5,5,never,135,0,0,37.6,0,74
49,male,3,3,1.68,never,0,0,0,32.3,1,54
46,female,3,4,4.06,former,0,0,0,38,0,62
73,female,4,5,2.67,former,315,1,0,26.6,0,80
56,male,3,5,5,never,25,0,0,24.9,0,78
50,male,2,3,3.02,former,100,0,0,30.2,0,81
56,female,4,3,2.21,never,80,0,0,30.2,0,73
80,female,5,1,2.53,never,210,1,0,21.8,1,38
79,female,4,1,1.59,never,0,0,0,26.6,1,58
51,male,2,3,4.16,former,0,0,0,22.4,0,70
73,female,3,5,0.57,never,70,0,1,34.3,0,67
49,female,1,1,3.07,never,0,0,0,26.4,0,65
50,female,1,4,3.92,never,0,0,0,44.9,0,64
80,male,4,4,4.45,never,900,1,1,27.3,0,59
48,female,1,2,3.61,never,90,0,0,41.3,0,68
42,female,3,4,1.91,current,180,1,0,33.8,0,67
43,male,3,5,1.06,former,135,0,0,63.3,0,80
41,female,5,4,3.58,never,0,0,0,23.7,0,60
41,female,5,1,1.14,never,210,1,0,19.9,0,82
47,female,4,5,NA,never,0,0,0,27.5,0,61
56,male,1,1,1.25,never,0,0,0,26,0,79
62,male,3,5,5,never,360,1,0,26.1,0,67
65,female,4,3,NA,former,0,0,0,42.3,0,74
47,male,4,2,NA,never,75,0,0,27.9,0,79
58,male,5,2,3.33,never,0,0,0,28.1,0,69
69,female,3,4,5,never,0,0,0,33.4,0,76
50,male,3,3,2.77,current,0,0,0,28.2,0,74
50,male,5,3,1.62,former,0,0,0,23.5,0,70
45,male,3,4,1.91,current,0,0,0,21.3,0,68
68,female,2,3,5,never,180,1,0,29.9,0,75
65,male,4,4,0.66,former,30,0,0,23.9,0,77
65,female,3,5,5,never,120,0,0,20.9,0,78
74,male,1,1,0.29,never,70,0,1,23.8,0,69
52,female,4,3,3.92,never,120,0,0,35,0,74
44,female,4,4,0.61,current,0,0,0,37.1,0,72
59,female,3,4,0.97,never,120,0,0,28.6,0,69
67,male,1,5,NA,never,0,0,0,27.3,0,74
51,male,4,3,2.77,current,480,1,0,23.6,0,62
47,female,1,5,3.63,never,0,0,0,35.2,0,69
68,female,3,3,1.08,former,0,0,1,24.5,1,68
50,male,2,1,0.22,never,0,0,0,30.2,0,83
80,female,3,3,1.74,former,0,0,1,NA,1,35
69,male,3,1,0.75,current,0,0,0,24.2,0,79
75,male,3,4,3.92,never,630,1,0,27.6,0,83
44,male,2,5,4.88,never,300,1,0,24.6,0,62
71,female,3,4,5,never,180,1,1,29.3,0,75
75,female,2,4,3.92,former,0,0,0,26.2,0,73
80,female,3,2,1.34,never,0,0,1,30.7,0,67
43,male,5,5,5,never,0,0,0,26.1,0,71
46,female,1,1,NA,never,2160,1,0,27.1,0,81
50,female,1,1,1.2,never,240,1,0,41.4,0,82
48,female,3,5,5,former,210,1,0,25.8,0,69
61,female,3,4,3.54,never,90,0,0,31.5,0,80
67,female,1,1,2.58,never,240,1,0,21.2,0,65
64,female,2,4,1.61,former,75,0,0,25.7,0,67
74,female,1,2,NA,never,45,0,0,35.5,0,60
71,female,5,5,1.31,never,540,1,0,26.8,0,81
47,male,5,4,4.86,former,60,0,0,26.7,0,61
59,male,3,5,5,never,135,0,0,27.4,0,78
63,female,3,4,1.06,current,0,0,0,27.3,0,74
80,male,3,5,3.34,never,0,0,1,22.5,1,54
72,male,5,5,NA,never,0,0,0,24.6,0,82
69,female,3,3,1.39,former,0,0,1,21.6,1,62
57,male,3,2,2.58,current,0,0,1,34.2,0,83
55,female,5,3,1.68,never,0,0,0,NA,0,71
68,male,1,1,NA,current,0,0,1,28,0,66
43,female,3,3,1.27,current,0,0,0,32.6,0,60
45,female,3,5,5,never,270,1,0,22.3,0,77
80,female,1,2,2.76,never,0,0,0,29.4,1,39
55,female,5,3,2.23,never,0,0,0,21.4,0,71
50,male,3,5,5,former,105,0,0,28.4,0,74
63,female,4,3,2.77,never,120,0,0,32.9,0,62
61,female,4,3,1.03,former,45,0,0,37.9,0,80
55,male,3,1,0.72,former,0,0,0,31.7,0,78
46,male,3,5,5,never,330,1,0,28.3,0,73
65,female,5,5,NA,never,120,0,0,22.3,0,71
59,male,1,1,2.33,former,0,0,0,31,0,80
63,female,4,3,2.71,current,360,1,0,33.8,0,74
42,male,3,5,3.17,never,435,1,0,21.2,0,77
58,female,2,4,1.43,never,0,0,1,35,0,64
58,male,4,2,1.84,current,0,0,1,21.6,0,71
76,male,3,5,5,never,600,1,0,29,0,63
66,female,3,4,1.22,never,150,1,1,28.4,0,61
77,female,4,1,0.77,never,380,1,0,38.9,0,69
57,female,4,4,0.88,former,0,0,1,29.3,0,70
48,male,1,2,NA,former,0,0,0,27.1,0,82
65,female,3,3,2.23,current,60,0,1,24,0,70
43,female,4,2,0.34,current,1800,1,0,23.9,0,72
49,male,3,4,0.99,never,520,1,0,29,0,73
43,female,3,4,3.94,never,175,1,0,29.3,0,79
41,female,5,4,3.14,never,0,0,0,22.3,0,73
80,male,3,4,3.61,never,0,0,0,26.3,1,78
49,female,3,2,1.01,current,0,0,0,28.1,0,69
48,male,1,2,3.63,current,360,1,0,33.6,0,67
80,male,3,1,1.2,current,0,0,0,21.5,1,3
73,female,3,1,0.87,never,0,0,0,36.5,0,61
71,male,1,4,4.84,former,0,0,1,29.4,0,82
40,male,5,5,4.61,never,0,0,0,18.8,0,70
69,male,3,5,5,former,0,0,1,33.7,0,64
52,female,5,3,0.87,never,420,1,1,18.6,0,70
64,male,4,2,0.89,current,0,0,1,22.3,0,79
65,female,5,3,2.6,never,1290,1,1,25.4,0,74
67,male,4,5,1.71,never,1680,1,0,24.7,0,64
50,female,3,5,5,never,60,0,0,20.5,0,73
80,male,4,2,5,never,0,0,0,21.2,1,60
80,male,3,4,0.85,never,0,0,0,26.7,1,14
61,female,4,2,1.02,never,0,0,0,47.3,0,67
52,male,1,1,0.42,never,240,1,0,26.3,0,66
65,female,3,5,5,never,0,0,0,33.7,0,75
62,male,3,4,3.81,former,0,0,0,34.7,0,67
80,male,3,5,4.19,former,0,0,1,31.5,1,13
80,female,3,2,0.77,former,0,0,0,18.9,1,22
56,female,1,4,2.63,former,0,0,0,36,0,68
51,female,1,4,2.97,never,60,0,0,28.3,0,81
69,female,3,5,0.66,former,0,0,1,30,0,78
56,female,5,2,4.13,never,600,1,0,27.5,0,61
60,male,3,5,5,never,420,1,0,27.1,0,72
80,male,3,4,3.18,never,225,1,1,31.1,0,72
45,female,3,5,5,never,2160,1,0,22.5,0,62
46,female,4,4,3.57,never,1320,1,0,22.9,0,68
53,female,2,3,NA,never,0,0,0,27.8,0,73
53,female,4,2,0.75,never,0,0,1,43.7,0,81
68,female,3,4,4.93,former,0,0,1,35.1,0,74
68,female,5,4,0.84,former,60,0,0,28.5,0,64
74,male,3,2,5,never,480,1,0,25.5,0,75
43,female,5,5,3.18,never,180,1,0,24.2,0,74
78,female,3,2,3.13,current,0,0,1,22.1,1,51
42,female,3,4,1.01,never,0,0,0,38.1,0,68
70,female,3,4,2.42,never,140,0,0,24.1,0,61
49,male,3,5,3.96,never,30,0,0,28.3,0,77
51,male,5,3,3.84,former,0,0,0,25.9,0,70
74,male,3,5,5,former,20,0,1,27.7,0,61
50,female,3,4,5,never,0,0,1,41.4,0,77
51,female,5,5,2.53,never,420,1,0,23.4,0,82
74,female,3,4,NA,never,0,0,1,22.9,0,63
72,female,5,5,2.9,never,0,0,1,24.7,0,79
43,female,5,3,4.77,never,15,0,0,27.3,0,76
80,male,2,2,1.54,former,0,0,0,27.1,1,14
52,female,2,3,3.87,never,90,0,0,34.1,0,73
42,male,4,4,0.69,current,30,0,0,20.2,0,63
69,male,5,4,3.22,never,1320,1,0,24.1,0,80
60,female,4,5,5,never,0,0,0,37.4,0,76
58,male,3,5,4.9,former,300,1,1,25.8,0,67
55,female,2,4,5,never,240,1,0,21.7,0,70
57,female,4,3,0.51,never,0,0,0,71.5,0,62
73,male,2,2,1.89,former,90,0,1,24.4,0,71
41,female,5,3,0,current,0,0,0,29.5,0,82
73,female,5,4,3.81,current,0,0,1,22.3,0,84
49,female,2,3,0.65,former,0,0,0,38.5,0,80
46,female,2,4,NA,former,0,0,0,25.2,0,70
55,female,2,4,1.97,former,120,0,0,31.2,0,83
60,female,3,1,0.5,current,0,0,0,30.4,0,60
69,male,4,1,2.29,former,0,0,0,NA,0,68
51,male,3,5,5,never,660,1,0,27.4,0,60
62,female,4,3,NA,never,0,0,0,45.9,0,76
50,male,5,1,0.5,former,0,0,0,24.7,0,70
52,male,3,2,1.21,former,0,0,0,23.2,0,84
58,female,4,4,1.91,never,0,0,0,51.1,0,78
64,female,4,1,0.21,current,0,0,0,34.2,0,73
40,female,1,1,NA,never,210,1,0,33.7,0,80
60,male,3,4,5,former,35,0,1,31.7,0,79
73,female,1,1,0.5,never,0,0,0,52.2,0,82
68,female,3,4,2.23,never,0,0,0,27.3,0,79
80,male,5,5,NA,never,0,0,0,25,0,73
72,male,5,3,1.27,never,0,0,0,25.6,0,77
48,female,4,5,4.25,never,20,0,0,26.8,0,68
66,female,3,4,0.84,current,240,1,0,32,0,61
68,male,2,3,1.1,former,0,0,0,26.9,0,62
60,male,5,5,2.65,never,0,0,0,27,0,71
80,male,3,5,4.13,former,300,1,1,32.3,0,80
50,male,1,1,1.61,current,0,0,0,28.1,0,62
46,male,3,4,3.13,never,1440,1,0,26.6,0,77
70,female,3,2,5,former,120,0,1,23.8,0,60
65,male,4,5,1.29,former,0,0,0,24.2,0,77
76,female,3,4,1.54,never,280,1,1,27.7,0,65
43,male,1,3,4.25,never,0,0,0,25.4,0,68
42,female,5,5,5,never,135,0,0,20.3,0,80
54,male,1,2,NA,never,150,1,0,34.5,0,67
60,male,1,1,NA,current,0,0,0,25.1,0,68
41,female,3,3,0.63,current,480,1,0,34.6,0,67
52,male,2,3,0.94,current,0,0,0,25.4,0,78
65,female,2,3,3.09,never,0,0,0,37.9,0,61
63,female,5,5,2.46,current,1140,1,0,25.8,0,82
62,female,3,4,1.19,never,0,0,0,23.2,0,68
41,female,2,3,3.28,never,420,1,0,24.9,0,79
40,female,2,4,1.78,never,0,0,0,32.6,0,73
66,female,2,4,4.35,never,420,1,0,NA,0,81
57,female,3,3,5,never,0,0,0,37.4,0,83
51,male,4,4,3,current,1560,1,0,28.3,0,79
79,male,3,4,5,never,720,1,1,24.8,0,70
70,female,3,3,1.39,former,0,0,0,37.7,1,75
50,female,2,5,1.07,never,0,0,0,25.1,0,74
52,female,2,3,5,never,315,1,0,23.3,0,72
63,female,3,5,3.26,current,30,0,1,35.2,0,78
67,male,3,4,3.87,current,0,0,0,37.8,0,80
80,male,3,4,1.91,never,0,0,1,27.1,0,84
51,female,3,4,2.15,current,0,0,1,41.8,0,68
51,female,3,5,3.87,former,120,0,0,42.2,0,82
65,male,4,1,1.82,former,15,0,0,30.7,0,79
74,female,3,5,1.91,former,180,1,0,17.2,0,68
74,female,3,4,3.48,never,90,0,0,26.3,0,73
60,male,2,4,3.35,never,540,1,0,36.8,0,72
42,female,1,3,3.61,never,840,1,0,44,0,65
55,female,1,4,3.58,former,140,0,0,26.2,0,67
80,female,4,2,1.7,never,0,0,1,30.3,1,9
52,male,3,4,1.33,former,0,0,0,38.4,0,61
63,male,4,3,1.29,never,0,0,0,34.4,0,62
45,male,4,5,4.07,never,780,1,0,27,0,79
45,male,4,4,3.82,never,0,0,0,26.8,0,68
80,male,3,5,3,former,60,0,0,26.9,1,62
66,male,2,4,3.81,former,0,0,0,26.1,0,70
58,female,5,4,5,never,540,1,0,33.6,0,64
42,female,3,2,NA,current,0,0,0,38.5,0,70
43,male,5,5,2.73,never,200,1,0,24.8,0,79
47,female,4,5,5,never,0,0,0,26.2,0,60
40,female,5,5,5,never,360,1,0,20.2,0,64
80,female,4,5,2.94,never,0,0,0,27.1,1,72
73,female,4,3,1.29,never,0,0,0,36.9,0,62
76,female,3,2,4.84,never,0,0,0,28.5,0,69
70,male,4,2,4.11,former,0,0,1,19.6,1,14
43,male,4,3,1.28,former,0,0,0,26.5,0,63
63,male,3,5,5,never,270,1,1,31.4,0,76
80,male,3,2,1.89,former,0,0,0,25.4,0,70
41,male,5,5,3.63,former,0,0,0,25.9,0,82
56,male,3,5,5,former,180,1,0,26.8,0,68
61,female,3,2,1.23,current,0,0,1,28.6,0,80
74,male,1,2,NA,former,70,0,0,30.1,0,60
48,female,3,2,2.12,current,600,1,0,27.7,0,68
50,male,1,2,NA,former,0,0,0,31.4,0,79
49,male,2,4,1.33,current,20,0,0,27.4,0,61
63,female,3,5,5,never,450,1,1,31.2,0,61
63,female,2,1,0.58,never,90,0,1,34.8,0,80
50,male,1,3,0.74,current,240,1,0,27.8,0,64
44,male,4,5,5,never,540,1,0,24.7,0,64
53,female,4,3,1.24,never,0,0,0,30.4,0,79
70,female,2,1,0.51,former,0,0,0,30.4,0,81
80,female,3,5,5,never,0,0,0,27.6,0,64
50,male,1,1,3.28,former,720,1,NA,31.5,0,67
74,female,3,2,1.68,never,0,0,0,23.4,0,69
71,male,3,5,1.8,never,480,1,0,40.8,0,70
53,male,2,3,4.16,former,550,1,0,27,0,70
40,male,2,5,5,never,0,0,0,28.5,0,73
64,female,3,5,3.87,current,0,0,0,25.6,0,68
63,female,4,1,3.07,never,0,0,0,33.1,0,61
67,male,3,5,5,never,440,1,1,28.8,0,76
75,male,2,1,0.93,never,0,0,0,25.9,0,82
51,female,3,4,1.24,current,0,0,0,27.3,0,78
75,male,3,3,NA,former,0,0,1,23.7,0,82
65,male,4,3,1.85,current,600,1,1,22.7,1,43
51,female,5,5,2.65,never,240,1,0,25.4,0,71
64,male,3,3,1.04,never,105,0,1,31.5,0,77
78,male,3,3,1.92,former,0,0,0,25.3,0,72
44,female,3,4,1.42,current,0,0,0,30.4,1,55
69,female,4,4,3.43,never,120,0,0,32.4,0,61
73,female,3,5,5,never,0,0,1,29.6,0,62
45,female,1,3,4.12,never,240,1,0,36.5,0,61
43,female,4,4,2.2,never,80,0,0,24.6,0,62
72,female,5,5,1.77,never,480,1,0,47.2,0,60
72,male,3,5,5,former,180,1,1,24.5,0,74
47,female,4,4,NA,never,0,0,0,26.5,0,70
73,female,3,5,1.77,former,150,1,0,25.1,0,79
75,male,3,3,1.37,never,0,0,1,27.8,1,43
44,female,1,2,0.82,former,0,0,0,31.4,0,73
67,male,4,3,3.35,never,0,0,1,33,0,65
73,male,3,3,1.38,current,0,0,1,25.8,1,59
56,male,4,2,1.27,former,90,0,0,31.2,0,78
42,male,4,4,4.1,never,0,0,0,35.4,0,64
53,female,4,4,0.86,never,210,1,0,30.5,0,61
57,male,1,1,2.42,never,0,0,0,32.4,0,68
80,female,3,5,3,never,0,0,0,29.9,0,77
80,male,3,5,2.18,never,150,1,0,29,0,76
70,female,1,1,1.01,never,0,0,0,26.9,0,67
44,female,2,5,5,former,0,0,0,22.7,0,80
73,male,3,2,2.48,former,0,0,1,24.9,0,77
47,male,2,4,4.67,former,90,0,0,44.6,0,64
80,male,3,1,1.03,former,180,1,1,27.3,0,65
67,female,2,4,0.35,former,0,0,0,25.6,0,72
64,female,4,3,1.79,current,0,0,1,23.2,0,73
80,female,3,2,1.27,former,0,0,1,20.3,1,7
55,male,1,2,1.81,never,0,0,1,28.3,0,61
54,female,3,2,1.13,current,0,0,0,19.3,0,85
47,female,2,4,2.19,never,100,0,0,40.8,0,69
45,female,3,4,1.54,former,40,0,0,37.4,0,67
50,male,3,5,5,former,30,0,0,29.8,0,77
80,female,5,1,0.73,former,0,0,0,32.8,1,19
61,female,2,4,3.87,never,90,0,0,32.9,0,66
47,female,3,2,0.54,current,0,0,0,23.5,0,80
53,female,5,4,3.22,never,210,1,0,26.4,0,72
47,male,2,4,2.87,never,0,0,0,29.5,0,70
52,male,4,4,3.8,never,15,0,1,28.5,0,76
56,male,5,5,3.54,former,0,0,0,25.2,0,80
49,male,4,3,3.49,never,0,0,0,35.5,0,69
77,male,3,5,5,former,30,0,0,25,0,81
42,male,3,4,2.11,never,0,0,0,27.8,0,69
58,male,5,3,2.05,current,0,0,0,22.5,0,81
53,female,4,4,0.68,current,0,0,0,38.8,0,62
41,male,3,5,5,never,0,0,0,30.5,0,65
48,female,3,4,2.74,current,0,0,0,31.3,0,78
63,female,3,4,3.09,current,0,0,1,29.5,0,64
53,male,4,3,5,never,540,1,0,39.8,0,71
55,female,4,1,0.84,never,0,0,1,53.9,0,78
72,female,4,4,5,current,180,1,1,24.9,0,75
80,female,5,1,1.14,never,0,0,0,27.5,0,82
65,male,3,2,0.93,former,0,0,1,33.7,0,69
46,female,2,4,0.76,never,0,0,0,37.3,0,70
51,female,5,5,3.35,never,720,1,0,20.3,0,81
43,male,5,5,4.19,never,20,0,0,30.5,0,70
80,male,3,4,2.61,former,0,0,0,25.6,0,79
74,male,5,4,NA,former,30,0,0,20.3,0,75
48,male,1,2,NA,never,180,1,0,23.7,0,80
80,male,3,4,1.02,former,840,1,0,30.2,1,71
56,female,3,4,0.72,current,0,0,1,NA,1,7
50,male,3,1,2.52,never,1500,1,0,27.4,0,64
68,male,5,5,1.61,former,840,1,0,27.9,0,80
46,male,4,4,2.18,never,304,1,0,26.8,0,62
55,female,3,3,1.29,current,300,1,0,19,1,42
71,female,3,3,3.18,never,105,0,0,26.9,0,67
62,male,4,2,4.77,never,0,0,0,27.7,0,75
41,male,3,5,3.82,current,90,0,0,28.5,0,83
53,female,2,4,5,current,360,1,1,22.7,0,80
41,female,3,5,0.88,never,270,1,0,22,0,74
78,female,3,4,5,never,180,1,0,26.3,0,76
68,male,4,3,2.3,former,0,0,1,41,0,76
80,male,3,3,2.57,former,0,0,1,27.3,0,77
46,female,4,4,2.25,never,240,1,0,40.5,0,72
80,female,3,4,1.46,never,0,0,1,24.8,1,64
43,female,1,2,0.95,never,0,0,0,35.7,0,82
66,female,3,2,1.01,former,0,0,0,27.5,0,83
57,female,5,5,4.13,former,450,1,0,34.5,0,74
80,male,3,3,5,never,0,0,0,35.3,1,2
64,male,3,3,1.29,former,0,0,0,24.7,0,62
42,female,2,4,4.88,never,240,1,0,22.5,0,62
60,female,3,4,NA,never,360,1,0,29.4,0,77
43,female,3,4,5,former,0,0,0,30.4,0,78
77,male,3,4,NA,former,0,0,0,36.2,1,22
76,male,2,4,1.54,never,0,0,0,34.4,0,61
80,female,4,5,NA,never,0,0,1,35.5,1,32
54,female,4,4,0.83,never,0,0,0,18.8,0,80
56,female,3,1,0.76,former,0,0,0,42.1,1,26
44,male,1,2,2.26,never,0,0,0,30.1,0,82
40,male,5,5,4.35,never,0,0,0,24.2,0,83
57,female,3,3,5,never,60,0,0,26.3,0,65
54,male,4,4,2.73,never,0,0,0,28.7,0,66
47,male,3,3,2.82,current,0,0,0,30.8,0,71
48,female,5,1,1.47,never,0,0,0,22.6,0,70
69,female,4,2,1.91,current,0,0,0,42.8,0,63
40,female,4,5,3.28,never,360,1,0,34.4,0,65
64,male,1,3,1.51,former,420,1,NA,36.8,0,67
54,male,3,3,0.78,current,1680,1,0,28.4,0,63
56,female,5,1,1.22,never,0,0,0,20.4,0,64
51,male,3,2,NA,current,0,0,1,27.9,1,37
49,female,1,2,1.62,never,0,0,0,30.9,0,63
43,male,3,3,2.55,never,0,0,0,31.8,0,81
61,male,2,4,2.68,never,225,1,0,25.2,0,80
69,male,3,4,1.29,current,0,0,0,24.4,0,66
69,female,3,4,1.71,former,60,0,0,20.8,0,67
56,male,2,5,5,former,240,1,0,23.5,0,70
67,female,4,2,0.7,never,0,0,0,26.9,0,72
73,female,2,3,0.04,never,0,0,1,27.6,0,69
61,female,3,4,5,former,0,0,0,33.4,0,63
61,male,4,3,3.95,former,0,0,0,23.3,0,77
73,male,3,5,5,former,240,1,0,24.3,0,63
50,female,3,2,0.74,current,20,0,0,23.7,0,84
56,female,4,5,3.24,never,420,1,0,47.5,0,75
53,male,4,1,0.34,never,0,0,0,23.7,0,64
53,male,1,1,0.88,current,0,0,0,32.6,0,80
61,male,3,4,5,never,0,0,0,25,0,67
60,female,4,3,1.91,former,0,0,1,31.2,0,78
68,male,3,4,3.89,current,0,0,1,34.7,0,74
51,female,3,2,2.58,current,0,0,0,37.4,0,82
40,male,4,2,0.18,current,0,0,0,32.4,0,78
44,male,2,4,1.16,never,0,0,0,30,0,67
70,male,3,5,5,never,60,0,0,26.7,0,61
58,female,2,2,NA,former,225,1,0,26.2,0,65
62,female,5,5,5,never,230,1,0,24.3,0,71
64,male,3,3,1.29,former,0,0,0,23.9,1,62
63,female,3,3,3.22,never,0,0,0,29,0,68
57,male,4,4,4.19,former,360,1,0,35.8,0,72
80,male,3,5,1.16,never,210,1,0,24.6,1,36
60,female,3,5,4.51,former,20,0,0,32.2,0,63
66,female,3,4,5,former,225,1,1,29.3,0,74
72,male,3,3,1.2,current,210,1,0,27.5,0,67
42,male,3,3,1.15,never,120,0,0,33.3,0,63
45,male,1,2,2.15,former,0,0,0,22.2,0,81
76,female,3,5,1.46,former,0,0,1,39.6,1,16
53,female,2,5,5,former,480,1,1,20,0,64
46,female,5,3,3.18,never,0,0,0,24.8,0,60
80,female,2,2,1.53,never,0,0,1,27.2,0,72
80,male,3,5,2.79,former,75,0,0,27.4,0,75
43,female,3,5,4.3,never,120,0,1,20.8,0,76
54,female,3,5,5,never,780,1,1,26.2,0,79
80,female,3,4,1.03,never,0,0,1,27.1,0,67
46,male,3,5,3.67,never,780,1,0,24.2,0,64
52,male,5,3,4.06,current,180,1,0,29.1,0,68
49,male,3,5,3.48,never,0,0,0,26.4,0,74
44,male,3,5,4.19,never,0,0,0,26.4,0,77
55,male,1,5,3.48,never,0,0,0,35.9,0,68
80,male,4,3,NA,former,180,1,0,25,1,25
79,female,3,5,5,never,360,1,1,20.2,0,60
60,male,5,5,2.74,current,0,0,0,27.6,0,80
53,male,3,3,0.61,current,0,0,0,21.3,0,77
47,female,3,5,1.12,current,0,0,1,35.5,1,76
73,female,3,4,1.08,never,0,0,1,36.8,1,14
79,male,3,5,2.9,never,0,0,1,28.2,0,61
66,female,4,2,2.54,former,0,0,1,28,0,79
47,female,3,5,5,former,810,1,1,19.5,0,74
40,female,4,4,0.94,current,45,0,0,24,0,61
77,male,3,5,2.58,former,0,0,1,27.5,0,68
50,female,5,3,1.4,never,0,0,0,32.4,0,82
42,male,3,2,0.35,current,100,0,0,33.8,0,84
49,male,5,1,1.47,never,240,1,0,26,0,69
42,female,5,5,1.62,never,0,0,0,19.7,0,70
71,female,4,4,3.26,never,0,0,0,35.5,0,75
41,female,4,2,0.78,never,0,0,0,42.1,0,65
48,male,1,1,NA,current,0,0,0,34,0,65
57,female,3,4,2.71,never,0,0,0,39.5,0,76
55,male,3,2,1.29,current,360,1,0,23.3,0,83
43,male,1,2,2.05,former,0,0,0,31.4,0,62
62,female,3,3,5,never,0,0,0,29.8,0,77
80,male,3,3,1.38,former,0,0,1,24.1,1,60
44,male,4,2,0.17,current,0,0,0,30.7,0,73
80,female,3,3,1.74,never,80,0,1,23.6,0,67
43,male,5,5,NA,never,360,1,0,21.1,0,62
73,female,3,4,1.77,never,180,1,1,28.4,1,76
73,male,1,4,NA,never,0,0,0,33.2,0,68
59,male,3,4,5,former,570,1,1,22.9,0,71
45,male,3,5,5,never,270,1,0,25.3,0,76
51,female,4,4,5,never,0,0,0,25.6,0,76
50,female,4,3,0.32,current,0,0,0,52,0,61
52,male,3,4,3.5,never,0,0,0,32.9,0,69
66,female,3,5,5,never,30,0,0,33.9,0,73
70,male,4,1,1.06,former,1440,1,0,22.7,1,36
51,female,4,5,2.02,current,0,0,0,40.1,0,81
65,male,4,2,1.15,current,480,1,0,24.9,0,64
53,male,5,5,5,never,0,0,0,27.3,0,75
57,female,3,3,2.27,former,60,0,0,49,0,63
70,female,2,3,2.05,former,0,0,0,27.4,0,68
63,female,4,3,3.18,current,0,0,0,30.3,0,79
48,male,3,4,0.95,never,60,0,0,39,0,66
51,female,3,5,5,former,180,1,1,22.9,0,75
49,female,3,4,1.16,current,0,0,1,37.5,0,83
44,female,3,3,1.2,current,0,0,1,30.6,0,61
49,male,5,5,2.02,current,0,0,0,27.1,0,68
41,male,4,3,0.72,never,0,0,0,28.3,0,58
44,male,3,3,4.55,never,0,0,0,27.1,0,79
80,female,3,2,NA,never,0,0,0,28.6,1,52
62,male,1,1,1.65,current,0,0,0,24.3,0,64
65,female,3,5,5,never,0,0,0,31.1,0,72
65,male,5,5,5,former,0,0,1,24.8,0,72
80,male,3,5,5,never,0,0,1,22.3,1,55
53,female,3,5,1.47,never,75,0,0,39.4,0,78
73,male,4,NA,1.04,current,0,0,1,18.9,1,59
44,male,5,4,2.91,current,540,1,0,32.8,0,82
63,male,3,5,1.24,current,0,0,0,29.2,0,65
47,female,3,4,1.93,never,0,0,1,36.1,0,68
68,male,4,2,2.53,former,0,0,0,28.6,0,62
50,male,4,4,1.88,current,0,0,0,32.3,0,66
51,female,1,1,1.58,never,240,1,1,30.7,0,81
56,male,4,3,3.31,current,0,0,0,30.2,0,74
70,female,3,3,0.82,never,0,0,0,26.8,0,76
43,female,4,4,1.61,never,300,1,0,39.4,0,69
48,male,4,5,4.51,never,60,0,0,30.3,0,79
60,male,4,2,NA,former,0,0,0,27.1,0,58
70,female,1,1,NA,current,0,0,1,26.4,0,80
80,male,3,4,NA,former,0,0,1,NA,1,48
61,male,1,2,2.27,never,30,0,0,28.7,0,80
48,female,3,5,5,never,480,1,0,29.7,0,69
63,female,3,4,5,current,0,0,0,17.6,0,69
80,female,3,4,5,never,0,0,0,27.6,0,63
52,female,2,4,5,never,90,0,1,24.3,0,62
66,male,3,3,1.59,former,0,0,0,32.7,0,67
42,male,1,3,0.45,never,0,0,0,32.5,0,83
80,female,3,4,3.86,never,0,0,0,24.2,1,55
58,female,3,4,NA,former,0,0,0,38.6,1,2
47,male,3,3,1.31,former,0,0,0,30.7,0,69
48,female,5,5,5,never,180,1,0,27.6,0,61
62,male,3,3,4.28,former,180,1,0,22.8,0,66
44,female,5,3,0.48,never,240,1,0,30,0,68
80,male,3,5,4.35,never,48,0,0,30.4,1,22
80,female,4,5,3.76,never,0,0,1,35.9,0,62
40,male,5,3,1.52,never,0,0,0,22.8,0,72
63,male,3,4,5,former,0,0,0,25.5,0,64
41,male,5,5,5,never,80,0,0,28.4,0,60
51,female,4,2,1.52,current,0,0,0,43.4,0,81
73,male,2,3,0.73,current,0,0,0,25.9,0,67
72,male,3,3,0.72,former,780,1,1,28.9,0,69
63,male,1,2,1.27,never,15,0,0,29.7,0,80
47,male,5,5,5,never,0,0,0,20.9,0,72
59,male,4,5,2.27,never,0,0,0,43.4,0,61
70,female,3,3,2.42,former,0,0,0,42.1,0,79
64,female,3,3,4.45,never,0,0,1,21.5,0,69
49,female,5,5,4.1,former,0,0,0,30,0,75
78,female,3,3,2.23,former,90,0,1,32.4,0,77
66,male,1,1,1.02,former,0,0,0,27.6,0,68
65,female,5,2,3.28,never,0,0,0,31.4,0,80
54,female,3,3,5,former,0,0,0,20.1,0,76
40,female,3,5,5,never,900,1,0,19,0,76
54,female,3,4,NA,never,0,0,0,30.3,0,79
51,male,3,4,3.18,former,0,0,0,40.3,0,76
48,male,3,5,5,former,210,1,0,29.9,0,80
74,female,4,3,1.46,never,0,0,0,28.3,0,76
71,male,3,2,0.92,former,840,1,0,28.9,0,75
70,male,3,4,5,former,0,0,0,27.7,0,76
46,male,3,3,0.37,current,0,0,0,28.7,0,72
80,male,4,2,1.13,former,150,1,1,24.3,1,51
80,male,3,2,0.87,former,0,0,1,33.7,0,64
80,female,3,3,1.37,never,0,0,1,26.3,1,37
64,female,3,4,2.43,former,360,1,1,51.6,1,57
51,female,3,4,1.23,former,420,1,0,37.1,1,32
71,male,4,1,0.84,former,0,0,0,31.9,0,76
48,female,3,4,2.9,never,420,1,0,27.5,0,61
73,male,2,5,2.19,never,0,0,1,33.9,1,14
56,male,5,4,5,former,120,0,0,24.7,0,70
62,male,4,4,0.7,current,0,0,1,NA,1,5
44,female,5,4,5,never,0,0,0,22,0,63
49,male,3,5,NA,former,0,0,0,21.6,0,74
46,female,1,4,3.4,never,0,0,0,24.7,0,67
78,male,1,1,0.65,current,30,0,1,26.2,0,83
46,female,3,4,1.47,former,90,0,0,42.2,0,69
72,male,3,5,5,never,90,0,0,29.2,0,76
64,female,1,1,0.49,never,0,0,0,23.7,1,40
57,male,4,4,5,never,20,0,1,34.1,0,64
63,male,1,1,0.77,former,0,0,0,29.1,0,62
45,male,3,4,1.92,never,20,0,0,33.1,0,78
69,male,3,5,NA,former,720,1,1,36.9,0,73
41,male,5,5,5,former,20,0,0,26,0,80
79,female,4,1,0.69,never,60,0,0,26.4,1,43
41,male,3,3,0.63,never,540,1,0,35.3,1,32
62,female,5,3,5,never,0,0,0,20.1,0,69
46,female,5,5,4.84,former,60,0,0,20.2,0,61
80,male,3,3,2.09,former,0,0,1,37.3,0,71
66,female,2,2,0.2,former,0,0,0,27,0,61
56,male,1,2,NA,never,0,0,0,32.4,0,81
43,female,4,5,3.82,never,90,0,0,29.7,0,68
78,male,4,1,0.75,former,0,0,0,39.4,0,81
73,male,5,3,3.84,former,150,1,0,24.3,0,81
75,female,5,1,2.32,never,0,0,1,32.7,0,60
66,female,3,4,2.18,former,0,0,0,38.6,0,63
48,male,3,5,NA,never,540,1,0,24.4,0,76
53,female,3,5,1.46,never,90,0,1,40.5,0,73
47,male,4,4,NA,never,0,0,0,25,0,61
71,male,3,4,1.93,former,0,0,1,23.2,0,82
80,female,1,3,NA,never,0,0,0,31.5,0,80
58,female,3,5,5,never,0,0,0,18.7,0,80
41,male,3,2,0.63,current,1320,1,0,24.6,0,79
42,female,2,4,1.49,never,0,0,0,33.6,1,64
47,male,3,3,3.26,current,420,1,0,33.1,0,67
63,male,5,5,NA,never,360,1,0,21.9,0,66
74,male,4,3,4.51,former,225,1,1,32.1,0,62
64,female,4,4,2.9,current,0,0,1,23.6,0,80
50,male,5,4,1.22,former,120,0,0,27.2,0,66
41,male,3,4,5,never,0,0,0,37.2,0,68
76,female,4,3,3.03,never,0,0,0,33.4,0,85
78,female,3,5,5,never,20,0,0,18.1,0,75
61,female,3,4,0.1,current,0,0,0,23.7,0,72
61,female,3,3,5,never,60,0,0,39.7,0,68
56,female,3,4,5,never,0,0,0,53,0,69
58,male,5,4,1.4,never,200,1,0,23.9,0,82
49,male,3,3,3.22,current,0,0,0,23.4,0,82
74,female,3,4,0.85,never,120,0,0,21.6,0,67
77,male,3,4,5,former,0,0,1,22.9,0,64
40,female,5,5,3.63,never,570,1,0,19.4,0,65
66,female,4,2,0.33,former,0,0,1,22.5,0,72
55,female,3,4,4.19,never,240,1,0,28.4,0,75
65,male,4,2,3,never,2100,1,1,23.3,0,77
70,male,3,3,0.73,never,0,0,1,41.6,0,77
52,female,5,5,NA,never,120,0,0,19.3,1,73
47,female,3,1,NA,never,450,1,0,22.7,0,76
43,female,4,4,0.92,current,0,0,0,49,1,16
64,male,3,4,3.94,never,0,0,1,50.7,0,75
55,male,3,5,5,never,630,1,0,24,0,73
80,male,3,3,1.13,former,105,0,0,20.3,1,78
52,male,3,3,0.96,current,0,0,0,33.5,0,74
48,female,2,4,1.33,never,0,0,0,21,0,61
55,female,5,1,3.33,never,0,0,0,27.3,0,68
46,female,3,4,3.48,never,0,0,0,23.9,0,71
41,male,3,3,0.97,current,1680,1,0,36.8,0,73
60,female,3,4,3.1,never,0,0,0,33.1,0,62
67,male,1,1,1.27,never,400,1,0,26.2,0,66
57,male,2,4,NA,current,0,0,0,27.2,0,78
57,male,4,3,0.86,never,0,0,1,38.7,0,82
63,female,3,5,5,never,150,1,0,26.5,0,76
53,male,2,3,3.11,current,360,1,0,25.8,0,80
73,male,3,3,2.17,never,0,0,1,NA,1,25
43,male,5,5,5,never,360,1,0,21.4,0,67
72,male,3,3,1.55,never,360,1,0,29.2,0,72
56,female,3,3,1.27,never,135,0,0,33,0,78
55,female,2,4,1.54,never,200,1,0,18.6,0,61
76,male,3,5,NA,never,25,0,1,20.9,0,76
41,female,5,4,3.4,never,280,1,0,38.7,0,62
51,female,3,5,5,former,540,1,1,19.9,0,75
62,male,4,4,1.3,current,0,0,0,17.7,0,77
44,male,4,1,1.57,never,0,0,0,51.2,0,70
66,male,4,3,5,former,450,1,0,31.7,0,73
78,male,3,4,2.27,never,0,0,1,26.9,1,18
56,male,4,5,1.64,former,420,1,0,32.8,1,54
70,female,3,5,5,never,300,1,0,19.5,0,76
64,male,5,5,5,never,300,1,0,29.1,0,75
61,female,5,4,4.13,never,0,0,0,27.2,0,64
63,male,3,2,1.35,former,200,1,0,31.3,0,83
54,female,4,3,0.04,current,120,0,0,29.5,0,82
49,female,3,5,4.1,former,0,0,0,23.2,0,75
59,male,3,3,5,never,960,1,0,31.7,0,80
45,male,5,4,2.52,never,105,0,0,25.4,0,75
68,female,3,5,NA,former,1080,1,0,19,0,80
58,male,3,5,5,never,540,1,1,24.4,0,75
64,male,5,5,5,never,110,0,0,19.5,0,82
80,male,3,3,4.35,former,0,0,1,25.8,0,62
51,female,1,4,1.65,never,30,0,0,21.1,0,72
68,male,1,2,1.13,former,0,0,0,31.9,0,82
80,male,3,3,2.15,never,0,0,0,25.8,0,82
44,male,5,3,1.19,current,0,0,0,31.2,0,67
47,female,4,5,4.44,never,0,0,0,48.4,0,66
80,female,5,1,2.56,never,200,1,0,20.1,0,81
48,male,3,5,5,never,390,1,0,25.7,0,74
41,female,5,5,5,never,0,0,0,22.8,0,65
78,male,3,5,1.21,former,360,1,1,22.2,1,48
59,female,3,4,2.05,never,0,0,0,51.3,0,83
80,male,5,3,1.14,former,0,0,0,28.6,1,57
76,female,4,3,1.37,current,210,1,0,27.3,0,80
70,male,3,5,5,never,480,1,0,26.1,0,74
80,female,5,5,NA,never,360,1,0,20.8,0,74
80,male,3,4,NA,never,0,0,1,30,0,63
66,male,3,4,0.97,former,0,0,0,31.7,0,69
49,male,5,5,NA,never,180,1,0,25.6,0,62
57,female,2,2,4.16,never,90,0,0,30.6,0,70
46,female,3,3,0.77,current,0,0,0,23.6,0,76
66,male,1,1,0.7,former,0,0,0,25.8,0,61
66,male,1,3,NA,never,0,0,1,29.5,0,70
80,male,3,3,3.81,never,0,0,0,25.5,1,57
68,male,1,1,0.54,never,0,0,0,32.6,0,82
41,female,3,5,5,former,135,0,0,51,0,82
57,female,2,1,1.25,never,0,0,0,30,0,73
68,female,3,3,5,never,0,0,0,29.4,0,67
72,male,3,1,1.74,current,0,0,1,19.8,0,84
55,male,3,1,2.27,never,0,0,0,45.8,0,69
70,male,3,1,1.02,former,0,0,0,42.3,0,73
53,female,3,3,0.65,current,0,0,0,24,0,83
42,male,5,5,5,never,0,0,0,30.7,0,80
80,male,3,2,1.71,never,0,0,1,27.1,1,9
45,female,3,3,1.28,current,315,1,0,19.1,0,75
57,female,5,3,2.05,never,0,0,0,24.1,0,81
51,female,3,4,2.4,current,0,0,0,20,0,67
70,male,2,2,0.2,former,0,0,0,28.9,0,62
52,female,4,4,2.74,current,0,0,0,32.4,0,76
45,male,5,5,5,former,360,1,0,22.7,0,80
80,female,3,3,1.02,never,0,0,0,36.9,0,68
45,female,3,4,2.51,never,120,0,0,42.3,0,77
45,female,3,3,NA,current,330,1,0,27.1,0,74
67,male,3,3,2.26,former,0,0,0,33.6,0,70
65,female,4,5,1.93,never,180,1,0,36.3,0,62
66,female,3,5,5,never,450,1,1,25.6,0,84
68,male,3,5,5,never,810,1,0,17.7,0,77
72,male,5,3,4.19,current,90,0,0,17.7,0,75
55,male,4,2,NA,current,0,0,0,21.8,0,72
61,female,4,3,1.01,never,300,1,0,30.7,0,61
47,male,4,4,0,never,0,0,0,19.6,0,62
60,female,3,4,1.83,former,120,0,0,38.9,0,63
60,male,4,3,1.05,never,0,0,0,32.4,1,17
80,female,3,3,1.2,former,45,0,1,22.8,1,42
79,female,3,5,1.31,never,180,1,1,27.4,0,84
54,male,1,3,0.77,former,0,0,0,41.7,0,62
60,male,1,3,0,never,0,0,0,32,0,65
54,male,1,1,NA,current,120,0,0,25.5,0,80
44,female,3,4,2.82,current,0,0,1,27.9,0,72
41,female,5,3,3.84,never,690,1,0,21.7,0,81
74,female,1,1,1.6,never,0,0,0,30.4,0,80
60,male,3,3,2.54,never,420,1,0,36.4,0,68
80,male,4,1,0.76,never,0,0,1,36.9,1,50
66,male,1,1,1.1,former,270,1,1,26.6,0,82
72,male,3,3,3.03,current,0,0,1,23.9,0,72
53,female,1,5,5,never,0,0,0,36.4,0,67
61,male,4,2,1.36,former,0,0,0,30.7,0,80
43,female,5,5,5,never,0,0,0,26,0,71
50,male,1,4,3.4,never,80,0,1,28.5,0,80
72,male,3,5,5,former,360,1,0,31.3,0,70
71,female,2,4,1.67,never,20,0,1,31.7,0,69
66,male,1,1,1.02,never,90,0,0,29.3,0,82
80,female,3,3,1.71,current,4500,1,1,18.1,1,19
80,female,4,5,5,never,0,0,1,24.3,0,74
57,female,4,2,2.04,never,0,0,0,27.2,0,70
62,male,4,4,1.22,never,480,1,0,29.8,0,68
76,male,5,5,5,never,135,0,0,24.2,0,73
50,female,4,4,3.48,former,240,1,0,27.2,0,62
49,male,2,4,5,never,0,0,0,30.2,0,62
60,female,4,3,0.33,former,0,0,1,24.2,0,72
66,female,4,3,2.58,former,135,0,0,31,0,72
51,male,1,1,0.96,never,0,0,0,22.9,0,74
79,female,4,2,0.81,never,0,0,0,28.1,0,75
48,male,3,3,4.5,never,120,0,0,32.1,0,77
46,female,2,5,1.65,never,45,0,0,22.2,0,74
76,male,4,4,3.6,former,0,0,0,28.1,1,57
55,female,1,3,2.3,never,0,0,0,39.2,0,67
53,female,4,4,4.93,never,270,1,0,30.1,0,66
41,male,4,4,2.14,never,810,1,0,35.2,0,67
44,female,4,3,0.67,current,0,0,0,26.2,0,78
59,female,1,3,3.87,never,0,0,1,47.2,0,80
71,female,5,5,3.05,never,0,0,0,29.6,0,80
53,female,3,4,4.04,never,480,1,0,25.9,0,74
77,female,5,5,5,never,0,0,0,21.9,0,81
41,male,3,2,0.47,former,0,0,0,42.1,1,52
50,male,1,2,1.63,never,420,1,0,27.1,0,67
78,female,4,4,3.07,never,0,0,0,20,0,81
57,male,1,3,5,never,0,0,0,26.8,0,80
43,male,5,4,5,former,0,0,0,24.6,0,79
51,male,3,5,4.3,never,90,0,0,22.1,0,75
80,female,3,4,1.11,never,0,0,0,25.4,1,34
57,female,4,1,0.57,current,0,0,0,42.9,0,70
59,male,5,4,4.25,former,0,0,0,22.7,0,80
44,male,4,2,5,current,0,0,0,26.4,0,71
49,female,4,4,3,former,0,0,0,33.6,0,70
80,male,3,5,1.74,never,0,0,1,19.6,1,76
64,female,5,3,1.72,never,0,0,0,22.5,0,81
69,male,3,2,2.83,former,240,1,0,28.8,0,70
65,female,4,3,1.72,never,0,0,0,17.2,0,80
71,female,5,4,2.58,never,600,1,1,20.7,0,62
48,female,3,2,0.98,current,100,0,0,30.4,0,82
50,male,4,2,3.33,never,0,0,0,33.5,0,61
64,male,3,4,0.97,former,240,1,0,36.4,0,73
45,male,5,5,5,never,225,1,0,26.6,0,75
74,female,5,3,3.93,never,0,0,0,27.6,0,61
54,male,4,4,4.28,current,0,0,1,30.7,0,66
44,female,5,1,0.02,never,0,0,0,32.3,0,67
79,female,3,3,1.93,current,0,0,1,28.5,0,82
71,male,4,3,NA,never,0,0,NA,26.3,0,73
67,male,2,2,1.72,former,100,0,0,28.8,0,76
73,male,3,2,0.97,never,0,0,0,39.4,0,75
54,male,4,2,0.04,current,675,1,1,22.9,1,44
43,female,2,2,0.84,never,0,0,0,32.3,0,73
47,male,4,3,0.73,current,0,0,0,27.1,0,75
80,female,3,4,5,former,0,0,0,30.4,0,60
57,male,1,1,NA,current,0,0,0,24.5,0,81
47,female,5,1,1.22,never,0,0,0,21.5,0,65
68,female,1,2,0.62,current,60,0,0,32.4,0,77
52,female,3,4,0.99,never,0,0,0,32.9,0,73
44,female,5,5,5,never,0,0,0,25,0,75
64,male,4,4,3.83,former,0,0,0,32.3,0,75
45,female,4,5,4.1,never,0,0,0,22.7,0,64
76,male,1,2,NA,former,0,0,1,32.3,0,83
59,female,3,5,1.28,current,135,0,0,22.7,1,42
64,female,3,4,0.88,current,0,0,0,NA,1,50
65,male,3,4,1.22,current,540,1,0,20.7,0,77
66,male,2,3,5,never,0,0,0,NA,0,75
62,female,5,1,2.36,never,0,0,0,27.5,0,60
57,male,1,5,0.83,former,0,0,0,32.5,0,74
80,female,5,1,NA,never,0,0,1,24.6,1,14
61,female,4,1,0.73,never,0,0,0,34.7,0,79
53,female,3,3,NA,current,120,0,0,24.6,0,83
73,male,3,5,5,former,0,0,0,33.1,0,63
61,female,3,3,5,current,810,1,1,27.9,0,71
60,male,1,1,1.78,never,0,0,0,38.8,0,68
63,female,3,5,NA,never,600,1,0,22.8,0,73
45,male,1,1,0.94,never,0,0,0,29.6,0,67
42,female,1,5,5,never,0,0,0,30.5,0,67
42,female,3,3,0.95,current,0,0,0,34.2,1,8
52,male,3,1,1.16,current,0,0,0,25.4,0,84
51,female,2,4,2.42,former,0,0,0,27.8,0,71
51,male,5,5,0.87,current,1680,1,1,19.5,0,82
52,female,3,5,1.81,current,60,0,0,24.8,0,63
52,female,3,5,0.7,current,150,1,0,31.9,0,81
79,female,5,1,3.22,former,0,0,0,24.3,0,76
80,male,2,3,4.06,former,0,0,1,26.9,0,64
51,male,2,4,0.51,former,0,0,0,32.7,0,78
80,male,3,4,3.43,former,0,0,1,20.9,1,24
66,male,5,4,1.06,never,45,0,0,28,0,62
41,female,4,4,0.03,current,0,0,0,28.8,0,65
55,female,4,5,5,former,0,0,0,23.9,0,74
80,female,3,3,3.86,former,300,1,1,21.3,0,66
63,female,1,1,2.55,never,0,0,0,22.5,0,81
80,male,3,5,5,never,1320,1,0,25.2,1,10
41,male,5,5,1.22,never,0,0,0,22.1,0,75
65,female,1,1,0.86,never,90,0,0,27,0,65
51,male,4,2,1.07,current,360,1,0,22.7,0,59
75,female,3,3,1.4,never,0,0,0,27.1,0,68
71,female,3,5,3.87,never,0,0,0,27.8,0,76
52,female,3,5,NA,never,90,0,0,18.3,0,64
63,female,4,3,0.13,never,0,0,0,24.9,0,75
64,female,1,2,0.51,never,0,0,0,31.7,0,82
80,male,2,5,1.53,never,0,0,0,24.2,0,72
75,female,3,4,2.05,never,0,0,1,27.3,0,72
66,male,3,4,3.37,never,0,0,0,27.2,0,67
80,female,3,3,3,former,0,0,0,38.3,0,67
53,female,1,4,5,never,420,1,0,53.6,0,76
42,female,5,3,2.51,never,0,0,0,23,0,71
63,male,3,4,0.98,never,0,0,0,28,0,78
54,male,4,4,2.67,never,0,0,0,39.7,0,75
63,male,1,1,0.61,former,0,0,0,31.2,0,72
80,female,4,2,0.7,former,0,0,0,27.9,1,67
68,male,4,3,NA,former,1000,1,0,30.6,0,75
65,female,3,4,1.56,never,180,1,0,25.7,0,67
48,female,1,3,2.54,never,120,0,0,34.5,0,81
47,male,5,5,3.05,former,420,1,0,25.5,0,70
52,male,5,5,5,former,450,1,0,22.5,0,72
68,female,4,1,1.57,current,0,0,0,19.7,0,75
54,male,3,3,4.77,former,90,0,0,34,0,74
80,female,3,4,5,former,0,0,0,24.9,1,30
63,male,3,2,2.71,former,0,0,0,35.6,0,84
48,female,4,4,NA,never,0,0,1,31.3,0,80
60,female,1,2,NA,current,0,0,0,41.1,0,82
46,male,1,5,1.27,former,120,0,0,33.7,0,61
48,female,2,1,1.25,never,0,0,0,32.5,0,73
43,female,5,5,1.53,never,60,0,0,20.3,0,65
63,female,4,2,3.46,former,90,0,0,24.4,0,72
61,male,3,5,5,former,60,0,0,34.6,0,74
70,male,2,5,5,former,0,0,NA,30.4,0,81
43,female,4,5,3.33,never,0,0,0,50,0,62
48,female,3,2,0.58,current,240,1,0,23.7,0,84
46,female,3,4,1.09,never,840,1,0,24.1,0,76
59,male,5,3,1.31,current,0,0,0,36.6,0,62
44,male,3,5,5,never,135,0,0,27.1,0,77
50,female,3,4,0.35,current,0,0,0,20.1,0,69
50,male,3,5,5,never,220,1,0,28.2,0,63
71,male,1,3,1.29,former,0,0,0,31.9,1,61
56,female,1,4,2.42,never,360,1,1,37.7,0,68
80,male,3,3,1.21,former,210,1,1,30.4,1,39
75,female,2,4,2.38,never,90,0,0,34.5,0,70
56,female,1,4,0.68,never,45,0,0,24.8,0,81
80,female,3,5,2.61,former,0,0,0,30,0,72
80,female,3,4,3.09,former,120,0,1,23.4,1,51
43,female,2,1,0.54,never,0,0,0,30.1,0,81
41,female,1,3,NA,never,0,0,0,22.2,0,79
47,male,1,1,5,former,0,0,0,36.8,0,80
80,female,3,4,1.74,never,0,0,1,25.8,1,33
66,male,2,5,5,former,30,0,0,25.9,0,71
57,female,4,4,2,never,0,0,1,27.6,1,81
56,female,3,4,3.14,never,0,0,0,36.5,0,81
63,female,3,2,1.59,former,840,1,0,25.1,0,78
61,female,2,3,1.54,never,0,0,0,35.2,0,61
64,female,3,2,5,never,0,0,0,23.7,0,76
62,male,3,5,NA,never,60,0,0,32.6,0,69
76,male,1,1,1.54,never,0,0,0,24.1,0,68
49,female,4,4,1.42,never,240,1,1,38.9,0,80
57,male,4,5,3.24,never,60,0,1,28.3,0,75
62,male,1,4,3.07,never,1500,1,0,22.3,0,68
80,female,3,3,0.43,former,210,1,1,25.9,1,22
68,male,4,1,0.21,former,0,0,1,31.2,0,74
43,female,5,5,2.1,never,420,1,0,32.8,1,60
68,male,2,2,0.58,never,300,1,0,29.4,0,80
48,male,3,2,1.2,current,0,0,0,31.3,0,67
44,female,3,5,5,never,120,0,0,21.6,0,77
65,female,1,2,0.83,former,0,0,1,21.9,0,76
79,male,4,2,2.29,former,0,0,1,26,0,83
42,female,2,4,0.82,current,0,0,0,23.4,0,70
75,female,4,5,NA,never,0,0,1,28.6,0,64
63,female,3,5,5,former,720,1,0,25.1,0,74
80,male,4,1,NA,never,0,0,0,32.9,1,67
54,female,4,4,5,current,300,1,0,36.1,0,72
67,female,3,5,NA,never,0,0,0,32.9,0,63
70,female,5,5,1.61,never,540,1,0,23,0,80
46,male,3,4,3.79,former,0,0,0,34.6,0,78
50,male,2,4,1.23,current,0,0,0,27.5,0,61
54,male,4,3,0.97,former,0,0,0,32.8,0,72
68,female,5,3,1.36,never,120,0,0,NA,1,36
53,female,1,3,NA,never,30,0,0,26.3,0,65
66,female,5,3,0.71,never,225,1,1,23.9,0,81
49,female,2,2,0.98,current,240,1,0,22.4,0,82
55,female,5,5,5,never,210,1,0,19.9,0,83
58,male,1,3,1.58,never,90,0,0,37.8,0,81
69,male,4,2,1.26,former,570,1,0,24.7,0,61
59,female,5,3,4.04,never,40,0,0,21.1,0,81
80,female,3,5,3,former,0,0,1,NA,1,19
63,male,4,3,4.07,former,0,0,1,28.4,1,5
69,male,4,4,0.69,current,420,1,1,31.7,0,61
73,female,5,1,1.25,never,0,0,0,20.9,0,76
44,male,1,2,0.89,never,360,1,0,27.1,0,69
71,female,4,1,1.37,never,0,0,0,35.1,0,80
71,male,4,3,1.29,former,0,0,0,22.7,1,67
68,male,1,3,1.29,former,200,1,0,29.6,0,81
59,male,3,5,5,never,300,1,0,26.4,0,84
60,male,2,2,1.02,never,0,0,0,27.9,0,70
71,male,5,4,3.87,former,0,0,0,36.1,0,68
49,male,5,2,3.37,never,0,0,0,31.3,0,61
55,female,5,4,NA,never,0,0,0,26.8,0,71
61,male,4,5,3.58,former,60,0,0,26.5,0,80
43,female,4,4,1.47,never,360,1,0,28,0,70
59,female,3,3,1.35,former,60,0,0,30.1,0,84
68,male,4,2,2.78,current,0,0,0,23.6,0,78
53,male,3,3,1.02,former,0,0,0,27.6,0,82
65,female,3,1,0.65,never,30,0,0,44,0,61
63,female,3,5,4.79,former,480,1,0,27.1,0,63
41,female,4,5,1.16,never,240,1,0,24.6,0,75
56,female,3,4,0.77,current,0,0,0,32.9,0,61
43,male,3,4,0.87,former,0,0,0,37.3,0,74
50,male,3,4,1.21,never,30,0,0,21.9,0,73
59,male,3,5,4.84,former,20,0,1,26.6,0,77
77,male,4,3,3.87,never,60,0,1,36,0,76
58,male,3,4,5,never,0,0,0,29,0,70
63,male,4,3,2.06,never,60,0,0,33.9,0,69
42,female,3,5,2.06,never,200,1,0,29.4,0,73
80,female,3,2,1.04,former,0,0,0,28,1,54
60,male,5,2,5,former,0,0,0,24.5,0,72
68,male,3,4,2.58,never,0,0,0,NA,0,65
72,male,3,5,5,former,0,0,0,30.5,0,60
62,male,4,3,2.94,current,0,0,1,23.1,1,48
80,male,3,5,5,never,360,1,1,24.9,0,62
60,female,1,1,NA,never,0,0,0,34.7,0,68
40,male,2,3,4.19,current,0,0,1,29.4,0,78
80,male,3,4,1.67,former,300,1,1,28.4,0,74
50,female,4,3,1.91,never,0,0,0,34.3,0,76
58,female,1,1,0.65,never,240,1,0,24.6,0,61
49,male,3,3,2.65,current,0,0,0,28.5,0,69
80,female,3,2,2.9,never,0,0,0,26,1,69
47,male,3,4,0.7,current,0,0,0,29.1,0,62
45,male,3,5,5,current,0,0,1,29.7,0,62
51,male,3,2,0.95,current,0,0,0,27.5,0,69
40,male,1,3,2.25,never,0,0,0,48,0,66
80,male,3,5,5,former,0,0,0,24.2,1,30
80,female,3,5,3.92,former,0,0,1,14.2,1,55
79,female,2,4,3.43,former,0,0,0,28,0,78
56,male,4,2,0.77,current,0,0,0,21.7,0,58
67,female,2,1,2.19,never,0,0,1,23.9,1,48
41,male,3,2,5,former,0,0,0,48.1,0,66
50,female,2,4,5,current,120,0,0,32.7,0,70
69,male,1,5,5,never,180,1,0,29.5,0,60
80,male,3,4,2.39,former,80,0,0,NA,1,35
72,female,3,3,1.13,never,360,1,1,27.9,0,83
41,male,3,4,2.26,never,120,0,0,22.4,0,84
40,male,3,5,4.19,never,1080,1,0,32.8,0,71
51,female,1,2,1.94,never,90,0,0,25.9,0,72
42,female,3,5,5,current,195,1,0,18.3,0,61
80,male,3,5,5,never,180,1,1,28.8,0,58
70,female,3,4,2.27,never,0,0,1,31.4,1,54
49,female,3,5,3.9,current,0,0,1,28.6,0,76
68,male,4,3,1.08,current,0,0,0,19.1,0,80
45,female,4,4,1.29,never,0,0,0,25.6,0,62
80,female,3,4,3.57,never,30,0,0,27.9,1,72
64,male,3,3,2.09,never,0,0,1,49.4,0,84
61,male,3,2,2.04,never,0,0,0,30,0,69
58,male,3,1,0.94,current,0,0,0,26.3,0,78
80,female,1,1,0.7,never,0,0,0,21.3,0,60
60,female,4,3,NA,current,70,0,0,27.4,0,84
52,male,3,5,5,never,1320,1,0,25.6,0,76
61,male,1,2,3.53,never,60,0,0,33.1,0,82
80,male,3,3,3.09,former,420,1,1,24.9,0,80
40,male,1,1,3.81,never,240,1,0,26.8,0,69
42,female,4,5,3.66,never,180,1,0,34,0,75
62,male,3,5,4.39,former,180,1,1,27.8,0,42
53,male,3,3,1.32,current,0,0,0,30.8,0,41
78,male,3,3,1.51,former,0,0,1,28.8,0,48
56,female,3,5,5,never,0,0,0,42.4,0,48
42,female,4,4,1.23,never,0,0,0,20.3,0,56
72,female,1,2,2.82,never,0,0,0,28.6,0,47
56,male,4,3,1.19,never,0,0,0,33.6,0,55
46,male,3,5,0.75,current,840,1,0,27.6,0,56
45,male,5,2,1.36,former,120,0,0,24.1,0,44
67,female,2,5,0.89,never,175,1,0,43.7,0,49
67,male,4,5,2.04,never,180,1,0,28.8,0,58
57,female,2,1,0.77,never,30,0,1,35.4,0,38
54,female,5,4,2.99,never,0,0,0,26.3,0,56
49,male,5,2,2.97,never,0,0,0,25,0,42
80,female,3,3,3.57,never,0,0,0,30.2,0,49
69,female,2,1,0.55,former,630,1,1,30.3,0,53
58,female,1,5,3.72,never,0,0,0,22.8,0,48
56,male,5,2,1.35,never,0,0,0,25,0,47
60,female,2,5,5,former,180,1,0,35.9,0,48
51,male,4,4,NA,never,360,1,1,30.8,0,51
68,female,1,1,1.49,never,0,0,0,33.5,0,49
69,female,3,4,1.79,former,0,0,0,31,0,38
66,male,3,5,5,never,280,1,1,34,0,43
56,male,3,1,1,current,0,0,0,24.4,0,54
80,female,3,2,NA,never,0,0,0,28,0,36
80,female,3,5,NA,former,0,0,1,23.7,1,33
68,female,1,3,5,never,0,0,0,29.1,0,45
42,male,3,5,4.22,never,50,0,1,25.5,0,43
80,female,2,1,0.84,never,0,0,0,28.5,0,52
70,male,3,5,4.18,former,720,1,0,27,0,46
80,male,3,1,1.03,former,0,0,1,29.1,1,8
61,male,4,3,4.39,former,90,0,0,29.5,0,49
50,male,5,5,5,never,420,1,0,22.6,0,56
50,female,1,1,1.41,never,0,0,0,42.6,0,55
69,male,4,3,0.97,former,60,0,1,28.2,0,52
45,female,1,2,2.18,never,0,0,0,35.2,0,43
80,male,3,4,2.82,former,0,0,1,24.2,1,2
44,female,4,1,1.5,current,0,0,0,45.3,0,59
71,male,2,4,1.34,current,20,0,1,27.6,1,6
49,female,3,3,5,never,225,1,0,27.4,0,37
46,female,1,5,2.39,never,0,0,0,41.6,0,57
41,male,4,4,5,current,0,0,0,40.7,0,49
40,male,4,4,4.36,current,360,1,0,30.7,0,42
67,female,3,5,1.35,current,0,0,1,23.9,0,47
48,male,1,3,2.24,former,180,1,0,28.6,0,42
63,male,1,3,NA,never,0,0,NA,23.3,0,43
54,male,1,2,1.14,former,780,1,0,30.2,0,42
42,female,4,5,1.82,never,180,1,0,34.4,0,39
71,female,3,3,0.81,former,0,0,1,26.4,0,45
79,female,3,1,0.43,never,0,0,0,24,0,57
80,female,1,2,0.68,never,120,0,0,20.1,0,49
61,male,1,3,0.62,current,0,0,1,22.3,0,60
74,male,3,5,2,former,540,1,0,27.2,0,36
51,female,4,2,NA,never,0,0,0,23.1,0,58
54,female,3,4,5,never,0,0,0,38.8,0,38
60,male,4,3,1.23,current,0,0,0,19.7,1,26
80,female,3,3,0.77,never,0,0,0,23.5,1,26
55,male,3,4,2.68,former,90,0,0,25,0,45
52,female,3,5,0.85,current,0,0,1,26.5,0,40
49,male,3,4,5,never,135,0,0,25.5,0,42
47,female,4,4,2.08,former,0,0,0,42.5,0,46
51,male,4,3,1.43,never,0,0,0,24.7,0,38
49,female,3,4,NA,current,0,0,0,37.8,0,52
43,female,4,4,3.3,never,0,0,0,30.7,0,38
43,male,5,1,1.44,never,620,1,0,24.6,0,38
71,male,1,4,1.69,former,0,0,1,29.9,0,45
68,female,1,1,0.35,never,0,0,0,35.2,0,53
48,female,3,1,2.5,former,0,0,0,35.6,1,6
74,female,2,3,3.82,never,0,0,0,24.4,0,48
66,male,3,4,3.43,current,0,0,1,26.8,0,54
62,female,1,3,NA,never,0,0,0,23.4,0,39
80,female,3,4,3.14,never,200,1,1,26.9,0,56
44,female,5,5,1.86,never,40,0,0,23.4,0,48
75,female,5,1,1.76,former,0,0,0,24.3,0,37
45,male,5,5,3.55,current,300,1,0,27.5,0,57
71,male,2,3,NA,former,420,1,0,24.8,0,43
75,male,4,4,0.74,former,0,0,0,30.8,0,56
43,male,3,5,5,former,480,1,0,35.3,0,50
78,female,3,3,2.38,never,0,0,1,30.8,1,19
55,male,3,2,0.61,current,45,0,0,23.9,0,39
46,female,1,5,5,never,0,0,0,28.7,0,49
53,male,3,3,5,current,510,1,0,25.9,0,35
47,male,4,4,4.48,never,0,0,0,30.1,0,44
47,female,4,3,0.25,current,0,0,0,22.7,0,51
44,female,3,4,3.7,never,180,1,0,30.6,0,58
44,female,4,4,1.51,never,0,0,0,52.1,0,39
72,female,5,2,4.06,never,10,0,0,30,0,46
49,male,1,4,1.24,former,0,0,0,40.2,0,56
40,male,5,5,5,former,750,1,0,21.3,0,46
63,male,3,5,5,former,360,1,0,29.4,0,39
65,female,2,3,4.11,never,0,0,0,32.2,0,58
80,male,3,4,2.02,former,0,0,0,26,0,45
80,female,3,3,2.5,never,0,0,0,20.8,0,58
55,male,3,5,5,never,2520,1,0,18.5,0,47
68,male,1,1,0.35,current,0,0,1,30.5,0,54
79,female,1,1,0.65,never,0,0,0,29.1,0,48
68,male,5,5,5,former,90,0,0,22.6,0,47
41,female,4,3,2.1,never,0,0,0,49.8,0,44
60,female,3,5,5,never,0,0,0,31.2,0,46
43,male,4,4,5,never,135,0,0,43.2,0,53
60,female,4,5,NA,former,180,1,1,33.1,0,52
71,male,5,1,0.75,former,0,0,0,25,0,58
54,female,2,4,4.89,current,0,0,0,27.5,0,57
48,male,3,4,5,current,360,1,1,32,0,40
45,female,4,2,0.87,current,0,0,0,33.3,0,43
62,female,5,3,2.26,never,0,0,0,25.4,0,57
68,female,3,3,3.26,never,0,0,1,21.4,0,37
53,male,5,5,5,never,0,0,0,25.1,0,49
73,male,1,1,NA,never,0,0,0,27.5,1,29
41,female,1,5,5,never,600,1,0,24.1,0,45
54,male,4,3,3.55,never,0,0,0,28.5,0,38
60,female,1,4,2.88,never,0,0,0,58.7,0,55
44,male,5,4,0.35,never,0,0,0,44.7,0,45
61,female,3,5,5,never,840,1,0,23.2,0,58
46,male,1,1,NA,never,0,0,0,25.1,0,52
51,male,1,4,NA,current,0,0,0,26.8,0,48
41,female,5,4,3.11,former,600,1,0,33.6,0,41
66,male,3,5,5,never,840,1,0,24.8,0,47
71,female,3,4,5,never,150,1,0,23.4,0,49
75,male,3,2,1.97,former,0,0,0,19.3,0,50
45,female,3,5,5,never,60,0,0,33.2,0,49
72,female,5,5,5,never,200,1,0,22.1,0,57
79,female,3,5,NA,never,0,0,1,28.6,0,58
55,female,1,5,2.74,current,0,0,0,32.5,0,48
64,female,5,5,3.77,never,0,0,0,20.8,0,50
50,female,3,4,3.64,former,0,0,0,27.2,0,60
45,female,1,4,0.31,never,120,0,0,33.9,0,55
48,female,3,4,2.12,never,120,0,1,25.9,0,60
59,male,4,4,5,former,0,0,0,27.1,0,55
61,female,4,3,NA,current,0,0,1,29.6,0,57
40,male,3,4,4.08,current,840,1,0,29.4,0,57
62,male,3,3,1.41,former,240,1,0,NA,0,51
46,female,2,3,4.78,never,450,1,0,30.8,0,46
45,male,3,3,5,never,2400,1,0,27.9,0,51
45,female,3,4,4.6,current,0,0,1,23.1,0,38
53,male,3,4,2.95,current,720,1,1,23.3,0,51
60,female,4,4,5,former,0,0,0,22.9,0,56
58,female,5,4,1.24,never,0,0,0,23.2,0,58
73,female,3,5,5,never,330,1,1,22.6,0,54
61,female,4,5,5,never,800,1,0,27.3,0,52
74,male,1,2,1.79,former,0,0,1,32,1,32
80,male,3,5,3.75,former,780,1,1,34.6,0,46
57,male,5,5,5,current,330,1,0,24.6,0,55
60,female,1,1,NA,never,0,0,0,23.8,0,50
63,male,3,5,1.07,former,0,0,1,NA,0,52
66,male,3,5,5,former,480,1,1,27.3,1,50
58,male,2,4,NA,current,0,0,0,36.1,0,40
46,male,5,1,1.19,never,0,0,0,23.5,0,39
59,male,3,2,2.12,current,0,0,1,23.2,0,49
80,male,5,3,NA,former,0,0,0,25.5,0,43
72,female,2,4,NA,never,40,0,0,23.6,0,58
52,male,5,2,NA,never,0,0,0,27.2,0,56
67,male,2,4,1.2,former,180,1,0,26.7,0,40
54,male,2,2,2.12,former,0,0,0,39.4,0,55
72,female,3,4,3.87,former,0,0,0,30.4,0,50
46,female,1,4,0.59,former,360,1,0,29.4,0,48
80,male,5,1,0.81,current,0,0,0,20.3,0,46
78,female,2,4,1.19,current,0,0,0,19.4,0,48
78,male,1,1,0.56,never,300,1,0,NA,0,56
53,female,3,5,5,never,440,1,0,25.3,0,45
46,female,2,1,0.9,never,420,1,0,39.4,0,47
45,male,3,4,NA,never,75,0,1,38,0,41
57,male,1,1,1.96,former,0,0,0,31.1,0,44
67,female,3,5,4.99,former,0,0,0,26.1,1,9
46,male,5,4,3.16,never,240,1,0,26.9,0,50
61,male,5,1,1.09,current,0,0,0,16.4,0,47
43,male,5,4,2.23,never,0,0,0,42.4,0,50
46,male,1,4,2.61,current,300,1,0,26.8,0,48
52,male,1,3,2.99,former,60,0,0,49,0,61
54,female,2,4,2.81,never,540,1,0,22.2,0,51
77,male,1,1,0.88,current,0,0,0,25.2,0,58
80,male,3,2,2.39,former,0,0,1,29.4,0,45
80,female,2,1,1.23,never,0,0,0,27.2,1,42
58,male,5,4,NA,never,1800,1,1,24.7,0,59
61,female,2,1,0.39,never,0,0,0,23.7,0,44
62,female,4,1,3.47,former,0,0,0,27.2,0,59
58,female,3,3,4.99,current,180,1,0,31.7,0,50
45,male,4,4,1.85,never,0,0,0,31.6,0,54
59,male,3,5,5,never,0,0,1,35.4,0,46
78,male,3,1,0.98,current,0,0,0,23.7,0,55
51,male,4,3,1.38,current,0,0,0,26.2,0,51
67,female,1,1,0.82,never,0,0,0,32.4,0,48
67,female,2,5,0.04,never,0,0,0,37.7,0,45
59,female,4,4,2.88,former,0,0,1,37.5,0,51
56,male,3,4,5,current,40,0,1,23.6,0,56
44,male,2,3,3.12,never,0,0,1,43,0,36
56,female,2,3,NA,former,0,0,1,31.1,0,37
60,male,3,4,1.14,former,0,0,1,24,1,20
64,male,4,3,1.19,current,80,0,0,25,0,39
43,female,4,1,0.75,never,0,0,0,32.5,0,55
75,female,5,3,2.69,never,1440,1,0,19.6,0,46
61,male,4,2,1.93,never,0,0,1,28.4,0,40
40,female,4,2,NA,never,0,0,0,28.2,0,44
47,female,4,4,1.44,never,240,1,1,35.9,0,56
75,male,5,3,0.78,former,0,0,1,24.7,0,50
74,male,3,5,5,never,600,1,0,26.9,0,49
50,male,3,1,NA,current,0,0,0,47.1,0,42
42,female,5,5,3.87,never,280,1,0,22,0,48
43,female,3,3,2.51,never,0,0,0,28.9,0,37
57,female,4,5,3.48,never,120,0,0,23.5,0,38
63,male,3,2,2.14,former,0,0,1,19.9,1,9
60,male,5,1,1.26,former,0,0,0,24.6,0,56
61,male,4,5,1.65,former,0,0,0,22.3,0,47
76,male,1,1,0.49,current,30,0,0,27.7,0,54
67,male,3,5,1.84,former,0,0,1,36.9,0,45
63,male,5,2,1.49,former,0,0,0,22.1,0,53
56,female,4,3,1.15,former,0,0,0,38.5,0,39
77,male,3,3,2.51,former,0,0,1,34.7,0,55
70,female,5,5,2.16,former,720,1,1,27.2,1,9
44,female,5,4,0.54,current,0,0,0,32.6,0,43
54,female,5,3,NA,never,0,0,0,27,0,37
41,male,3,3,5,current,240,1,0,22.6,0,42
58,female,5,5,1.18,former,0,0,0,29.5,0,52
51,male,3,4,4.68,former,0,0,0,35,0,39
72,male,5,1,1.81,former,0,0,1,29.1,0,38
74,male,3,3,3.43,current,0,0,0,25.5,0,55
41,female,3,5,5,never,720,1,1,20.6,0,50
66,male,4,2,NA,former,630,1,0,26.8,0,60
60,male,2,4,5,former,315,1,1,33.4,0,46
45,female,3,5,3.27,never,300,1,0,35.6,0,54
57,female,3,5,NA,former,90,0,0,31.9,0,36
62,female,1,4,2.24,never,0,0,0,28.7,0,55
40,male,4,2,NA,current,0,0,0,28.8,0,59
59,male,3,2,0.94,current,0,0,0,27.3,0,51
63,male,4,2,2.47,never,0,0,1,27.8,0,45
62,female,4,2,0.6,former,0,0,0,33.7,0,51
80,female,3,5,2.1,never,210,1,0,24.1,0,51
50,female,5,4,4.68,former,0,0,0,32.9,0,51
54,male,5,4,1.23,current,90,0,0,28.7,0,44
80,male,3,4,1.26,never,1260,1,0,21.8,1,18
72,female,3,4,NA,never,0,0,1,33.7,0,46
55,male,4,4,5,former,225,1,1,32.9,0,36
48,female,1,2,NA,never,0,0,0,28.8,0,54
42,male,4,5,2.08,never,0,0,0,29.1,0,46
70,female,3,2,1.58,never,0,0,0,26.8,0,41
74,female,4,2,1.79,never,0,0,0,33.7,0,51
60,male,1,1,0.41,never,120,0,0,26.7,0,42
55,male,1,4,2.55,never,150,1,0,33,0,55
70,male,4,3,NA,former,960,1,0,24.4,0,47
45,female,4,3,1.1,never,0,0,0,48.8,0,46
80,male,4,2,1.87,never,100,0,0,18,0,45
65,male,2,2,2.51,former,0,0,0,24.6,0,45
66,female,3,4,5,former,0,0,0,42.5,0,39
53,female,5,3,NA,never,0,0,0,24.9,0,57
45,female,2,2,1.23,never,120,0,0,32.4,0,38
60,female,1,1,0.7,never,0,0,0,37.3,0,48
61,male,3,5,5,never,660,1,0,25.6,0,58
47,female,3,3,1.03,current,0,0,0,19.1,0,38
41,male,5,5,5,never,0,0,0,25.2,0,55
75,male,1,1,1.13,never,840,1,0,27.5,1,10
59,male,3,4,0.49,current,0,0,1,26.9,1,45
69,male,3,5,2.12,never,0,0,1,33.5,0,42
51,female,5,4,0.76,current,60,0,1,27.1,0,52
51,male,5,5,4.12,never,0,0,0,28.8,0,43
64,male,4,3,3.47,former,90,0,0,22.7,0,59
45,female,4,2,NA,current,0,0,0,45.3,0,55
46,male,1,2,2.64,former,90,0,0,25.2,0,42
80,female,3,4,2.53,never,0,0,1,27.6,0,40
48,female,4,4,NA,never,720,1,0,30.4,0,46
64,male,5,4,1.82,current,0,0,0,33.8,0,56
77,male,3,5,5,former,540,1,1,29.6,0,38
51,male,1,1,4.42,never,0,0,0,22.7,0,40
56,female,3,3,1.46,current,360,1,1,37,0,48
60,female,4,5,0.77,current,0,0,0,33.6,0,53
66,female,2,1,0.96,former,0,0,0,26.7,0,45
42,female,5,3,1.76,never,0,0,0,20.2,0,37
59,male,5,5,5,former,120,0,1,28.8,0,58
69,male,4,5,3.54,never,0,0,1,29.4,0,45
62,female,4,4,3.97,never,120,0,0,28.4,0,53
74,female,2,3,5,never,0,0,0,25,0,44
55,female,5,1,3.06,never,0,0,0,24.3,0,45
79,female,5,4,1.87,former,20,0,0,27.5,1,23
72,male,1,2,0.98,former,0,0,0,29.6,0,49
58,female,4,4,5,former,490,1,1,26.4,0,54
54,male,3,3,1.7,never,2160,1,0,25.4,0,50
44,female,4,3,0.68,never,90,0,0,56.7,0,50
53,female,3,3,1.57,former,200,1,0,29.5,0,40
51,male,1,1,0,never,60,0,0,32.7,0,43
57,female,3,3,5,never,45,0,0,30.5,0,49
56,male,5,5,1.41,never,0,0,0,19.9,0,56
54,female,3,5,5,never,120,0,1,22.2,0,36
56,male,5,5,2.76,never,120,0,0,24.7,0,45
55,male,5,4,5,current,0,0,0,34.1,0,49
78,female,3,5,5,never,360,1,1,23.1,0,50
65,female,2,4,5,former,4800,1,0,26.5,0,58
41,male,1,1,0.61,never,0,0,0,34.1,0,41
80,female,3,4,4.77,former,0,0,0,26.6,1,40
60,female,1,2,4.21,current,0,0,0,32.4,1,42
80,male,3,2,1.44,former,825,1,1,23.7,0,43
62,female,1,1,1.47,never,0,0,0,24.8,0,59
56,male,1,1,2.7,never,0,0,0,33.1,0,48
47,male,3,4,3.57,never,0,0,0,30,0,46
61,female,1,4,1.54,never,0,0,0,29,0,48
54,female,4,4,2.78,never,60,0,0,49.2,0,49
73,male,1,1,1.13,former,240,1,0,26.3,0,59
56,female,1,3,1.7,current,270,1,0,35.3,0,49
68,male,1,1,NA,former,0,0,0,32.1,0,49
55,female,3,5,5,never,380,1,0,29.3,0,48
60,female,2,3,0,never,120,0,0,46.3,0,35
74,male,2,1,0.07,never,0,0,0,32.5,0,57
65,male,3,4,0.53,current,150,1,1,34.1,0,40
72,male,3,5,5,former,720,1,1,27.9,0,56
55,female,1,5,5,never,540,1,0,42.1,0,60
61,male,4,5,NA,current,360,1,1,38.8,0,39
46,female,4,1,NA,never,0,0,0,34.7,0,55
66,male,4,4,NA,former,2100,1,0,37.6,0,38
56,female,4,2,0.6,never,520,1,0,36.7,0,46
62,female,2,4,NA,never,0,0,0,39.7,0,55
58,male,5,1,1.34,never,0,0,0,21.5,0,58
40,male,3,4,3.11,former,360,1,0,24.1,0,42
67,female,3,3,5,former,0,0,0,32,0,42
80,male,3,5,5,former,750,1,1,24,1,11
63,female,5,1,1.09,never,0,0,0,27.8,0,47
63,female,3,4,3.75,never,0,0,0,31.1,0,36
63,male,3,3,0.76,former,0,0,1,34,0,49
40,female,1,1,NA,never,0,0,0,28.9,0,51
70,male,2,5,5,former,120,0,1,44.4,0,45
62,male,3,3,5,never,540,1,0,26.7,0,36
54,male,3,4,5,former,300,1,0,30,0,37
59,female,1,3,0.64,never,60,0,0,41.3,0,49
48,male,5,3,NA,current,0,0,0,31.2,0,48
80,male,3,4,1.76,former,0,0,0,32.1,1,52
54,male,4,2,2.61,current,0,0,1,27.3,0,46
42,female,3,5,3.14,never,390,1,0,30.3,0,49
41,female,5,2,1.67,never,180,1,0,26.8,0,58
80,male,4,1,2.18,former,0,0,0,29.9,0,51
53,male,4,4,0.9,former,540,1,0,26.1,0,47
40,female,5,5,4.63,never,0,0,0,20.2,0,59
43,male,2,4,5,never,210,1,0,37.2,0,44
80,male,1,1,0.63,former,0,0,1,29.1,1,38
80,female,3,4,1.88,former,0,0,1,26.2,0,49
57,male,4,3,1.19,never,0,0,0,35.9,0,50
71,female,4,5,5,former,180,1,1,28.5,0,53
80,female,3,3,5,never,90,0,1,22.9,0,37
54,female,3,3,1.02,current,0,0,0,27.5,0,40
80,female,3,3,2.76,never,120,0,0,19.9,0,37
50,female,3,5,1.01,never,2940,1,0,22,0,47
80,male,3,5,5,former,0,0,1,40.3,1,23
59,male,4,5,5,current,0,0,1,28,0,43
47,female,4,5,0.52,never,0,0,0,48.2,0,51
40,male,4,5,4.23,never,135,0,0,29,0,56
41,male,2,3,1.27,current,0,0,0,27.6,0,44
63,female,4,4,0.16,never,0,0,0,48.1,0,37
73,female,3,4,5,former,420,1,0,21.5,0,54
56,female,4,2,1.76,current,135,0,0,22.7,0,51
70,male,3,2,0.58,current,0,0,1,NA,1,13
43,female,4,5,2.79,former,0,0,0,30.7,0,52
68,female,4,2,NA,former,20,0,0,38.4,0,46
60,male,1,4,3.75,former,480,1,0,32.8,0,45
73,female,2,2,NA,never,0,0,0,38.8,0,53
80,female,2,1,1.26,former,0,0,1,25.1,0,52
58,male,3,5,5,never,0,0,0,28.4,0,55
80,male,1,1,0.93,never,0,0,0,38.8,0,48
61,male,2,3,3.07,former,300,1,0,25.1,0,45
48,female,4,3,0.95,never,0,0,0,34.8,0,46
47,male,2,4,3.48,former,720,1,0,22.5,0,45
75,male,5,3,1.25,former,0,0,0,34.3,0,43
55,female,3,4,2.23,current,0,0,0,33.8,0,50
51,female,4,4,5,former,180,1,0,39,0,39
71,female,2,3,1.83,never,0,0,1,30.9,0,56
41,male,5,5,5,current,0,0,0,28.6,0,40
60,male,3,3,1.27,current,0,0,0,23.5,0,43
44,female,3,2,1.07,former,0,0,0,42.1,0,37
50,male,4,2,0,current,0,0,0,22.9,0,50
57,female,1,2,0.75,never,0,0,0,22.6,0,50
80,male,3,2,0.03,former,0,0,0,30.9,0,56
80,male,3,2,1.79,never,0,0,NA,25.2,1,52
59,male,3,4,1.87,current,0,0,0,24.2,0,59
54,female,4,4,0.94,current,0,0,0,37.2,0,50
45,male,3,3,3.7,never,480,1,0,26,0,58
63,female,4,4,1.09,never,0,0,0,34.7,0,44
80,female,3,5,1.43,never,0,0,0,25.8,0,48
42,female,1,1,2.11,never,360,1,0,23.4,0,44
66,female,3,4,1.43,former,0,0,0,24.5,0,45
54,male,3,4,1.87,never,0,0,0,32.3,0,49
62,male,3,3,2.36,current,0,0,0,31.9,0,48
70,male,3,2,0.62,former,0,0,1,28,0,50
65,female,5,5,5,never,0,0,1,22.3,0,38
56,male,3,4,5,never,0,0,0,38,0,58
56,female,1,1,1.88,never,80,0,0,25,0,48
41,male,5,5,5,former,450,1,0,27.2,0,59
44,female,2,2,0.75,current,0,0,0,43.3,0,44
40,female,4,4,5,never,60,0,0,36.7,0,54
52,male,4,4,0.66,former,600,1,0,29.3,0,46
48,female,4,3,NA,current,0,0,0,34.6,0,54
47,male,4,4,1.48,current,0,0,0,23.4,0,57
43,male,4,2,2.46,never,1200,1,0,37.7,0,51
47,female,2,1,0.75,never,360,1,0,29.6,0,51
42,male,1,3,2.15,never,240,1,0,23.9,0,46
66,male,3,4,2.55,current,0,0,0,28.2,0,49
50,female,3,4,3.3,former,0,0,0,28.9,0,55
78,female,4,3,1.34,current,0,0,0,29.4,0,51
71,male,3,2,1.19,current,0,0,1,31.7,0,41
41,male,1,1,0.8,current,0,0,0,22.9,0,56
51,female,3,5,5,former,0,0,0,39.2,0,56
76,female,3,4,2.95,former,340,1,0,25.3,0,43
44,male,3,4,1.58,current,0,0,1,21.7,0,60
71,male,4,3,4,never,0,0,0,23.2,0,55
53,female,4,2,0.85,current,120,0,0,33,0,43
45,male,5,5,5,former,225,1,0,22.2,0,36
75,male,1,5,5,current,900,1,0,26.5,0,59
44,male,4,4,5,never,570,1,0,34.3,1,19
41,female,4,4,1.41,never,180,1,0,56.4,0,51
45,female,5,3,0.95,never,0,0,0,20.9,0,57
61,female,2,5,0.6,never,0,0,0,33.9,0,38
54,male,1,1,1.18,current,0,0,0,30.1,0,45
58,male,3,5,2.97,never,450,1,0,23,0,43
45,female,1,2,1.65,never,120,0,0,29.8,0,39
50,male,1,3,1.02,former,0,0,0,31,0,43
53,female,1,1,1.51,never,200,1,0,27.8,0,37
51,female,2,3,NA,never,280,1,0,23.3,0,46
42,female,4,5,1.94,never,180,1,1,37.2,0,50
56,female,3,4,3.64,current,100,0,0,26.6,0,40
62,female,2,3,0.88,current,0,0,1,32.5,0,60
40,male,4,3,NA,former,0,0,0,21.3,0,56
54,female,3,5,3.98,never,0,0,0,48.6,0,55
46,male,2,1,1.48,never,0,0,0,29.3,0,38
44,female,4,5,2.46,never,540,1,0,33.4,0,40
61,female,4,4,NA,never,0,0,0,36.7,0,57
42,female,1,1,NA,current,0,0,NA,32.8,0,48
52,female,5,2,1.23,never,0,0,0,23.6,0,43
46,female,4,4,NA,current,0,0,0,29.4,0,50
73,female,3,5,5,never,90,0,0,24.9,0,41
80,female,5,3,1.22,former,0,0,0,33.4,0,56
45,male,3,5,5,never,870,1,0,20.4,0,44
61,female,2,3,1.26,current,0,0,1,31.4,0,47
67,female,2,3,0.83,former,0,0,0,32.2,1,37
48,female,5,5,2.55,never,120,0,1,33.1,0,40
53,male,3,4,1.56,current,60,0,0,26,0,41
51,female,2,4,2.52,former,0,0,0,25.9,0,58
57,male,1,5,1.29,former,0,0,0,29.8,0,39
47,female,1,2,2.24,never,0,0,0,37.3,0,42
52,female,3,2,0.87,current,0,0,0,56.2,0,37
45,female,1,4,3.45,never,0,0,1,35.4,0,48
61,male,1,1,1.11,never,0,0,0,21.6,0,49
54,male,4,1,0.95,never,0,0,0,21.2,0,45
66,female,4,4,1.67,never,0,0,1,36.7,0,49
40,male,3,3,1.15,current,0,0,0,37.7,0,49
43,female,3,5,2.47,never,0,0,0,43,0,38
67,female,2,1,0.94,never,140,0,0,23.8,0,47
49,male,4,3,2.53,current,480,1,0,22.2,0,59
60,male,4,1,0.04,never,30,0,0,34,0,52
57,male,1,1,4.57,former,0,0,0,43.7,0,44
77,male,5,3,1.08,former,0,0,NA,22.8,0,51
52,male,5,5,4.12,never,720,1,0,24.5,0,41
60,female,3,4,0.84,current,0,0,0,29.1,0,43
41,female,4,5,4.83,never,480,1,0,39,0,46
78,female,4,4,2.36,never,0,0,1,42.1,0,39
48,male,5,5,5,never,0,0,0,29.1,0,51
68,female,5,3,3.57,never,350,1,0,23.3,0,38
64,female,4,5,2.1,never,90,0,1,24,0,47
43,female,3,4,5,current,225,1,0,21.9,0,37
57,female,4,5,5,never,480,1,0,31.7,0,56
48,male,4,4,5,former,60,0,0,38.4,0,43
76,male,3,4,3.45,former,0,0,1,33.3,0,39
60,male,4,5,5,former,210,1,0,40.4,0,40
51,male,2,1,0.02,current,360,1,0,34.3,0,39
60,female,2,2,1.49,never,0,0,0,21.8,0,44
63,female,4,3,3.16,never,0,0,0,38.9,0,37
54,male,1,4,0.29,current,60,0,0,33.6,0,57
52,male,1,1,0.06,never,0,0,0,31.8,0,48
68,male,4,3,2.17,former,0,0,0,30.3,0,55
68,female,3,3,0.76,former,120,0,0,31.8,0,58
58,female,4,4,0.82,current,0,0,0,31.4,0,50
80,male,3,3,NA,former,0,0,1,24.4,0,55
80,female,1,1,NA,never,0,0,0,22.4,0,54
57,female,1,1,1.35,never,0,0,0,54.5,0,42
43,female,4,5,5,never,60,0,0,32,0,37
47,male,3,4,1.44,current,0,0,0,26.8,0,55
42,male,4,3,3.62,never,0,0,0,43.4,0,52
50,female,5,4,0.38,former,180,1,0,21.7,0,45
76,male,4,5,4.12,former,480,1,1,31,0,52
61,male,3,4,2.02,never,0,0,0,27.6,0,49
49,male,3,5,5,never,105,0,0,21.4,0,57
51,female,3,2,0.25,current,0,0,0,22.4,0,42
70,female,2,1,0.46,never,0,0,1,28.5,0,57
67,female,1,1,1.51,never,180,1,0,27.2,1,23
80,female,2,1,0.9,never,30,0,0,22.6,0,48
60,male,1,3,5,former,0,0,0,36.8,0,56
69,female,2,2,1.05,never,0,0,0,31.1,0,53
78,female,2,2,1.26,never,0,0,0,25.9,0,43
52,male,4,4,3.71,former,210,1,0,38.5,0,58
67,male,3,3,1.7,current,0,0,0,NA,0,41
58,male,5,2,1.03,former,0,0,0,24.8,0,58
62,male,3,4,NA,current,135,0,1,26.5,0,56
67,male,3,4,4.23,never,240,1,0,27,0,40
55,male,1,3,4.99,former,30,0,0,39,0,46
70,male,5,3,0.83,never,150,1,0,24.3,0,43
57,male,5,5,1.03,former,0,0,0,23.5,0,58
70,male,3,3,0.82,former,0,0,1,35.1,0,54
49,male,2,2,4.23,never,0,0,0,33.5,0,42
80,male,3,4,3.77,former,630,1,1,29.8,1,36
74,female,5,5,1.19,never,240,1,0,32.2,0,57
41,female,1,1,0.59,never,0,0,0,32.6,0,53
41,female,2,3,0.62,never,60,0,0,39,0,54
70,male,1,2,0.58,current,150,1,0,32.3,0,48
74,female,4,1,2.21,never,30,0,0,25.6,0,44
68,female,3,3,1.26,former,0,0,0,24.4,0,54
61,female,3,2,4.46,former,0,0,0,36.2,0,51
68,female,1,1,1.18,former,0,0,1,45,0,37
63,male,1,3,1.88,former,0,0,0,24.2,0,53
51,male,1,5,4.74,former,0,0,0,45.6,0,48
64,male,1,1,1.54,former,0,0,0,26.5,0,48
65,male,3,5,NA,never,0,0,0,27.8,0,47
41,male,3,5,5,never,600,1,0,24.7,0,51
49,female,2,5,3.33,never,0,0,0,31.2,0,46
45,female,3,4,3.56,former,0,0,1,48.4,0,40
78,male,5,5,1.69,never,0,0,0,21.1,0,44
65,male,3,2,NA,former,120,0,0,28.5,0,43
65,male,3,5,5,never,420,1,1,22.2,0,42
61,male,1,1,3.45,never,90,0,0,37.8,0,37
71,male,1,1,1.24,current,0,0,0,21.9,0,48
45,male,1,3,1.23,current,0,0,0,41.5,0,37
66,male,4,4,1.22,former,0,0,1,41.3,0,54
72,female,3,4,3.12,former,0,0,0,25.8,0,39
47,female,4,2,0.71,current,0,0,0,39.3,0,45
50,female,2,5,3.48,never,0,0,0,38.4,0,58
73,female,4,1,0.73,never,600,1,0,31,0,39
53,male,3,3,0,current,0,0,0,29.1,0,37
44,female,5,4,2.6,never,175,1,0,27.5,0,39
66,female,3,5,2.56,never,20,0,1,32,0,55
53,female,1,2,NA,former,1080,1,0,33.8,0,47
54,male,5,2,1.38,former,0,0,0,27.7,0,57
80,female,4,5,5,never,60,0,1,26.3,0,47
45,female,2,1,0.34,never,480,1,0,29.4,0,37
66,female,2,3,0.93,former,0,0,0,30.5,0,60
48,male,1,3,2.55,never,120,0,0,27.3,0,37
67,female,3,4,1.94,former,300,1,0,33.3,0,45
53,female,3,4,0,current,0,0,NA,22.5,0,41
60,male,4,3,1.39,never,0,0,0,22.4,0,39
55,male,1,3,2.47,never,360,1,0,42.6,0,38
46,female,1,4,4.44,never,0,0,0,51.5,0,46
71,female,1,5,1.79,never,25,0,0,42.3,0,58
43,female,3,4,2.74,never,0,0,0,25.6,0,49
42,male,5,5,4.53,never,320,1,0,21.5,0,47
80,male,5,4,5,never,840,1,0,22.2,0,47
52,male,1,4,NA,former,0,0,0,36.8,0,59
65,male,4,3,0.1,former,420,1,0,21.9,0,43
65,female,4,4,0.84,former,0,0,1,29,0,44
75,male,3,4,1.25,former,0,0,1,31.8,0,51
47,male,4,2,3.12,current,720,1,0,26,0,51
48,female,1,4,4.71,never,0,0,0,38.8,0,49
55,female,3,3,1.44,current,0,0,0,25.9,0,54
40,female,2,1,0.92,never,480,1,0,23.7,0,37
66,female,5,4,4.96,never,270,1,0,20.9,0,53
52,female,3,3,1.37,former,60,0,0,21.4,0,51
78,female,1,1,NA,never,0,0,0,28.9,0,60
80,male,3,2,1.54,never,0,0,1,26.6,1,15
55,female,3,3,0,current,60,0,0,20.8,0,49
52,female,3,5,5,never,1320,1,1,28.3,0,37
43,female,2,4,2.67,never,0,0,0,40,0,37
43,female,2,1,1.49,current,0,0,0,31.2,0,53
71,female,3,4,NA,current,0,0,0,36.8,0,52
53,female,4,3,5,former,105,0,0,26.1,0,52
70,female,1,3,1.24,former,0,0,1,39.4,0,48
57,male,2,4,2.24,never,0,0,0,24.2,0,46
59,male,3,3,3,current,0,0,1,36.8,0,39
62,male,4,3,NA,never,750,1,0,31.7,0,39
80,female,3,2,3.44,former,0,0,1,25.9,1,5
46,male,3,4,1.76,former,0,0,0,31,0,56
70,male,2,4,4.44,never,0,0,0,48,1,6
69,female,2,5,2.65,current,36,0,0,27,0,50
52,male,3,5,5,never,240,1,0,22.2,0,38
72,female,2,NA,0.55,never,0,0,1,26.6,0,50
80,female,4,4,1.22,never,0,0,0,30,0,52
78,male,3,5,3.14,former,60,0,1,35.6,0,40
50,male,5,2,0.69,current,0,0,1,30.9,0,48
80,female,2,1,NA,never,0,0,0,31.2,0,56
80,male,4,1,NA,former,0,0,1,20.8,0,51
69,male,4,2,1.94,current,540,1,0,31,0,42
55,female,3,3,2.23,current,210,1,1,31.4,0,52
48,male,4,4,4.12,current,600,1,0,33.2,0,37
68,male,3,5,3.45,never,1080,1,0,33.8,0,56
65,female,1,4,1.68,never,0,0,0,27.4,0,44
51,female,2,1,NA,never,0,0,0,32.8,0,56
78,male,3,2,1.15,current,0,0,1,27.5,0,41
79,male,3,1,1.22,never,180,1,1,21.5,0,37
65,female,3,5,4.25,never,90,0,1,39.6,0,61
46,female,3,3,2.89,former,120,0,0,29,0,55
45,female,4,4,NA,never,240,1,0,35.9,0,52
68,male,4,3,1.56,former,0,0,1,27,0,39
74,female,4,4,1.25,never,0,0,1,32.1,0,51
72,female,5,1,NA,never,0,0,0,21.5,0,40
69,male,4,3,NA,never,0,0,0,32.8,0,49
45,male,3,5,5,never,360,1,0,31.3,0,56
60,female,1,3,3.68,current,135,0,0,27.1,0,60
42,female,2,3,1.49,never,540,1,1,32.9,0,47
71,male,3,5,5,former,0,0,1,34.7,0,60
63,female,1,3,1.69,never,0,0,0,29.9,0,45
48,male,3,4,2.27,former,840,1,0,23.5,0,57
59,female,3,4,5,never,30,0,0,24.9,0,55
62,male,2,4,1.49,former,0,0,0,24.6,0,45
49,male,3,5,3.17,never,0,0,1,22.4,0,48
79,male,3,2,1.66,current,0,0,1,29.4,1,7
43,female,4,4,5,never,2940,1,0,39.2,0,57
43,male,5,4,NA,former,190,1,0,29.2,0,38
45,male,5,5,5,never,1110,1,0,26.8,0,38
75,female,3,5,2.82,never,900,1,1,18.5,0,41
76,female,2,1,0.77,former,0,0,0,33,1,18
59,male,1,2,1.47,former,0,0,0,29,0,49
51,female,2,4,5,never,0,0,0,23.7,0,46
45,female,4,3,3.71,former,360,1,0,40.2,0,60
43,male,4,4,5,never,210,1,0,29.5,0,37
78,male,1,2,1.96,never,0,0,1,26.9,0,48
58,male,2,5,NA,never,540,1,0,25.7,0,44
43,female,1,1,1.38,current,0,0,0,24.5,0,48
66,female,5,2,1.96,never,0,0,1,23.2,0,54
49,female,4,5,4.39,never,900,1,0,27.8,0,56
52,female,4,3,2.99,former,0,0,0,28.9,0,37
62,female,4,4,1.1,current,0,0,1,25.3,0,43
43,male,1,2,1.13,never,480,1,1,45.6,0,37
80,female,3,2,1.26,never,0,0,1,40.4,0,37
60,female,4,4,2.11,former,300,1,0,35.7,0,36
80,female,1,3,NA,never,90,0,1,28.2,0,42
55,female,3,3,1.86,current,0,0,1,33.6,0,56
80,female,4,1,0.35,never,0,0,0,28.5,0,48
65,female,5,5,3.22,never,150,1,0,23.4,0,37
46,female,1,4,0.92,current,0,0,0,52.8,1,30
80,male,5,4,1.56,never,0,0,1,23.8,1,54
71,male,1,3,1.58,current,1200,1,1,27.2,0,45
41,female,4,2,NA,never,0,0,0,26.1,0,39
75,female,4,2,NA,former,0,0,0,33.6,0,57
65,female,3,3,1.5,never,180,1,0,35.3,0,50
75,male,3,3,0.89,current,0,0,1,26.3,0,44
80,male,3,2,NA,former,0,0,1,26,0,45
68,female,3,2,NA,current,0,0,0,22.3,0,47
47,female,1,2,1.49,never,0,0,0,41.2,0,48
45,female,3,4,5,never,270,1,0,28.6,0,56
66,female,5,5,5,never,180,1,0,25.4,0,48
64,male,5,5,5,former,120,0,0,24,0,46
48,female,3,3,4.68,current,0,0,0,27.1,0,39
56,female,2,1,1,never,0,0,0,36.3,0,58
75,female,1,2,1.02,never,0,0,1,45.1,0,57
80,female,3,2,2.95,former,0,0,1,35.5,0,58
74,male,3,5,1.77,former,900,1,0,22.6,0,39
53,female,3,4,5,never,200,1,1,22.5,0,37
42,female,2,2,1.05,current,0,0,0,24.6,0,46
55,female,5,5,4.23,never,300,1,0,34.5,0,56
68,male,3,3,1.44,current,0,0,0,25.5,0,39
70,female,3,5,5,former,0,0,1,24.8,0,48
48,female,5,1,1.59,never,0,0,0,24.6,0,46
67,male,1,1,NA,never,0,0,NA,23.8,0,47
66,female,1,2,1.51,never,0,0,0,27.1,0,48
67,male,3,3,0.75,former,240,1,1,31,1,10
46,female,5,4,3.57,current,540,1,0,25.1,0,47
71,male,3,4,1.35,former,0,0,0,33.3,0,51
63,female,1,1,0.17,never,0,0,0,31.1,0,47
63,male,5,2,0.96,current,0,0,0,21.7,0,37
68,male,5,2,1.03,former,0,0,0,23,0,57
44,female,1,4,2.09,never,0,0,0,30.8,0,48
77,male,5,4,1.94,never,0,0,0,NA,0,45
51,male,4,3,2.1,former,1080,1,0,28,0,51
56,male,1,4,3.48,never,360,1,0,31.3,0,60
78,male,3,2,1.57,former,0,0,1,19.3,1,9
62,male,3,2,1.37,former,0,0,1,35.9,0,51
80,female,4,5,2.65,never,0,0,0,33.9,0,55
43,male,3,4,5,never,240,1,0,30.8,0,49
61,female,3,4,1.18,current,0,0,0,37.7,0,50
66,female,1,3,NA,never,900,1,0,29.2,0,37
75,female,3,5,NA,never,0,0,0,21,0,52
50,female,2,4,1.02,never,0,0,0,43.3,0,57
60,female,1,4,NA,never,0,0,0,31.8,0,58
59,female,1,3,NA,never,360,1,0,41.9,0,52
80,female,3,4,1.24,never,0,0,0,37.5,1,29
71,female,3,4,1.82,never,60,0,0,31.7,0,49
50,female,2,2,3.3,never,240,1,1,38.8,0,44
45,male,3,4,5,former,540,1,0,30.1,0,51
40,female,1,1,0.56,current,0,0,0,25.2,0,38
40,female,1,5,3.6,never,0,0,0,22.7,0,42
65,female,2,4,2.23,never,0,0,1,46.9,0,38
77,female,4,4,NA,never,360,1,1,34.9,0,54
70,male,1,1,0.5,former,0,0,0,30.5,0,48
80,female,1,1,0.42,former,0,0,0,36.8,0,60
63,female,2,4,5,former,120,0,0,31.1,0,45
74,female,5,5,5,never,0,0,1,27.3,0,50
74,male,5,4,5,current,0,0,1,24.1,0,58
64,female,4,3,0.88,current,0,0,0,22.6,0,44
61,female,3,3,3.77,never,0,0,0,57.4,0,48
75,female,3,4,1.64,never,0,0,1,35,0,48
70,male,4,3,NA,never,360,1,0,25.3,0,58
73,male,2,5,5,former,180,1,0,29.7,0,41
72,female,2,4,1.61,never,0,0,0,34.9,0,46
42,female,3,4,1.15,current,120,0,0,41.1,0,49
61,male,2,3,2.08,former,0,0,0,37.6,0,52
73,male,3,4,2.62,former,315,1,1,29.7,0,44
50,male,1,3,0.95,former,480,1,0,28,0,42
62,female,5,5,4.39,never,225,1,0,20.9,0,59
48,female,4,4,0.95,never,120,0,0,23.7,0,55
47,male,3,4,5,never,120,0,0,35.6,0,48
80,female,4,4,NA,former,270,1,0,30.1,0,39
52,male,3,2,0.22,former,360,1,0,36.2,0,39
49,female,3,5,3.43,former,240,1,0,31,0,51
74,male,3,5,5,former,600,1,0,31,0,53
71,male,1,1,0.42,former,720,1,0,24.9,0,60
63,male,4,2,2.79,current,0,0,0,23.5,0,46
55,female,3,3,2.16,never,0,0,1,44.4,0,50
53,female,3,5,2.68,former,90,0,0,25.7,0,44
72,female,4,3,1.95,never,60,0,1,33.3,0,44
80,male,3,5,5,never,60,0,1,26.5,0,52
72,male,2,1,0.75,former,300,1,1,24.3,0,38
62,female,1,4,5,former,0,0,0,30.6,0,53
42,male,3,4,2.98,never,0,0,0,34.9,0,44
80,male,3,4,4.06,former,0,0,0,26.7,1,19
46,male,5,5,NA,never,180,1,0,32.1,0,47
57,male,2,5,2.87,current,0,0,0,27.3,1,13
52,male,5,4,1.85,never,480,1,0,23.3,0,42
69,female,4,4,5,former,0,0,0,38.1,0,56
75,female,3,4,4.53,former,360,1,0,19.6,0,49
67,male,4,4,0.76,never,60,0,0,29,0,39
43,female,3,4,0.6,current,0,0,0,19.9,0,37
54,male,5,5,5,never,120,0,0,21.1,0,48
69,female,1,1,0.87,never,0,0,0,28.4,0,45
62,male,2,4,0.35,current,0,0,0,18.9,0,45
58,female,3,5,5,never,420,1,0,23.3,0,38
78,male,4,4,4.04,current,75,0,1,NA,0,43
78,male,3,3,3.14,former,0,0,1,36.9,1,48
45,male,4,3,2.5,former,270,1,0,38,0,38
63,female,4,3,1.13,never,0,0,0,26.9,0,51
61,male,4,4,4.96,former,0,0,0,54.2,0,39
80,male,3,5,3.25,never,0,0,1,28.4,0,47
65,male,2,4,1.09,never,0,0,0,29.1,0,48
69,female,3,5,5,former,180,1,1,28.2,0,58
61,male,2,5,NA,current,580,1,0,33,0,43
67,male,1,4,4.27,former,0,0,0,24.6,1,21
66,male,5,4,3.77,never,0,0,0,24.5,0,58
80,male,4,1,0.79,never,1680,1,0,32,0,43
77,female,3,4,3.45,never,0,0,1,28.7,0,41
67,female,5,1,1.25,former,0,0,0,28.1,0,46
40,female,1,3,1.65,never,30,0,0,36.7,0,58
46,male,3,5,3.71,never,420,1,0,32.5,0,36
41,female,3,5,5,never,945,1,0,24.6,0,44
52,female,3,4,3.75,never,0,0,0,34.1,0,37
52,female,4,3,2.61,current,0,0,0,19.5,0,46
66,male,3,3,1.05,never,720,1,0,38.1,0,52
64,male,1,3,2.38,current,0,0,0,23.5,0,47
41,female,1,1,0.69,never,0,0,0,32.4,0,40
80,male,3,5,NA,never,240,1,0,25.2,0,52
60,female,3,4,0.53,never,45,0,1,28.4,0,40
60,male,3,3,1.49,former,0,0,0,45.7,0,45
66,female,3,4,1.31,current,0,0,1,30.1,1,1
78,male,3,3,1.88,former,0,0,1,26.4,0,55
44,male,2,1,NA,current,30,0,0,37.9,0,53
60,female,1,3,1.57,current,0,0,0,27.7,0,48
60,male,4,5,1.57,never,0,0,0,29.5,0,39
51,female,2,3,2.12,current,0,0,0,44.1,0,54
60,female,3,3,1.65,current,0,0,0,21.1,0,43
70,female,3,3,5,former,720,1,1,30.8,0,45
76,male,3,1,1.38,former,0,0,0,25.8,0,37
60,female,4,4,2.61,never,60,0,0,28.8,0,38
69,male,4,4,NA,never,120,0,0,28.7,1,16
78,male,3,4,1.76,former,0,0,0,NA,1,45
50,female,1,4,4.39,never,90,0,0,28.4,0,45
51,female,4,5,1.26,never,450,1,0,29.9,0,55
64,female,5,4,5,never,0,0,0,30.6,0,38
42,male,5,2,1.03,former,15,0,0,26.7,0,57
58,female,2,2,NA,never,0,0,0,24.3,0,46
43,female,2,4,4.99,never,750,1,0,32.3,0,56
58,male,3,3,3.14,former,0,0,1,29.9,0,41
54,female,4,3,2.23,never,405,1,0,34.9,0,51
80,female,4,2,2.51,never,0,0,0,20.2,0,45
55,female,1,1,0.56,never,0,0,0,29.8,0,48
53,male,4,3,0.05,current,0,0,0,28.9,1,48
61,female,2,2,0.83,never,0,0,1,26.1,1,30
43,male,2,3,2.59,never,0,0,0,29,0,44
68,female,2,1,1.32,never,0,0,1,33.8,0,44
77,male,5,1,NA,former,0,0,0,30.5,0,40
61,male,3,5,5,former,255,1,1,24,0,44
60,male,4,4,0.42,current,360,1,0,18.5,1,35
77,male,3,2,NA,former,0,0,0,23.3,1,23
59,male,3,5,5,former,0,0,0,31.7,0,55
66,male,4,3,2.86,former,90,0,0,29.2,0,43
52,male,5,5,5,never,300,1,0,23.8,0,46
60,male,2,2,0.49,current,0,0,0,26.3,0,58
80,male,3,3,1.35,never,90,0,1,25.4,1,34
57,male,4,2,2.99,never,0,0,0,36.7,0,55
80,male,3,4,NA,former,60,0,1,26.1,0,44
41,male,4,4,1.41,never,600,1,0,26.3,0,49
52,male,5,5,2.53,never,420,1,0,24.6,0,46
50,female,2,5,5,former,150,1,0,23.9,0,46
40,female,2,5,1.65,never,60,0,0,49.8,0,57
43,female,3,4,1.69,former,0,0,1,42.2,0,38
42,male,4,2,1.78,never,0,0,0,34.8,0,46
44,male,4,3,1.05,never,0,0,0,30,0,37
64,female,2,5,4.55,never,0,0,0,26.6,0,50
66,female,3,5,4.04,never,0,0,0,42.8,0,37
46,female,4,4,2.18,never,0,0,0,31.2,0,55
59,male,5,2,NA,never,0,0,0,24.8,0,38
59,female,2,2,0.42,never,0,0,0,29.5,0,43
56,male,3,3,4.62,former,0,0,0,22.1,0,46
66,female,1,3,0.41,never,0,0,0,26.8,0,48
55,female,2,4,1.95,never,210,1,0,43,0,41
80,male,3,3,NA,former,0,0,1,NA,1,7
80,female,3,4,1.87,never,0,0,0,25.7,0,51
61,female,1,5,NA,never,160,1,0,27.8,0,54
62,male,4,3,0.99,current,0,0,0,33.8,1,5
47,male,5,5,5,never,0,0,0,32.3,0,47
48,female,4,3,5,never,0,0,0,35.3,0,37
76,female,3,3,2.98,never,120,0,0,27.5,0,51
70,male,3,5,1.25,never,60,0,0,28.9,0,50
75,female,5,1,0.71,never,0,0,0,28.5,0,45
48,male,2,4,1.23,former,0,0,0,36.3,0,36
55,female,2,3,3.6,former,420,1,1,27.5,0,51
66,male,1,2,1.02,former,0,0,0,28.7,0,48
60,male,1,2,NA,never,0,0,0,47.7,0,39
71,male,3,5,5,former,40,0,0,34.6,0,48
48,male,3,4,5,never,120,0,0,24.1,0,44
66,female,2,1,2.3,never,180,1,0,NA,0,44
52,female,4,5,2.41,never,1080,1,1,32.1,0,52
76,female,5,4,NA,never,0,0,0,27.2,0,57
53,female,3,5,2.53,never,0,0,0,33.1,0,52
80,female,5,4,0.92,never,0,0,0,32.2,0,57
61,female,2,5,5,never,540,1,0,21.3,0,54
60,male,3,4,0.8,current,1320,1,1,22.3,0,41
47,male,4,3,0.63,current,0,0,0,36.2,0,44
70,male,3,5,1.09,former,0,0,1,34.1,0,53
65,male,2,1,1.79,former,120,0,0,25.1,0,41
56,male,3,4,4.6,former,0,0,0,33.2,0,38
49,male,5,4,0.91,never,0,0,0,27.2,0,51
66,male,4,4,1.09,former,1380,1,1,30.1,0,46
51,female,4,2,0.37,never,0,0,0,24.9,0,57
49,female,4,3,2.16,never,0,0,0,41.7,0,51
49,female,4,3,0.75,never,0,0,0,44.1,0,41
62,female,1,4,1.15,never,75,0,0,39.9,0,55
66,male,5,2,3.7,current,0,0,0,20.3,0,59
61,female,3,5,4.38,never,180,1,0,42.7,0,55
47,male,1,2,1.65,former,480,1,0,23,0,39
65,female,4,5,2.51,former,175,1,0,21.6,0,43
66,male,3,4,4.37,former,225,1,0,29.3,0,36
75,male,2,3,3.5,never,0,0,0,26.1,0,52
80,female,3,3,1.11,never,0,0,1,26.1,0,43
68,female,4,2,2.82,never,240,1,0,39.4,0,40
75,female,5,3,2.68,current,0,0,0,27.1,0,43
46,female,3,5,1.76,never,90,0,0,25.4,0,55
49,male,1,4,3.77,current,480,1,0,32.9,0,38
64,female,2,1,2.51,never,0,0,0,25,0,44
50,female,5,2,1.59,never,0,0,0,20.3,0,46
62,female,1,1,NA,never,0,0,0,42.4,0,48
59,female,3,4,2.46,never,90,0,0,37.5,0,43
52,female,1,1,1.2,never,0,0,0,32.8,0,44
65,male,3,5,5,never,240,1,0,22.8,0,38
46,male,1,1,1.3,never,80,0,0,30.8,0,48
50,female,3,4,5,never,180,1,0,21.4,0,45
61,female,4,4,NA,never,180,1,0,26.9,0,50
64,male,4,5,3.16,never,90,0,0,28.8,0,36
54,female,4,5,1.47,former,0,0,0,34.7,0,45
59,male,2,2,NA,former,0,0,0,30.4,0,52
80,female,2,4,5,never,0,0,0,26.4,0,48
68,female,3,5,5,never,450,1,1,19.2,0,56
77,male,3,3,1.82,current,0,0,1,36.6,0,55
50,female,3,4,5,current,780,1,0,33.6,0,38
43,female,1,5,5,never,120,0,0,29.6,0,58
42,male,5,5,1.4,current,30,0,1,25.3,0,42
54,female,4,5,NA,never,0,0,0,46.5,0,47
80,female,3,5,2.02,former,0,0,1,33.5,0,60
80,male,1,NA,1.41,NA,0,0,0,29.1,0,53
61,female,4,4,1.09,former,0,0,0,25.1,0,47
62,female,3,4,1.19,current,0,0,0,NA,1,36
55,female,2,4,3.91,never,0,0,0,38.3,0,52
46,female,5,5,5,never,0,0,0,25.1,0,61
55,male,4,2,2.78,former,0,0,0,28.5,0,49
45,female,5,3,5,never,0,0,0,23.5,0,57
64,female,2,5,3.48,former,0,0,0,26.9,0,44
70,male,3,4,1.81,former,0,0,1,40.2,1,11
72,female,5,3,1.84,never,490,1,0,22.3,0,52
42,male,1,1,0.89,current,0,0,0,28.6,0,48
61,male,1,3,1.32,former,120,0,1,34.4,0,55
56,female,1,1,2.12,former,540,1,0,29.1,0,53
50,female,2,2,0.52,never,0,0,0,30.3,0,48
48,male,3,5,5,never,120,0,0,32.2,0,56
61,male,1,2,0.82,current,0,0,0,38,0,48
65,female,3,3,NA,never,240,1,0,40.6,0,47
71,female,3,3,5,never,60,0,0,27,0,57
67,female,3,2,0.99,former,80,0,1,38.1,0,60
80,female,3,4,1.53,former,0,0,1,29,1,32
59,male,3,4,0.68,former,0,0,0,25.3,0,55
57,female,1,1,3.75,former,0,0,0,23.6,0,45
40,male,4,2,NA,current,0,0,0,33.5,0,37
80,male,3,4,1.64,never,360,1,1,40.7,0,53
46,male,3,5,5,never,300,1,0,25.6,0,58
51,female,3,3,3.74,never,300,1,0,35.7,0,61
68,female,3,2,2.2,never,0,0,1,25,0,42
80,male,3,4,2.75,former,1290,1,1,22.3,0,45
64,male,3,3,0.63,never,0,0,0,29.4,0,42
69,male,3,3,2.03,former,0,0,0,41,0,56
51,male,2,1,0.75,current,420,1,0,27.9,0,45
63,female,3,4,1.53,current,60,0,0,29.4,0,44
52,male,4,3,0,current,0,0,0,22.6,0,38
71,female,3,4,NA,former,0,0,1,30.1,0,48
80,female,3,5,NA,never,0,0,0,31.1,0,56
49,female,2,4,2.68,former,90,0,0,34.3,0,45
73,female,3,4,2.38,never,300,1,1,26,0,54
80,female,3,1,3.81,never,0,0,0,23.9,1,41
64,female,1,1,NA,never,0,0,0,39.3,0,49
66,female,3,4,5,never,150,1,1,34.2,0,42
49,male,5,5,5,never,120,0,0,26.3,0,52
80,female,3,4,1.21,never,0,0,1,16.9,1,40
56,male,3,3,5,former,0,0,0,24,0,43
52,female,3,4,0.97,current,0,0,0,36.5,0,39
46,male,4,3,NA,never,60,0,0,NA,0,36
53,male,4,3,0.04,current,0,0,1,33,0,51
64,male,3,5,5,current,420,1,1,27,0,56
80,male,3,3,1.35,former,0,0,0,23.3,0,51
47,female,3,5,5,never,0,0,0,33.1,0,46
70,female,1,3,0.81,never,0,0,0,29.1,0,52
67,female,2,1,0.42,former,0,0,0,31.9,0,37
46,female,4,2,0.5,current,0,0,0,31.7,0,56
70,female,1,4,0.76,current,330,1,0,30.2,0,39
59,female,3,3,1.48,never,60,0,0,30.9,0,41
47,male,3,4,3.22,current,10,0,0,30.4,0,55
69,male,5,5,NA,current,0,0,1,20.9,0,52
57,female,1,5,3.73,never,0,0,0,38.9,0,37
40,male,5,5,0,former,16,0,0,26.5,0,56
54,female,4,3,2.88,never,30,0,1,31.8,0,37
47,female,2,2,5,never,90,0,1,25.4,0,42
80,male,5,3,5,former,0,0,0,30.4,1,27
61,female,2,1,1.7,never,0,0,0,30,0,57
80,male,3,4,3.14,never,0,0,1,29.1,0,56
45,female,3,3,0.31,current,0,0,1,36.1,1,36
73,female,3,5,5,NA,175,1,0,35.8,0,58
65,male,1,1,0.41,never,0,0,0,27.4,0,39
80,male,3,4,2.18,former,0,0,1,29.8,0,56
46,female,5,5,3.25,never,300,1,0,23.3,0,38
69,male,4,1,0.88,current,0,0,0,30.2,0,56
42,female,3,5,3.38,never,270,1,0,21.4,0,37
54,male,1,3,5,never,550,1,0,26.1,0,59
46,male,3,3,1.07,former,60,0,1,31.1,0,52
53,male,3,3,3.6,former,0,0,0,26.6,0,35
54,female,4,4,1.29,never,60,0,1,34.6,0,38
59,female,4,3,0.94,never,480,1,0,38.3,0,36
80,male,3,3,NA,former,630,1,1,26.8,0,36
61,female,2,3,NA,never,0,0,0,25.4,0,59
55,female,3,4,1.76,former,0,0,0,24.9,0,41
62,male,2,2,1.53,current,0,0,0,19,0,37
48,female,5,1,0.91,never,0,0,0,33.9,0,51
80,female,3,4,2.57,never,0,0,1,20.8,0,43
48,male,3,3,5,current,720,1,0,25.9,0,49
53,male,3,5,5,former,540,1,0,26.2,0,59
47,female,4,3,2.49,never,0,0,0,37.3,1,54
80,female,2,1,0.61,never,0,0,0,NA,0,57
63,male,3,2,5,never,0,0,0,28.5,0,39
60,female,5,4,0.13,current,300,1,0,19.7,0,42
57,female,2,1,0.02,never,0,0,0,40.6,0,41
77,female,2,1,0.79,never,0,0,1,34.5,0,45
80,male,3,5,1.88,never,0,0,0,27.6,0,55
70,female,4,4,1.38,former,135,0,0,30.2,0,55
50,male,4,4,3.36,never,1260,1,0,21.2,0,51
80,male,2,4,1.88,current,240,1,1,34,0,48
45,female,4,5,0.99,never,0,0,0,23.6,0,40
57,female,3,3,0.65,current,0,0,1,30.8,0,40
62,female,2,3,1.32,never,0,0,0,26.6,0,56
62,male,4,4,4.92,never,360,1,1,23.8,0,51
80,female,2,5,NA,former,0,0,1,30.6,0,45
47,female,3,3,0.43,never,0,0,0,33.6,0,56
78,female,3,4,1.88,never,0,0,1,28.8,0,55
74,female,1,1,0.18,current,0,0,0,25.1,0,49
80,female,3,3,0.28,never,0,0,1,33.6,0,44
43,female,3,5,2.7,never,540,1,0,23.5,0,44
57,female,2,4,1.06,former,0,0,1,31.1,0,44
55,female,5,5,NA,never,0,0,0,30.5,0,48
73,female,4,4,2.18,never,0,0,0,30.5,0,50
68,male,1,4,1.76,former,0,0,0,30.9,0,61
65,female,1,4,2.08,never,0,0,1,45.6,1,28
80,male,3,5,NA,never,0,0,0,33.4,0,54
51,female,5,4,1.58,never,0,0,0,25.9,0,55
46,male,1,4,1.05,current,60,0,1,29.2,0,45
60,female,4,4,NA,current,0,0,0,22.5,0,42
60,female,3,5,2.18,current,0,0,0,28.9,0,51
40,female,1,5,2,never,0,0,0,21.9,0,39
40,male,3,1,2.98,never,0,0,0,25.8,0,51
50,female,3,4,5,never,0,0,0,43.1,0,49
41,male,1,1,0,never,0,0,0,20.5,0,38
59,female,4,3,5,never,140,0,0,28.6,0,57
58,male,4,5,5,never,720,1,0,34.1,0,55
80,female,1,1,0.63,never,0,0,1,27.4,1,3
63,male,3,5,0.92,former,80,0,0,25.6,0,44
55,female,3,4,0.93,never,0,0,1,32.4,1,23
80,male,2,1,0.38,former,0,0,0,37.3,0,60
60,male,2,5,0.1,current,180,1,0,26.9,0,53
69,female,3,2,NA,never,0,0,0,45.1,0,46
75,male,4,5,5,never,0,0,1,31.9,0,43
72,male,5,4,1.98,never,0,0,0,42.1,0,39
60,male,2,4,NA,former,90,0,0,26.6,0,45
62,female,3,4,2.09,never,180,1,0,58.9,0,49
55,male,1,2,0.67,never,660,1,0,31.2,0,53
80,female,5,1,NA,never,210,1,0,19.9,1,30
54,male,5,3,5,never,30,0,0,21.9,0,53
54,male,3,3,0.84,former,60,0,0,27.9,0,46
71,male,5,3,5,former,780,1,0,23.1,0,37
49,female,1,3,4.94,never,180,1,0,33.7,0,46
53,male,3,3,3.45,former,0,0,0,29.2,0,49
49,female,1,2,0.95,never,0,0,0,36.1,0,42
75,female,2,5,5,former,180,1,0,26.6,1,35
62,female,3,3,2.1,current,0,0,0,30.1,0,38
50,male,2,2,0.43,never,0,0,0,41.2,0,42
76,female,3,4,3.4,never,0,0,1,36,0,55
58,male,1,4,0.08,current,0,0,0,36.2,0,41
42,female,3,3,4.95,former,120,0,0,29.5,0,42
68,male,1,1,1.19,former,0,0,1,28.5,0,54
53,female,3,5,5,former,750,1,0,27.4,0,45
48,male,1,4,0.8,never,0,0,0,32.6,0,56
52,male,4,3,5,never,0,0,0,36.3,0,36
76,female,3,5,NA,never,390,1,0,26.2,0,37
42,male,3,3,1.27,never,0,0,0,25.6,0,40
78,female,2,1,5,never,150,1,0,25.6,0,42
72,male,2,2,0.47,former,0,0,1,25.4,0,44
45,male,5,3,2.88,never,0,0,0,20.4,0,52
62,female,1,1,1.07,never,0,0,1,23.7,0,47
53,male,1,2,NA,former,420,1,0,20,0,50
80,male,4,4,1.33,never,660,1,1,33.5,0,41
80,male,3,4,2.55,never,150,1,1,22.5,0,57
44,female,3,4,5,former,0,0,0,23.1,0,38
51,female,5,3,0.2,current,0,0,0,36.8,0,51
40,male,4,2,NA,current,0,0,0,23.9,0,41
57,male,4,4,5,former,480,1,0,36.1,0,56
80,male,3,5,1.32,never,480,1,0,25.6,0,55
75,female,5,1,5,never,0,0,0,30.6,0,51
66,male,1,5,4.11,never,180,1,0,23.9,0,58
80,male,5,4,0.82,former,0,0,1,16.6,1,3
78,male,3,4,2.98,former,240,1,1,27.2,0,51
72,male,1,1,1.44,never,0,0,0,21.2,0,54
67,male,1,1,2.49,current,0,0,0,23.4,0,49
50,female,5,5,4.12,never,200,1,0,32.7,0,57
59,male,3,5,5,former,225,1,0,28.3,0,37
44,male,4,5,0.51,never,210,1,0,44.1,0,42
51,male,5,5,4.46,former,360,1,0,27.7,0,52
51,female,3,5,5,never,160,1,0,42.7,0,59
77,male,2,1,NA,never,120,0,NA,21.7,0,43
63,male,2,4,2.47,former,0,0,1,28.2,1,49
45,male,4,3,2.12,never,840,1,0,31.3,0,53
64,male,1,2,NA,former,240,1,0,32.4,0,38
44,female,4,5,5,never,0,0,0,24.9,0,42
50,female,2,5,0.75,current,120,0,0,19.9,0,58
79,female,4,1,NA,former,0,0,1,42,1,34
62,female,1,1,0.82,never,0,0,0,40.2,0,49
76,male,1,1,0.87,never,0,0,1,27.3,0,45
80,female,3,5,1.44,former,0,0,1,23.7,1,7
65,male,2,3,2.7,former,540,1,0,25.3,0,43
46,female,3,1,0.98,current,0,0,0,31.8,0,46
69,female,4,4,NA,current,0,0,0,35.4,0,44
43,male,2,4,3.42,current,480,1,0,29.9,0,37
44,female,3,5,0.74,former,170,1,0,28,0,43
80,female,3,1,3.23,never,0,0,0,29.7,0,49
68,female,5,5,2.75,never,240,1,0,27.5,0,46
52,female,5,4,0.6,never,0,0,0,22.4,0,48
73,female,1,5,5,never,0,0,1,39.4,0,55
60,male,4,3,0.98,former,0,0,1,NA,0,46
64,male,4,4,4.27,NA,0,0,0,39.6,1,32
59,male,3,5,4.06,never,0,0,0,18.2,0,39
44,male,3,3,1.91,never,150,1,0,32.6,0,38
61,male,1,1,0.78,former,0,0,0,30.2,0,54
71,male,3,3,4.37,never,180,1,1,29.3,1,38
71,female,5,5,NA,former,315,1,1,25.9,0,56
50,male,1,1,2.12,current,0,0,0,23.4,0,53
57,female,3,1,0.92,current,0,0,1,28.8,0,39
68,male,4,3,1.47,current,0,0,1,24.7,0,45
58,female,3,5,0.51,current,0,0,1,28.1,0,51
43,female,4,4,2.2,never,135,0,0,35.6,0,37
43,male,2,1,0.56,never,1620,1,0,32,0,40
64,male,3,3,3.75,current,120,0,0,34.4,0,37
46,female,2,4,NA,former,0,0,0,28.6,0,58
69,male,3,5,4.99,former,0,0,0,23.4,0,50
69,male,5,2,NA,current,70,0,1,23.2,0,57
52,female,1,4,2.58,former,0,0,0,37.9,0,38
60,male,4,2,1.68,former,540,1,0,32.3,0,52
58,male,4,4,5,former,0,0,0,27.9,0,51
64,male,4,5,5,current,0,0,1,19.9,0,43
66,male,3,4,5,former,90,0,1,45.9,0,39
40,female,4,4,2.01,former,0,0,0,22,0,57
80,female,3,2,0.31,never,0,0,1,20.6,1,34
46,female,3,4,3.99,former,225,1,0,23.2,0,54
40,female,5,4,0.85,never,0,0,0,21.6,0,37
65,male,5,5,1.52,never,1290,1,1,26.1,0,58
47,male,3,5,5,never,400,1,0,27.1,0,59
59,male,3,4,1.51,former,0,0,NA,31.3,1,18
65,male,3,4,5,never,180,1,0,37,0,43
70,male,4,4,2.19,never,30,0,0,29.3,0,53
52,female,4,3,5,never,240,1,0,35.8,0,56
65,male,1,1,2.79,former,0,0,0,30.6,0,44
42,female,5,5,4.08,never,60,0,0,36.9,0,41
53,male,2,3,0.75,current,0,0,1,23.7,0,60
69,male,3,4,1.26,never,300,1,1,26.6,0,58
80,male,3,4,1.61,current,0,0,1,27.9,0,40
50,female,3,4,5,never,90,0,0,28.5,0,61
52,female,1,1,2.7,never,0,0,0,31.5,0,48
55,male,5,5,NA,never,825,1,1,39.1,0,47
58,male,3,4,1.69,never,0,0,0,36,0,48
48,male,3,2,0.76,never,0,0,0,48.5,0,55
51,male,3,5,5,never,360,1,0,28,0,50
41,female,5,5,4.96,never,0,0,0,31.3,0,52
68,female,4,4,1.02,current,50,0,0,30.5,0,41
80,female,4,1,1.47,never,0,0,0,28.7,0,44
62,female,3,5,1.69,never,60,0,1,43.1,0,56
40,female,4,5,4.23,never,360,1,0,21.6,0,55
46,female,4,3,0.89,never,0,0,0,28,0,44
59,male,3,3,0.75,current,15,0,0,24.5,0,40
59,female,3,3,3.01,former,0,0,0,35.7,0,39
80,male,3,3,1.14,former,0,0,0,32,0,50
45,female,3,5,1.61,former,240,1,0,NA,0,44
80,male,5,5,4.12,former,0,0,0,23.1,0,57
78,female,4,3,0.61,never,840,1,0,31.1,0,45
59,male,1,1,2.24,former,1080,1,0,28.9,0,54
54,male,3,5,1.15,current,0,0,1,22,0,55
71,male,1,1,0.08,never,0,0,1,NA,0,38
67,male,4,4,5,current,120,0,0,29.2,0,54
62,male,2,2,0.42,never,0,0,1,27.3,0,44
70,male,4,3,2.53,never,2160,1,0,28.9,0,50
40,male,1,5,1.49,current,0,0,0,30.2,0,48
69,male,4,3,2.5,former,60,0,0,31.6,0,51
68,female,5,5,NA,never,0,0,0,27.7,0,38
63,female,5,3,2.18,never,0,0,0,25,0,56
76,male,5,2,0.81,former,0,0,0,27.6,0,44
62,male,3,5,4.61,former,0,0,1,45,0,59
62,female,2,1,2.64,never,0,0,0,38.3,0,45
43,male,1,1,NA,never,360,1,0,25.8,0,41
44,female,2,5,1.47,never,135,0,0,19.9,0,49
63,male,5,2,1.91,never,0,0,1,23.9,0,37
53,female,5,4,5,never,60,0,0,20.7,0,48
55,male,3,3,5,current,180,1,0,27.8,0,48
80,male,4,1,NA,NA,0,0,0,32.2,0,39
75,female,5,1,0.81,never,90,0,0,27.6,0,44
67,female,2,1,NA,never,0,0,1,27.9,0,41
42,female,4,5,0.21,never,240,1,0,38.2,0,52
71,male,3,3,1.26,never,80,0,0,31.2,0,45
49,male,5,5,NA,never,0,0,0,23,0,55
59,female,3,4,0.63,former,0,0,0,33.7,0,39
59,female,1,1,0.46,never,0,0,1,41.4,0,47
79,female,3,3,1.31,never,0,0,NA,31.7,0,45
64,male,5,4,4.06,former,0,0,0,23.3,0,47
65,male,4,3,NA,current,0,0,0,28.7,0,55
50,male,3,3,1.77,current,0,0,0,29.1,0,60
62,female,3,3,1.69,never,0,0,0,43.3,0,37
44,male,4,2,1.19,current,0,0,0,23.4,0,55
62,male,4,4,0.94,never,360,1,0,35.2,0,58
40,female,1,2,NA,never,180,1,0,22.8,0,53
41,male,2,5,2.48,former,270,1,0,31.4,0,40
78,male,3,5,1.4,former,0,0,0,27.7,0,49
69,male,2,1,0.28,never,0,0,1,25.4,0,38
45,female,3,5,5,former,1890,1,0,20.5,0,47
50,male,2,4,NA,never,0,0,0,17.2,0,59
57,male,2,2,3.14,current,0,0,1,26.8,0,59
77,female,4,4,NA,former,0,0,0,31.6,0,52
54,male,1,2,1.49,former,0,0,1,26.5,0,45
65,male,2,3,0.89,never,0,0,0,37.2,0,43
53,female,3,3,NA,never,0,0,0,50.4,0,59
47,male,3,4,5,former,0,0,1,46.1,0,49
63,male,4,2,0.71,current,210,1,0,34.9,0,39
80,female,3,2,2.98,never,0,0,1,33.2,0,56
61,female,3,3,0.94,current,60,0,0,27.6,0,40
78,male,1,1,NA,former,0,0,1,24.9,1,7
60,female,5,2,NA,never,210,1,0,20.5,0,46
40,female,5,5,5,never,480,1,0,20.1,0,54
80,male,4,4,NA,former,0,0,0,25,0,43
77,female,3,3,0.97,former,0,0,1,46.2,0,44
43,male,1,2,1.32,current,120,0,0,35.3,0,54
52,male,2,1,NA,current,0,0,0,28.1,0,37
40,female,3,5,5,never,0,0,0,NA,0,43
64,male,5,5,1.63,former,1410,1,0,20.4,0,37
49,female,2,2,3.17,current,105,0,0,33.5,0,52
60,female,5,3,0.83,never,60,0,0,22,0,42
80,female,3,4,0.85,never,0,0,1,NA,1,41
45,male,2,5,5,never,1185,1,0,29.2,0,46
71,male,3,4,0.92,current,0,0,0,30.7,0,53
64,male,4,5,1,current,30,0,0,24.9,0,44
59,male,3,4,5,current,840,1,0,23.5,0,44
64,female,1,4,2.5,never,0,0,0,31.5,0,44
72,male,1,3,0.81,former,0,0,0,28.5,1,34
60,male,1,3,NA,never,450,1,0,30.4,0,51
52,male,5,5,5,former,0,0,0,23.5,0,53
70,male,4,4,2.82,former,150,1,1,26.5,0,40
80,female,4,3,3.87,former,0,0,1,22.6,0,57
42,female,5,5,0,never,30,0,0,28.7,0,59
71,female,1,1,0.78,never,0,0,0,35.1,0,48
70,male,1,1,0.15,current,60,0,0,22.4,0,52
57,male,3,2,1.24,current,120,0,0,28.7,0,50
44,female,3,4,5,current,140,0,0,34.4,0,49
58,male,4,3,0.55,current,0,0,1,49,0,58
54,male,3,4,5,never,150,1,0,24.3,0,45
79,male,1,1,NA,never,0,0,1,28.5,1,6
48,male,5,2,1.24,never,0,0,0,21.3,0,44
73,male,3,4,1.77,current,0,0,1,24,0,51
66,female,2,1,0.62,never,0,0,0,30.7,1,37
66,male,1,1,1.11,former,0,0,0,28.7,0,50
40,male,3,5,5,never,210,1,0,29.1,0,46
79,male,3,3,2.25,never,0,0,0,26,0,52
63,female,2,2,0.51,never,0,0,0,29.9,0,44
51,male,2,3,0.02,never,420,1,0,27.9,0,40
41,female,1,1,2.74,never,0,0,0,37.1,0,37
51,male,4,3,3.92,never,0,0,0,31.1,0,57
52,male,1,3,1.02,never,60,0,0,27.6,0,43
58,male,2,3,0.34,former,30,0,0,30.2,1,35
47,female,3,3,0.16,current,90,0,0,25.4,0,49
45,male,1,1,1.54,never,0,0,0,31.4,0,53
40,male,4,5,5,never,3420,1,0,22.8,0,47
80,female,3,3,1.21,former,0,0,0,29.4,0,43
54,female,5,2,2.47,never,0,0,0,25.4,0,58
41,female,1,3,5,never,240,1,0,26.5,0,59
48,male,5,4,3.92,current,0,0,0,31.6,0,38
77,male,1,4,2.98,former,0,0,1,25.7,1,46
74,female,1,1,NA,never,0,0,0,24.8,0,48
51,female,4,5,1.77,never,150,1,0,37,0,37
80,male,4,2,1.35,former,0,0,1,24,1,35
52,male,3,3,1.67,former,0,0,0,30.3,1,19
52,male,3,4,3.93,current,120,0,1,32.3,0,47
80,female,3,2,2.75,never,0,0,0,22.9,0,50
59,male,2,4,3.3,never,0,0,0,35.8,0,59
64,male,5,5,4.39,never,150,1,0,26.3,0,59
45,female,2,4,NA,never,480,1,0,24,0,58
50,male,4,2,NA,current,0,0,1,27.5,0,38
77,male,3,5,3.92,former,240,1,0,26.4,1,22
80,female,3,3,NA,never,0,0,0,29.2,0,45
80,female,3,4,1.77,current,0,0,1,22.8,0,38
74,female,4,3,2.61,never,0,0,0,30.3,0,46
80,male,1,1,0.42,former,0,0,0,32.5,0,60
80,female,3,4,4.25,former,180,1,1,31.2,1,51
51,female,5,3,4.99,never,600,1,0,26.9,0,55
41,male,3,5,3.73,never,240,1,0,28.6,0,40
42,female,4,5,5,never,450,1,0,24.3,0,42
47,male,2,1,1.64,never,0,0,0,28.6,0,42
54,male,5,5,2.55,never,0,0,0,23.1,0,44
66,male,1,5,2.5,never,0,0,0,33.3,0,45
76,male,3,4,1.82,current,30,0,0,23.5,0,49
44,male,5,5,0,current,0,0,0,26.4,0,56
76,female,3,4,NA,never,60,0,0,38.1,0,42
70,male,2,5,1.32,former,810,1,0,23.2,1,35
41,female,5,5,4.95,never,240,1,0,21.9,0,42
64,male,4,5,3.75,never,0,0,0,31.2,0,50
76,male,4,3,2.1,former,0,0,0,27.6,1,9
64,female,3,3,4.62,former,0,0,1,32.1,0,46
45,female,3,4,3.09,current,0,0,0,39.4,0,55
63,male,4,4,3.87,current,0,0,0,26,0,38
61,female,3,3,1.49,never,90,0,1,32,0,58
79,female,3,3,1.51,current,0,0,0,40.5,1,42
53,female,1,1,0.84,former,0,0,0,26,0,43
49,female,2,5,3.63,never,80,0,1,29.2,0,46
58,male,3,4,1.75,never,0,0,1,41.1,0,44
48,female,3,5,2.82,never,90,0,0,36.8,0,42
75,male,3,4,5,former,1080,1,1,32.5,0,39
69,male,3,3,2.02,former,0,0,0,28.2,0,54
62,female,4,4,4.06,former,0,0,0,28,0,40
46,female,5,4,0.75,never,0,0,0,46,0,37
80,female,4,4,2.76,former,840,1,0,20.7,0,44
80,male,3,4,3.01,never,0,0,0,26.8,0,49
80,male,1,2,NA,former,0,0,1,21.1,1,44
64,male,2,2,1.23,former,0,0,NA,23.5,0,57
79,female,2,3,1.49,never,0,0,1,26.6,0,36
49,male,1,4,1.55,never,720,1,0,40.1,1,10
52,male,4,3,NA,never,360,1,0,25.8,0,38
63,female,2,3,1.24,never,0,0,1,36,0,60
65,male,4,3,1.44,never,0,0,0,32.5,0,41
58,female,4,3,2.45,never,0,0,0,31.4,0,53
56,female,4,3,1.87,former,180,1,0,48.3,0,41
60,female,1,1,0.78,never,0,0,0,25.7,0,55
66,female,2,5,NA,never,150,1,0,31.1,0,52
67,female,5,1,3.77,never,0,0,0,22.6,0,51
67,male,4,3,3.06,never,0,0,1,34.5,1,33
60,female,4,3,0.1,never,0,0,0,28.8,0,55
68,male,2,5,1.06,former,0,0,0,31.3,0,43
60,male,1,2,1.88,never,120,0,0,28.6,0,48
66,female,2,1,NA,never,0,0,0,36,0,45
54,male,2,1,NA,never,0,0,0,28.9,0,45
65,female,4,2,2.5,former,0,0,0,25.5,0,51
68,male,3,4,2.49,former,120,0,0,24,0,39
77,male,4,2,0.95,current,0,0,0,21.8,1,10
51,female,3,5,2.24,former,0,0,0,35.1,0,50
42,female,3,4,0.86,former,0,0,0,30.9,0,55
57,male,3,5,2.95,never,0,0,0,44.5,0,55
45,male,3,5,2.47,never,0,0,0,29.3,0,38
78,male,3,5,5,never,0,0,1,26.1,0,53
55,female,3,5,5,never,0,0,0,25.2,0,56
60,female,3,4,3,never,0,0,0,NA,0,40
71,female,1,5,4.43,never,1080,1,0,32.2,0,45
57,female,4,2,0.51,current,0,0,0,36,0,51
65,female,4,4,0.72,former,840,1,1,18.9,0,36
80,female,3,3,2.19,never,0,0,0,29.7,0,37
44,female,3,5,2.06,former,0,0,0,43.5,0,56
80,female,1,3,1.08,never,0,0,0,27,0,45
49,male,2,1,1.6,never,0,0,0,26.9,0,41
50,male,1,2,0.21,never,450,1,0,23.5,0,39
40,female,1,4,1.41,never,1050,1,0,27,0,53
42,male,2,2,0.4,never,1260,1,0,26.4,0,59
69,male,3,3,5,former,90,0,1,29.6,0,47
57,male,3,4,5,never,0,0,0,27.8,0,55
54,male,1,5,5,never,80,0,0,33,0,44
43,female,5,5,NA,never,420,1,0,19.7,0,46
61,male,2,4,NA,current,0,0,0,33.1,0,48
45,male,5,5,3.87,never,0,0,0,26.9,0,46
80,female,4,4,2.93,former,0,0,1,28.9,0,57
69,male,5,4,0.8,never,30,0,1,27.9,0,44
55,male,1,1,1.2,never,0,0,0,32.9,0,43
70,female,1,1,0.08,never,70,0,0,31.7,0,42
62,female,4,4,0,current,900,1,1,19.9,0,50
80,male,3,5,NA,former,0,0,1,32,0,42
41,male,3,4,4.3,current,0,0,0,30.5,0,41
70,male,3,5,5,former,120,0,1,25.9,0,44
73,male,3,5,5,never,2100,1,0,26.7,0,53
42,female,4,3,3.67,never,40,0,0,25.3,0,36
63,male,4,4,5,never,0,0,0,44.7,0,45
55,female,4,4,0.5,never,0,0,0,27.9,0,44
41,female,5,2,1.84,never,45,0,0,21.8,0,52
62,male,3,3,3.99,never,240,1,0,38.4,0,43
43,female,3,5,3.71,never,210,1,0,24.5,0,54
57,male,1,4,2.13,current,360,1,0,29.2,0,44
43,male,4,3,0.87,current,2640,1,0,22.2,0,44
45,female,2,5,3.54,never,0,0,0,33.4,0,56
65,female,3,4,3.68,never,900,1,0,24.3,0,41
58,male,5,3,1.03,never,0,0,0,25.3,0,58
55,male,3,4,5,never,0,0,0,36,0,50
50,female,1,2,1.07,current,0,0,0,29.8,0,41
45,female,4,5,5,never,0,0,0,NA,0,57
65,male,4,3,0.83,never,0,0,1,28.4,0,57
59,female,5,3,0.03,never,0,0,0,22.9,0,55
61,male,4,3,NA,never,0,0,0,52.4,0,37
73,female,5,1,0.73,never,210,1,1,37.8,1,11
53,male,3,3,5,never,90,0,0,30.6,0,56
42,male,5,5,0.91,never,0,0,0,25,0,57
56,female,2,2,5,never,40,0,0,26,0,38
63,male,3,5,2.2,never,1920,1,0,19.8,0,42
55,female,2,3,0.62,never,0,0,0,35.7,0,53
75,male,3,2,1.56,former,0,0,0,24.2,1,3
44,female,1,3,1.23,never,0,0,0,29.2,0,38
46,male,3,5,5,never,415,1,0,29.4,0,48
48,female,3,1,1.62,current,0,0,0,22.4,0,39
42,female,4,2,2.46,never,180,1,0,30.3,0,51
80,male,5,1,0.68,never,105,0,0,23.6,0,47
53,male,4,4,NA,never,60,0,0,33.3,0,51
62,female,1,3,1.4,never,40,0,1,38.4,0,39
41,male,5,5,5,former,300,1,0,25,0,48
64,female,1,5,4.96,never,120,0,0,23.5,0,44
46,female,5,5,4.22,never,660,1,0,30.9,0,42
69,male,3,3,NA,current,0,0,0,26.7,0,46
40,female,1,5,1.19,never,0,0,0,23.1,0,48
56,female,5,3,0.94,never,90,0,0,33.5,0,52
80,female,3,3,0.81,former,0,0,0,26.1,1,42
47,female,3,5,5,never,50,0,0,23.1,0,48
67,female,5,4,0.08,never,0,0,0,27.4,0,44
52,female,4,4,4.06,never,480,1,0,34.9,0,51
43,male,3,4,3.22,never,960,1,0,33.2,0,50
68,female,1,1,2.59,never,0,0,0,37.1,0,48
58,female,3,5,5,never,660,1,0,25.2,0,44
69,female,3,5,1.3,current,360,1,0,31.6,0,43
52,female,1,1,1.28,never,180,1,0,29,0,58
40,male,3,2,2.96,former,0,0,0,33,0,37
80,female,3,3,NA,never,60,0,0,30.5,0,38
60,female,1,3,3.68,never,0,0,1,29.9,0,45
73,female,2,2,4.48,former,0,0,0,24,0,43
62,female,5,5,0.81,former,0,0,0,46,0,58
52,female,3,3,1.47,current,0,0,0,40.1,0,38
57,male,5,1,0.82,never,0,0,NA,31.9,0,41
43,male,4,3,0.82,former,360,1,0,33.6,0,49
67,female,3,5,5,former,100,0,0,22.7,0,54
53,female,1,3,5,never,0,0,0,28.3,0,59
40,male,3,3,0,current,0,0,0,28.4,0,41
40,female,3,5,4.46,never,0,0,0,23.5,0,43
54,male,3,5,3.38,never,90,0,0,25,0,36
79,female,3,3,NA,never,0,0,0,33,0,40
63,male,5,1,0.89,former,0,0,1,23.3,0,53
70,female,4,2,2.02,never,0,0,0,32.4,0,49
63,female,4,3,NA,never,30,0,0,25.3,0,46
40,male,1,2,0.98,never,120,0,0,28.8,0,45
56,female,1,2,1.55,former,0,0,0,39.6,0,59
44,female,5,4,0.4,never,0,0,0,22.2,0,47
41,male,4,3,4.73,never,90,0,0,34,0,57
59,male,3,5,1.75,former,0,0,0,38.8,0,45
69,female,1,3,0.82,never,0,0,0,26.1,0,41
60,male,4,5,4.36,never,0,0,1,36.4,0,40
79,female,3,4,3.14,former,0,0,1,29.5,0,48
48,male,5,5,0.92,current,0,0,0,27.4,0,46
58,male,4,4,5,never,0,0,0,26.4,0,46
65,female,3,3,1.81,current,0,0,1,34.9,0,40
74,male,1,3,NA,former,0,0,0,25.2,0,54
80,male,1,1,0.9,never,60,0,0,32.2,1,21
43,male,5,5,5,never,120,0,0,27,0,56
67,female,4,4,2.27,former,60,0,0,35,0,38
49,male,4,3,0.31,current,0,0,0,28.4,0,40
71,female,1,3,0.71,former,600,1,1,34.4,0,56
56,female,4,3,1.24,never,140,0,0,21.4,0,56
76,male,3,4,1.41,never,0,0,1,31.6,0,45
80,female,3,3,1.26,never,0,0,0,24.1,1,26
70,male,1,1,0.31,former,0,0,1,32,0,39
75,female,2,1,0.47,never,0,0,0,27.6,0,43
40,female,5,4,2.11,never,270,1,0,23.1,0,37
44,female,2,3,0.74,current,600,1,0,32.2,0,39
63,female,4,5,NA,never,0,0,0,35.1,0,58
58,female,4,2,NA,current,0,0,0,14.5,1,41
59,male,2,4,NA,former,0,0,1,28.2,0,39
42,male,5,4,1.61,never,3000,1,0,29.8,0,51
46,male,1,1,0.69,former,960,1,0,26.5,0,42
43,female,1,4,1.74,never,180,1,0,30.8,0,60
44,male,4,5,1.82,never,40,0,0,28.7,0,40
61,male,3,3,3.64,former,405,1,0,32.8,0,40
58,male,4,4,4.06,never,0,0,0,24.9,0,51
56,female,1,1,NA,never,0,0,0,28.1,0,53
59,male,2,2,1.07,former,0,0,0,26.5,0,45
58,male,4,4,0.93,current,420,1,1,32.6,0,55
70,female,5,5,5,never,360,1,0,27.1,0,48
77,female,3,4,2.27,never,90,0,0,24.7,0,50
53,female,3,5,5,current,300,1,0,24,0,37
52,male,4,4,2.08,never,900,1,0,26.7,0,47
48,male,3,4,5,never,540,1,0,27.7,0,49
62,male,3,3,1.38,former,0,0,0,31.9,1,47
71,female,3,5,5,former,0,0,0,27.7,0,45
44,female,5,3,2.67,never,0,0,0,20,0,44
56,female,2,3,2.39,former,0,0,0,24.7,0,42
70,female,1,2,0.55,never,0,0,0,24.3,0,57
43,female,4,4,0.71,never,0,0,0,23.8,0,53
67,male,4,5,5,never,420,1,0,23.6,0,47
78,male,3,3,1.35,former,270,1,1,26.8,1,0
64,male,4,4,1.98,former,40,0,0,NA,1,6
67,male,2,3,0.7,former,90,0,0,24.7,0,53
68,male,5,1,0.7,former,0,0,0,25,0,54
75,female,5,4,0.94,former,0,0,1,25.9,1,8
52,female,5,5,2.76,never,0,0,0,19.3,0,46
65,male,5,3,2.18,former,120,0,0,31.2,0,56
80,male,3,2,1.51,former,0,0,0,34.1,0,60
58,female,4,5,5,never,0,0,0,22.8,0,45
73,male,3,2,1.57,former,540,1,0,36.4,0,44
55,male,5,5,2.3,never,0,0,1,24.5,0,56
57,female,4,3,1.79,current,0,0,0,17.9,0,55
51,female,5,4,1.84,never,1230,1,0,23.6,0,52
80,male,5,5,0.35,never,0,0,0,21.9,0,57
76,male,2,5,5,never,0,0,0,20.2,0,50
61,male,4,3,1.28,current,0,0,0,25.7,0,56
51,female,3,3,2.73,current,0,0,0,34.6,0,47
43,male,1,1,NA,former,240,1,0,30.6,0,51
54,male,5,4,3.62,former,240,1,0,23.7,0,58
47,male,5,5,1.24,never,180,1,0,29.1,0,45
80,male,3,5,3.03,former,0,0,0,32.7,0,37
60,female,3,5,5,former,600,1,0,18,0,56
52,male,4,3,2.55,never,360,1,0,22.9,0,44
54,female,4,3,0,current,1200,1,0,24.2,0,51
52,female,2,3,0,never,315,1,0,29.4,0,43
68,male,2,3,4.12,former,360,1,1,26.4,0,51
53,male,4,5,5,never,400,1,0,28.2,0,39
43,male,2,5,4.94,never,0,0,0,26.8,0,46
63,male,1,1,0.82,never,0,0,1,34.2,0,49
80,male,4,1,0.82,former,0,0,1,23.9,0,43
80,male,3,3,1.56,never,930,1,0,23.6,0,36
54,male,3,5,0.17,never,0,0,0,36.3,0,43
46,female,3,5,NA,never,510,1,0,18.1,0,41
42,female,4,4,1.23,never,0,0,0,43.7,0,50
55,male,5,1,1.14,never,0,0,0,22.9,0,52
52,female,2,1,0.85,never,0,0,0,31.1,0,43
54,female,3,5,5,never,0,0,0,24,0,52
42,female,3,2,2.67,former,60,0,0,38.8,0,49
80,female,5,1,0.72,never,0,0,0,23,0,43
44,male,3,2,2.07,never,960,1,0,26.3,0,43
80,female,2,2,1.88,never,840,1,0,33.4,0,49
57,male,4,3,3.12,never,210,1,0,32.6,0,36
56,female,3,3,NA,current,0,0,0,24.3,0,39
50,male,3,4,5,never,0,0,0,30.8,0,38
44,female,1,2,NA,never,0,0,0,31.7,0,52
49,female,4,5,1.39,never,150,1,0,43.6,0,53
52,male,4,3,0.94,former,0,0,0,25.4,0,37
68,male,2,2,0.35,former,0,0,1,31.6,0,44
80,female,3,4,0.92,never,0,0,0,44.3,1,42
44,male,3,5,5,former,30,0,0,40.6,0,37
75,male,3,3,2.01,former,150,1,1,28.5,1,24
55,male,5,1,1.59,never,90,0,0,28.7,0,46
80,male,3,5,5,never,180,1,0,34.6,0,43
52,male,3,4,2.08,former,0,0,0,24.5,0,38
66,female,4,2,0.84,never,0,0,1,27.7,0,38
80,female,3,3,NA,never,300,1,0,25.1,0,47
62,male,2,5,3.61,never,240,1,1,26.9,0,56
46,female,1,5,4.74,never,0,0,0,37,0,49
59,male,5,4,NA,current,0,0,0,22.2,0,56
45,female,4,4,NA,never,440,1,0,38,0,56
80,female,2,3,0.81,former,0,0,1,33.3,0,52
77,female,4,5,NA,never,80,0,0,41.4,0,56
41,female,2,4,1.56,former,0,0,0,24.8,0,52
70,male,3,5,1.79,current,0,0,1,32.5,0,39
78,female,1,4,1.84,never,0,0,0,28.4,0,46
66,male,2,4,NA,current,1080,1,1,26.7,0,39
57,female,2,4,5,never,420,1,0,32,0,58
49,male,3,4,2.06,former,0,0,0,29,0,56
53,male,5,4,NA,current,0,0,1,27,1,37
80,female,5,2,2.18,never,0,0,1,24.5,0,51
51,male,3,2,3.3,current,0,0,0,29.8,0,54
78,female,3,3,3.92,former,0,0,0,23.7,0,50
68,male,3,4,NA,former,80,0,0,27.5,0,40
53,male,2,3,5,never,0,0,0,28.2,0,59
48,female,2,1,NA,never,50,0,0,32.3,0,53
67,female,5,1,1.36,never,0,0,0,26.4,0,57
56,female,3,4,1.88,former,150,1,0,18.8,0,40
80,male,3,5,5,former,0,0,1,25.8,0,52
59,female,2,4,1.57,former,120,0,0,21.7,0,45
80,female,3,5,1.53,never,1260,1,0,30.2,0,41
44,female,5,5,5,never,0,0,0,21.8,0,38
53,male,1,4,2.47,never,0,0,0,32.9,0,49
78,female,1,1,0.8,former,0,0,0,38.9,0,53
48,female,2,5,4.72,former,0,0,0,38.5,0,44
42,male,3,2,2.67,former,90,0,0,26.4,0,50
62,male,4,2,1.1,current,720,1,1,28.1,0,51
48,male,5,5,3.7,former,300,1,0,23,0,53
53,female,5,5,5,never,0,0,0,20.5,0,53
74,male,3,5,NA,never,90,0,0,27.6,0,39
48,male,3,4,4.28,never,240,1,0,27.5,0,53
66,female,2,1,0.7,never,0,0,0,34,0,52
54,female,1,4,NA,never,0,0,0,49.5,0,38
44,male,3,4,1.27,never,1440,1,0,26.7,0,42
61,male,3,3,3.01,never,0,0,0,19.9,0,39
47,male,3,1,0.76,never,0,0,0,27.4,0,56
62,female,3,3,1,current,0,0,1,24,1,46
80,male,3,5,NA,never,900,1,1,29.4,0,38
50,female,2,4,1.49,current,60,0,0,45.9,0,60
66,female,1,1,NA,former,0,0,0,47.3,0,38
66,male,1,1,1.76,never,210,1,0,32.6,0,46
49,male,1,3,1.18,former,0,0,0,27.8,0,38
73,female,3,4,2.01,never,0,0,0,30.9,0,40
72,male,4,3,0.35,former,0,0,1,NA,1,11
48,female,3,5,5,never,650,1,0,24.6,0,45
46,male,2,5,5,current,450,1,0,31.3,0,53
56,female,3,3,0.82,current,0,0,0,23.3,0,54
55,female,1,1,0.94,never,225,1,0,36.2,0,51
52,male,2,1,1.26,never,0,0,1,27.9,0,57
47,male,3,3,2.36,never,525,1,1,NA,0,49
70,male,3,5,5,former,420,1,1,26.9,0,46
46,female,4,3,3.4,never,0,0,0,32.2,0,58
77,female,1,4,1.09,never,0,0,0,NA,0,53
80,female,5,3,0.82,former,90,0,0,14.5,0,48
54,male,1,1,NA,never,60,0,0,26.5,0,61
42,female,3,3,0.34,current,0,0,0,29,0,49
50,male,3,5,5,never,0,0,0,42.7,0,51
68,male,3,5,2.56,never,0,0,1,22.1,0,54
54,male,5,2,0.6,never,0,0,0,57.4,0,54
80,male,3,3,NA,never,0,0,0,25.2,0,50
42,female,1,2,0.45,current,0,0,0,32.3,0,40
49,male,4,3,5,never,1680,1,0,34.3,0,37
50,female,3,4,0.81,former,0,0,0,49.8,0,45
71,male,5,5,NA,never,0,0,0,28.2,0,37
75,female,1,1,NA,never,270,1,0,27.1,0,47
59,male,3,5,3.43,never,855,1,0,27.8,0,38
61,male,1,3,1.09,current,0,0,0,40.9,0,53
50,male,3,1,0.43,never,0,0,0,25.3,0,55
52,female,3,5,5,never,460,1,0,24.9,0,56
55,male,2,2,1.76,former,0,0,0,29.4,0,46
48,male,2,1,NA,former,0,0,0,26.4,0,57
70,male,3,5,5,former,180,1,1,34.2,0,40
80,female,3,3,0.64,never,80,0,0,21.4,1,24
57,male,5,2,NA,never,0,0,0,22.2,0,48
48,female,4,3,2.12,never,0,0,0,31.2,0,52
49,male,3,5,5,never,570,1,0,19.9,0,43
44,female,2,1,1.48,never,40,0,0,33.2,0,38
61,male,5,4,3.77,former,140,0,0,30.9,0,50
70,male,3,4,2.25,former,0,0,1,22.1,1,14
80,male,3,3,0.03,former,0,0,1,35.9,0,50
53,female,2,3,2.59,former,0,0,0,31.8,0,50
61,female,1,3,1.76,never,150,1,0,30.1,0,61
66,male,4,4,NA,never,540,1,0,31.7,0,49
72,male,3,5,2.69,never,60,0,1,28,0,39
70,male,5,1,1.96,former,0,0,0,26,0,53
66,female,3,5,0.77,current,0,0,1,23,0,39
54,female,3,4,1.19,current,0,0,1,31.5,0,44
80,female,4,3,NA,former,0,0,0,27.1,0,52
43,female,1,2,0.31,never,0,0,0,48.7,0,48
63,male,1,2,4.22,never,0,0,0,27.2,0,47
67,male,3,5,5,former,200,1,0,39.2,0,45
66,male,5,1,5,never,0,0,0,29.5,0,37
80,male,3,3,NA,former,0,0,0,30,1,29
64,female,3,5,5,never,210,1,0,39.3,0,40
48,male,3,5,5,former,160,1,1,27.6,0,58
73,male,3,3,5,former,0,0,0,31.4,0,37
70,male,3,5,5,never,150,1,1,37.1,0,42
60,male,1,1,0.95,never,0,0,0,33.5,0,48
60,female,4,4,3.4,current,840,1,0,23.2,0,57
43,female,4,4,0.34,never,0,0,0,44.3,0,45
70,male,2,1,3.47,former,0,0,1,34.6,0,47
63,female,3,3,0.16,former,0,0,0,22.7,0,43
41,male,3,5,5,never,300,1,0,29.8,0,58
67,female,5,3,NA,never,0,0,0,29.4,0,57
51,female,4,3,2.47,current,120,0,0,27.1,0,53
58,female,5,3,1.72,never,0,0,0,18.5,0,58
62,male,2,4,4.04,former,450,1,0,27.8,0,53
41,female,1,3,1.3,never,0,0,0,27,0,49
79,male,4,1,0.72,never,0,0,0,20.3,1,24
41,male,2,2,0.35,never,0,0,0,26.5,0,36
44,female,3,4,3.73,former,840,1,1,37.7,0,42
46,female,4,5,3.43,never,0,0,1,52.8,0,51
41,female,1,2,NA,never,0,0,0,22.3,0,54
54,male,4,3,2.97,never,180,1,0,31.1,0,54
40,male,1,1,1.22,never,0,0,0,31,0,48
74,female,2,2,1.49,never,180,1,0,27.7,0,43
68,male,3,3,NA,former,0,0,0,26.7,0,56
75,female,3,3,2.25,former,0,0,0,33.3,0,53
42,female,2,3,0.55,never,120,0,0,31.4,0,45
52,male,1,5,5,never,360,1,0,28.3,0,46
62,male,4,2,3.64,never,0,0,0,31.1,0,44
68,male,1,1,1.43,current,0,0,0,24.5,0,39
61,female,4,3,1.52,current,0,0,0,28.2,0,38
80,female,5,3,4.12,never,0,0,0,19.4,0,60
65,female,5,4,5,never,0,0,0,20.2,0,46
64,male,1,1,0.94,former,120,0,0,35.8,0,46
57,male,3,4,1.86,former,240,1,1,46.7,0,56
42,female,2,3,NA,never,0,0,0,24.7,0,56
41,female,3,5,5,current,160,1,0,24.4,0,58
67,female,3,5,5,never,90,0,0,38.6,0,42
54,male,4,3,0.77,former,0,0,0,29.1,0,42
61,male,4,3,2.45,never,0,0,0,31.4,0,52
45,male,2,4,3.3,never,60,0,0,27.6,0,42
57,female,4,2,1.77,current,0,0,0,28.8,0,40
42,male,3,5,2.37,never,960,1,0,44.3,0,50
80,male,3,4,3.14,never,100,0,0,24.9,0,49
66,female,4,2,0.85,former,360,1,0,37.5,0,49
44,female,2,5,4.42,never,540,1,0,35.3,0,37
68,male,4,3,0.97,former,90,0,1,41.7,0,45
75,female,4,3,1.22,former,30,0,1,40,0,58
45,male,3,5,NA,former,600,1,0,26.8,0,51
68,female,4,1,0.91,never,0,0,0,28.6,0,39
69,female,3,5,4.37,former,90,0,0,26.2,0,45
67,male,1,1,0.74,former,0,0,0,32,0,42
80,female,2,1,NA,never,0,0,0,22,0,44
51,male,3,3,0.81,never,30,0,0,30.5,0,43
63,female,2,2,1.57,current,90,0,0,27.4,0,44
45,female,2,4,3.52,current,0,0,0,39.3,0,59
80,male,3,3,NA,never,0,0,0,26.9,0,45
80,male,3,4,3.39,never,0,0,1,27.8,0,47
64,male,3,2,0.67,current,600,1,1,24.3,0,44
55,female,5,4,3.12,never,0,0,0,22,0,58
68,male,5,3,1.9,former,0,0,0,27.2,0,46
42,female,5,1,1.34,never,0,0,0,22.5,0,59
51,male,2,1,0.83,never,0,0,0,28.8,0,53
68,male,2,4,1.57,never,0,0,0,31.4,1,41
80,male,4,4,NA,current,810,1,1,24.2,0,38
80,female,2,4,5,never,0,0,1,36.3,0,49
63,male,1,1,0.63,current,0,0,0,31.9,0,45
64,male,1,3,1.07,never,0,0,0,36.3,0,48
65,female,3,2,5,never,0,0,0,26.5,0,41
71,male,2,5,4.21,former,300,1,0,29.4,0,38
44,female,4,3,0.56,current,0,0,1,48.5,0,51
51,male,1,1,2.11,never,0,0,0,27.3,0,40
54,male,3,4,5,never,0,0,0,34.2,0,53
44,male,3,3,1.09,current,0,0,0,24.3,0,50
80,male,3,3,2.09,former,0,0,1,28.7,0,54
42,female,3,4,3.33,never,0,0,0,24.9,0,38
62,female,4,4,1.83,never,135,0,1,19.7,0,41
65,male,4,4,NA,never,0,0,0,28.8,0,45
51,male,5,2,1.32,current,0,0,0,18.3,0,49
48,male,3,5,2.39,never,150,1,0,37.1,0,55
80,female,3,3,2.2,former,0,0,0,28,0,49
54,female,1,1,4.57,never,60,0,0,26,0,46
60,female,1,2,0.94,never,0,0,1,30.4,1,33
57,female,3,4,5,never,0,0,0,29.9,0,38
43,female,5,4,0.91,never,210,1,0,38.3,0,50
61,male,4,3,0.8,current,0,0,0,23.8,0,56
59,male,2,2,NA,former,0,0,0,27.3,0,41
62,female,2,4,1.1,never,0,0,0,21.5,0,61
64,female,2,1,0.75,former,240,1,0,29.8,0,38
51,female,1,4,2.58,never,180,1,0,30.3,0,37
41,female,3,5,4.37,current,360,1,0,19.8,0,60
43,female,3,4,3.51,former,0,0,0,28.3,0,49
73,male,3,3,2.1,never,540,1,1,25.4,0,47
80,female,1,4,3.37,never,0,0,0,33.2,0,47
52,female,5,5,3.03,never,420,1,0,21.8,0,43
60,male,4,3,0.02,current,0,0,0,22.5,1,19
73,female,3,5,5,never,720,1,0,28.3,0,50
76,male,4,2,3.16,never,120,0,0,30.7,0,49
41,female,4,5,2.69,never,0,0,0,25.4,0,51
40,female,5,5,NA,never,0,0,0,23,0,56
63,female,3,4,0.37,never,0,0,0,57.4,1,20
44,female,4,4,2.79,never,150,1,0,30.5,0,52
65,male,5,5,2.81,current,180,1,0,33.2,0,59
65,female,2,2,0.54,never,0,0,0,19.9,0,37
41,male,2,2,NA,never,450,1,0,29.3,0,37
57,female,3,4,4.68,never,0,0,0,48.6,0,58
80,female,4,5,NA,current,0,0,0,28.2,0,55
67,male,3,5,5,former,480,1,0,31.2,0,38
61,male,2,5,NA,former,240,1,0,30.4,0,45
80,female,3,4,3.16,never,300,1,1,21.8,0,58
60,male,4,3,3.67,never,90,0,0,22.3,0,36
51,male,1,1,4.25,former,0,0,0,27.6,0,45
46,female,4,5,NA,never,540,1,0,29.7,0,45
73,male,2,4,0.86,former,0,0,1,28,0,43
62,male,2,1,0.37,former,0,0,1,20.6,0,50
43,female,4,4,3.62,never,0,0,0,31.7,0,46
49,male,5,3,1.96,former,0,0,1,29.3,0,53
70,male,3,4,5,former,0,0,0,29,0,49
43,female,3,4,4.12,never,135,0,0,34.7,0,55
45,male,2,1,1.65,current,0,0,0,27.8,0,57
80,female,3,3,0.89,never,60,0,1,43.2,0,55
74,male,3,4,3.14,former,960,1,1,30.5,0,58
45,male,4,3,5,never,0,0,0,33.1,0,50
41,female,3,4,1.24,current,0,0,0,39.3,0,38
69,male,3,5,4.37,current,600,1,0,27.6,0,45
42,female,1,1,1.22,never,0,0,0,28.4,0,48
64,female,4,3,1.58,former,840,1,0,30.9,0,51
51,female,2,5,0.5,never,300,1,0,25.1,0,36
73,female,3,3,1.19,never,240,1,0,24.5,0,52
71,female,3,3,5,never,300,1,1,27.5,0,43
41,female,2,4,4.73,current,0,0,0,46.2,0,49
43,female,5,5,NA,never,360,1,0,21,0,56
55,male,3,5,2.76,never,20,0,1,28,0,55
68,female,3,4,0.71,former,220,1,1,36.8,0,36
42,female,5,1,1.41,never,0,0,0,22.6,0,56
60,female,2,4,3.54,never,0,0,0,31.9,0,53
65,female,3,5,5,never,0,0,0,33.2,1,34
76,male,1,1,NA,never,0,0,0,24.1,0,48
58,female,3,5,5,never,0,0,1,21.3,0,45
73,female,2,5,0.76,never,0,0,0,30.3,0,44
47,female,4,5,2.29,never,0,0,0,27.7,0,56
70,male,3,4,2.2,never,0,0,1,28.3,0,44
80,male,3,5,4.25,never,60,0,1,26.8,0,56
44,female,5,5,3.55,never,0,0,0,20.4,0,57
62,male,2,1,0.85,never,420,1,0,27.4,0,45
59,male,5,5,3.23,never,1080,1,0,22.2,0,41
77,female,3,3,NA,former,0,0,0,27.3,1,8
80,female,2,1,NA,former,0,0,1,30,1,3
62,male,2,4,1.94,never,480,1,0,38.5,0,38
45,male,3,3,4.94,current,520,1,0,30.4,0,46
66,male,2,5,5,current,0,0,0,23.9,0,45
47,male,3,2,1.54,current,0,0,0,22.5,0,49
51,male,2,4,3.16,current,600,1,0,29.5,0,45
64,female,2,4,4.78,never,180,1,0,32,0,43
80,female,3,4,3.39,never,0,0,1,22.3,0,47
80,female,3,2,1.64,former,0,0,1,36.9,0,50
61,male,3,5,5,never,60,0,0,27.3,0,40
47,female,3,5,5,former,450,1,0,40.3,0,43
76,male,1,1,3.77,never,0,0,1,31.2,1,14
80,female,3,2,1.85,former,0,0,0,28.4,0,50
49,male,5,3,2.06,former,0,0,0,25.6,0,42
59,female,1,4,0.9,never,0,0,0,27.9,0,48
58,male,4,5,3.18,never,360,1,1,25.1,0,38
46,female,3,3,4.54,never,480,1,0,37.8,0,50
51,female,1,2,0.49,never,0,0,0,27,0,49
77,male,3,5,0.43,former,0,0,0,28.2,1,9
47,male,1,4,2.33,never,720,1,0,22.4,0,43
80,female,3,2,1.18,never,0,0,0,30.9,0,44
58,female,3,5,5,never,0,0,0,29.2,0,43
72,female,4,2,2.61,never,175,1,0,35.7,0,46
78,female,5,1,NA,never,0,0,0,24.4,1,39
40,female,1,1,NA,never,240,1,0,34.4,0,48
50,female,5,5,4.98,never,735,1,0,26.5,0,51
66,female,2,1,1.26,never,0,0,0,36.6,0,43
42,female,3,4,1.44,never,120,0,0,42.3,0,41
48,female,4,2,1.23,current,0,0,0,61.1,0,53
62,female,3,3,1.82,never,0,0,0,41,0,54
54,male,3,3,5,current,0,0,0,29,0,36
71,male,5,5,4.37,former,0,0,0,20.9,0,38
56,female,1,3,0.49,never,4680,1,0,25.9,0,52
68,female,5,5,1.7,never,1080,1,1,NA,0,43
80,female,3,3,1.36,never,0,0,1,25.2,1,10
49,female,3,3,3.89,never,0,0,0,27.5,0,50
40,female,4,3,0.69,never,0,0,0,44,0,53
45,male,4,2,3.12,never,0,0,0,26.5,0,51
66,female,1,4,2.64,never,0,0,0,32.8,0,55
67,male,3,3,2.09,never,0,0,1,40.2,0,44
46,male,4,3,1.79,current,60,0,0,24.3,0,55
46,male,3,5,1.54,never,660,1,0,31.6,0,56
52,male,2,1,0.7,never,0,0,0,24.5,0,58
42,female,5,5,5,never,0,0,0,18.8,0,46
80,male,3,5,4.71,never,0,0,1,22.5,0,43
43,male,4,4,5,never,660,1,0,32.5,0,57
45,male,3,2,0.87,current,0,0,0,53.1,0,38
44,female,4,4,4.32,never,0,0,0,NA,0,51
46,female,3,4,1.09,current,0,0,0,35.5,0,38
60,female,5,2,1.49,never,0,0,0,20.3,0,52
48,male,3,4,5,never,0,0,0,30.3,0,48
57,male,4,3,0.6,never,0,0,0,25.7,0,45
48,male,2,2,0.63,current,0,0,0,27.8,0,36
50,female,1,3,0.02,never,0,0,0,35.2,0,55
45,male,2,1,1.26,current,0,0,0,23.2,0,58
41,male,5,5,5,former,0,0,0,49.4,0,57
73,female,3,4,5,former,0,0,0,25.3,0,42
75,male,3,4,1.43,current,0,0,1,25.3,0,55
80,male,3,4,1.02,never,0,0,1,27,0,56
59,male,5,4,0,current,0,0,0,27.4,0,55
66,male,3,4,1.03,former,300,1,0,37.1,1,18
67,male,1,4,2.51,current,1890,1,0,29,0,37
77,male,1,4,4.43,former,0,0,0,29.5,0,47
58,female,1,4,NA,never,0,0,0,20.9,0,45
79,female,4,3,2.88,former,120,0,1,30.2,0,51
64,female,1,1,0.84,never,0,0,0,48.9,1,25
40,female,1,4,0.25,never,210,1,0,32.6,0,46
48,female,5,3,0.95,never,0,0,0,21.3,0,56
68,female,3,4,3.82,never,0,0,0,29.6,0,49
68,female,1,1,2.49,never,0,0,0,28.9,0,47
70,female,1,2,3.16,never,0,0,0,27.4,0,56
42,female,4,5,1.49,never,0,0,0,26.2,0,54
59,male,3,2,1.88,former,0,0,1,31.4,0,41
49,male,3,5,4.88,never,90,0,0,34.1,0,38
46,male,4,3,NA,current,0,0,0,32.7,0,39
58,male,5,2,1.11,former,0,0,0,34.5,0,39
55,female,5,5,4.34,never,360,1,0,23.7,0,46
63,female,4,1,1.61,former,0,0,0,22.8,1,35
70,female,2,4,1.12,never,1080,1,1,30.1,0,51
59,female,1,5,4.04,former,360,1,0,32.4,0,47
80,female,5,1,0.74,never,0,0,0,25.8,0,43
52,female,4,4,1.65,never,0,0,0,26.3,0,45
61,female,1,1,1.38,never,0,0,0,40.3,0,48
62,female,1,1,NA,never,0,0,0,27.5,0,44
48,male,3,5,4.88,former,90,0,0,27.1,0,59
63,male,4,5,2.29,current,480,1,0,34.7,0,53
54,male,3,4,5,current,0,0,0,27,0,49
40,male,3,5,4.12,never,180,1,0,29.6,0,54
51,male,5,1,0.92,never,0,0,0,19,0,59
79,female,1,1,0.68,never,0,0,1,33,0,47
68,female,1,2,0.67,never,0,0,0,29,0,49
80,female,4,1,2.79,current,180,1,0,31.3,0,47
75,male,4,3,2.61,never,0,0,0,26.3,0,46
54,female,3,4,1.34,current,600,1,1,22.3,0,56
41,female,1,2,NA,never,0,0,0,33,0,49
71,male,3,4,5,former,0,0,0,33.9,0,44
47,female,2,5,5,never,0,0,0,31.7,0,37
42,female,1,1,0.61,never,0,0,0,36.2,0,49
47,female,4,4,3.55,former,360,1,0,27.7,0,37
61,male,1,3,4.87,former,0,0,0,30.3,0,49
49,female,5,1,0.68,never,0,0,0,23.6,0,57
51,female,3,4,5,never,360,1,0,26.3,0,47
60,male,2,3,5,never,720,1,0,32.1,0,46
61,male,1,1,1.99,never,0,0,0,33,0,54
42,female,4,5,1.76,never,60,0,0,38.8,0,51
80,female,3,2,1.27,never,0,0,1,22.7,0,40
80,female,3,4,4.53,never,0,0,1,30.5,0,45
60,female,4,2,NA,former,0,0,0,37.2,0,58
52,female,1,4,2.97,current,0,0,0,40.2,0,45
69,female,3,4,2.02,former,120,0,1,34.8,0,37
50,male,2,4,0.76,current,0,0,0,19.6,0,59
50,female,4,4,NA,never,700,1,0,21.8,0,38
58,female,4,5,5,former,540,1,0,36.9,0,45
66,male,3,5,5,never,240,1,0,35.8,0,48
55,male,5,5,5,never,40,0,0,24.3,0,56
65,male,5,5,5,never,10,0,0,23.9,0,47
74,female,2,3,1.26,former,0,0,1,29.7,0,52
54,female,5,4,NA,never,300,1,0,22.3,0,41
63,female,4,3,0.97,never,0,0,0,37.2,0,43
80,female,3,4,2.19,never,90,0,0,26,0,39
58,female,4,4,0.77,never,0,0,0,27.9,0,36
69,male,5,5,3.22,never,120,0,0,21.1,0,37
48,female,5,5,5,never,0,0,0,35.8,0,43
66,female,2,4,2.12,former,720,1,0,23.9,0,60
59,male,1,1,1.82,never,0,0,0,27.4,0,41
53,male,3,5,5,never,0,0,0,32.2,0,50
45,male,5,3,1.26,current,0,0,0,22.1,0,59
42,female,1,1,0.84,never,120,0,0,25.5,0,40
69,male,4,3,5,former,0,0,0,28.5,0,46
41,male,3,3,0.82,never,135,0,0,37.2,0,40
43,female,4,3,1.19,current,0,0,0,42.7,0,55
70,female,3,5,4.25,never,60,0,1,25,0,39
76,male,4,5,NA,former,1050,1,0,20.3,0,58
66,male,2,5,4.98,former,120,0,0,37.5,1,7
64,female,3,4,5,never,40,0,0,40.6,0,42
69,female,5,3,NA,never,120,0,1,23,0,48
43,female,4,3,NA,never,0,0,0,32.9,0,54
55,male,3,3,2.73,current,0,0,0,26.7,0,48
66,male,2,4,4.21,current,0,0,0,29.4,0,52
47,female,2,2,1.14,never,630,1,0,29.3,0,42
68,female,3,3,4.21,never,120,0,0,32.6,0,53
67,male,5,4,1.93,never,0,0,0,22.3,0,45
41,female,5,5,5,never,360,1,0,20.1,0,47
62,female,2,4,1.24,former,0,0,1,42.5,0,44
70,female,3,3,3.14,former,120,0,0,31.4,0,49
67,male,4,4,2.49,never,0,0,0,31.4,0,45
62,female,3,5,5,never,480,1,1,29.4,0,55
60,female,1,1,5,former,0,0,0,25.7,0,59
56,female,5,5,5,never,1080,1,0,20.2,0,58
54,female,3,3,0,current,0,0,0,31.1,0,41
51,female,4,4,5,current,0,0,0,32.1,0,42
64,male,1,1,1.65,never,1680,1,0,23.2,0,54
71,female,4,5,NA,former,0,0,0,39,0,43
50,male,3,4,1.27,never,0,0,0,33.2,0,40
51,female,2,4,NA,never,0,0,0,33.8,0,42
53,male,4,5,1.77,former,0,0,0,36.1,0,37
61,male,5,3,5,never,0,0,0,23.7,0,57
64,male,3,4,NA,never,780,1,1,36,0,38
60,female,3,3,1.4,never,1800,1,0,50,0,50
53,male,2,1,0.62,former,0,0,0,28.7,0,53
54,female,4,4,4.37,never,450,1,0,33.8,0,51
72,male,3,5,5,never,260,1,0,27.5,0,52
54,male,2,3,NA,former,0,0,0,36.6,0,57
40,male,3,4,0.21,former,360,1,0,25.6,0,46
69,female,1,5,2.2,never,120,0,0,27.8,0,38
73,female,2,1,1.38,never,0,0,0,36,0,57
49,female,2,4,3.7,never,540,1,0,43.5,0,47
68,male,3,4,0.84,current,0,0,0,29.4,1,24
44,female,1,4,1.55,never,360,1,0,22.3,0,59
54,female,4,3,1.22,never,0,0,0,34.8,0,45
70,female,4,4,0.8,former,0,0,0,30.9,0,56
68,female,5,4,NA,never,0,0,0,32.2,0,39
69,male,1,4,5,former,0,0,0,29.3,0,46
70,male,3,5,5,former,360,1,1,28.7,0,48
50,male,5,1,0.18,current,0,0,0,24.7,0,57
41,female,4,4,2.47,never,225,1,0,32,0,52
80,male,3,5,5,never,0,0,1,26.2,1,40
80,male,3,3,4.08,former,390,1,1,26.3,0,49
48,female,4,4,3.29,never,0,0,0,34.9,0,41
53,female,2,3,2.48,never,0,0,0,26.9,0,39
57,male,3,3,2.97,former,0,0,0,34.4,0,49
43,male,1,1,1.24,former,120,0,0,31.2,0,55
66,female,5,4,0.81,never,0,0,0,43.8,0,52
43,female,5,5,5,never,1215,1,0,22.8,0,38
60,male,3,5,NA,current,0,0,0,23.9,0,42
43,male,3,2,0.43,current,0,0,0,26.3,0,60
53,male,4,4,1.19,former,80,0,0,22.6,1,39
54,male,4,2,0.85,current,0,0,0,26.5,0,50
46,female,5,5,0.92,never,0,0,0,29.5,0,47
51,female,3,5,5,former,540,1,0,26.3,0,50
59,female,3,5,5,never,135,0,0,24.3,0,50
58,female,1,1,0.95,never,90,0,0,27.5,0,48
44,male,5,5,5,current,390,1,0,26.7,0,40
52,female,3,2,0.84,current,0,0,0,33.8,0,49
65,female,3,4,3.48,former,70,0,0,34.4,0,56
69,female,4,4,2.2,former,0,0,0,23.4,0,42
52,male,3,4,3.64,never,360,1,0,31.5,0,60
43,male,5,2,1.76,current,0,0,0,24.4,0,37
50,male,5,2,1.03,former,360,1,0,22.1,0,57
71,female,3,3,1.07,never,45,0,1,34,0,44
54,female,2,4,5,never,150,1,0,32.6,0,41
51,female,4,5,NA,never,90,0,0,28.6,0,48
80,male,2,4,5,former,0,0,0,28.4,0,59
57,female,3,4,4.7,current,0,0,0,31.6,0,40
76,male,1,1,1.38,never,0,0,1,38.5,0,48
48,female,5,1,0,never,0,0,0,28.9,0,38
54,female,2,4,2.24,current,0,0,0,23.7,0,44
41,female,5,4,3.92,never,0,0,0,29.2,0,58
69,female,3,3,2.39,former,0,0,0,36.3,0,51
80,male,1,2,NA,never,0,0,0,23.9,0,48
46,female,3,5,2.39,never,180,1,0,29.5,0,55
45,male,4,3,NA,never,330,1,0,30,0,42
48,female,3,3,2.76,never,0,0,0,25.3,0,40
80,female,5,4,2.38,never,270,1,0,26.1,0,55
72,female,2,4,0.57,former,0,0,0,31,0,58
49,male,4,1,NA,current,0,0,1,53.8,0,56
72,female,3,4,1.32,never,0,0,1,33.5,0,37
59,female,1,1,3.09,never,240,1,0,33.1,0,46
63,female,5,5,NA,never,90,0,1,35.4,0,55
63,male,1,1,1.59,current,0,0,0,26.4,0,48
61,female,4,4,0.88,former,0,0,0,30.3,0,45
53,male,4,2,1.79,current,0,0,0,26.2,0,51
75,male,3,4,NA,former,0,0,0,26.2,0,50
43,male,4,3,0,never,0,0,0,25,0,51
46,female,3,4,3.17,current,405,1,0,18.3,0,47
67,female,2,1,0.75,never,140,0,0,27.6,0,44
41,male,4,3,2.26,never,0,0,0,29,0,43
56,female,3,5,5,current,0,0,0,30.6,0,37
70,male,4,4,0.71,current,0,0,1,30.7,0,49
57,female,3,2,0,current,0,0,1,29.5,1,15
54,male,2,4,2.48,current,1200,1,0,29.4,0,38
80,female,4,1,0.87,never,0,0,0,21.7,0,45
71,female,5,4,1.52,never,0,0,0,24.8,0,39
59,male,4,3,2.93,current,30,0,0,25.1,0,58
60,male,2,2,0.6,former,0,0,0,NA,1,35
64,male,1,1,2.23,current,180,1,0,31.8,0,47
43,female,5,4,NA,never,0,0,0,43.6,0,48
44,female,4,5,3.52,never,120,0,0,42.4,0,51
69,female,5,4,1.53,former,30,0,1,36.9,1,29
50,female,2,3,4.25,never,180,1,1,26.5,0,58
47,female,2,1,0.02,current,140,0,0,35.3,0,40
58,female,2,2,1.96,never,0,0,0,31.9,0,44
78,female,3,4,NA,never,0,0,0,31.6,0,41
50,male,2,4,5,never,0,0,0,31.8,0,43
51,male,1,3,0.95,never,840,1,0,35.2,0,60
60,male,3,4,5,former,150,1,0,30.7,0,51
45,male,3,4,2.7,never,0,0,0,27.9,0,55
75,male,3,3,4.71,former,120,0,1,31.2,0,55
42,female,2,4,1.65,never,60,0,1,23.5,0,60
66,male,1,3,1,former,0,0,0,44.6,0,46
62,female,1,2,NA,never,0,0,0,41.2,0,39
61,male,4,2,NA,never,0,0,NA,25.8,0,52
55,male,3,3,NA,former,840,1,0,22.2,0,39
74,female,4,2,0.67,former,0,0,0,33.7,1,31
51,male,1,3,1.41,never,0,0,0,35.2,0,48
72,female,4,3,NA,never,0,0,0,30,0,43
47,male,3,4,5,never,450,1,0,26.2,0,42
56,female,4,3,1.01,current,0,0,0,23.6,0,40
44,male,1,2,1.07,former,0,0,0,32.8,0,41
70,female,3,3,1.47,never,0,0,0,56.6,0,37
63,male,4,5,5,never,0,0,1,27.5,0,45
44,female,1,1,4.52,never,0,0,0,31.2,0,53
62,male,3,5,5,never,180,1,0,22.8,1,6
58,male,5,5,5,never,150,1,0,21.8,0,37
55,female,5,1,2.11,never,0,0,0,29,0,48
66,male,2,5,1.26,never,1080,1,0,34.1,0,45
80,male,3,2,NA,never,240,1,0,28.3,0,37
70,female,2,3,2.5,never,0,0,0,28.2,0,52
48,female,4,4,3.45,never,0,0,0,34.4,0,58
47,male,4,4,1.77,never,840,1,0,27.9,0,45
44,male,2,3,1.47,former,0,0,0,36,0,56
49,male,3,3,5,never,540,1,0,36.7,0,54
47,female,5,4,4.12,never,60,0,0,30.3,0,43
50,male,3,3,3.25,current,180,1,0,24.9,0,43
76,male,3,3,3.68,former,10,0,0,31.2,0,44
45,male,1,3,1.78,never,0,0,0,28.7,0,36
57,male,4,4,0.87,current,0,0,0,21.8,0,39
51,male,5,4,1.03,former,60,0,0,24.8,0,59
70,female,5,3,3.25,never,240,1,0,23.4,0,40
53,female,1,3,1.3,never,0,0,0,28,0,38
43,female,3,4,3.22,never,0,0,0,36.6,0,50
70,female,2,5,3.75,never,135,0,0,30.2,0,50
76,male,3,4,0.67,never,0,0,1,25.2,0,37
78,male,3,2,1.35,never,0,0,1,33.8,0,52
44,female,4,5,5,former,40,0,0,50.8,0,51
49,female,4,5,3.72,never,310,1,0,34.1,0,53
49,male,3,5,4.04,never,0,0,0,29.7,0,37
80,female,3,3,3.39,former,0,0,0,30.8,0,49
57,female,3,5,5,never,600,1,0,31.9,0,40
56,female,4,4,5,former,360,1,0,24.4,0,39
54,female,4,4,1.34,never,0,0,0,35.3,0,51
55,female,1,3,0.88,never,0,0,0,41.7,0,46
52,female,4,5,2.87,never,600,1,0,30.7,0,50
80,male,4,3,3.87,current,360,1,0,20.4,1,17
52,female,4,4,1.87,never,0,0,0,23.8,0,45
57,male,3,4,2.24,never,120,0,0,42.5,0,50
67,female,2,2,1.02,former,210,1,0,57.2,0,59
45,female,1,2,1.54,never,720,1,0,26.5,0,53
57,male,4,3,2.69,current,90,0,0,24.1,0,53
42,female,1,2,0.83,never,270,1,0,34.5,0,54
52,female,4,3,2.31,current,0,0,0,38,0,55
53,female,5,2,1.03,never,100,0,0,21.5,0,57
80,male,3,5,5,former,100,0,0,29.9,0,41
63,female,1,5,3.73,never,0,0,0,32.6,0,54
58,female,4,5,NA,current,0,0,1,NA,0,39
80,female,3,3,2.36,former,0,0,1,17.2,0,38
60,male,1,1,1.28,former,540,1,0,27.9,0,58
80,female,1,1,0.85,current,0,0,0,29.6,0,47
51,male,5,2,4.14,former,0,0,0,35.8,0,54
61,female,3,4,1.75,never,0,0,0,27,0,44
60,male,3,5,5,former,330,1,0,22.5,0,56
65,male,5,5,5,never,280,1,0,20.9,0,47
67,female,4,4,4,former,0,0,0,28.2,0,55
44,male,3,4,3.33,former,20,0,1,50.6,0,39
54,male,4,1,0.56,never,0,0,0,22.9,0,54
73,female,4,2,NA,former,0,0,1,39.3,0,42
43,female,4,4,0.25,current,0,0,1,22.2,0,50
77,female,4,4,1.09,former,0,0,1,31.4,1,19
68,female,3,4,1.9,never,0,0,1,29.3,0,38
80,male,3,3,2.04,former,60,0,1,23.2,1,19
48,male,1,2,5,never,0,0,0,28.5,0,49
43,female,4,4,1.41,never,80,0,0,26.9,0,51
57,male,3,5,0.56,former,420,1,0,26.3,0,55
67,female,2,1,1.29,never,0,0,0,31,0,57
66,male,1,3,4.91,never,0,0,1,35.7,0,38
71,male,1,1,0.65,never,0,0,0,43.3,0,49
42,male,3,3,3.51,former,0,0,0,25.1,0,49
41,female,3,5,5,never,400,1,0,46.8,0,43
58,male,3,3,2.97,former,600,1,0,29.5,0,40
69,male,5,5,3.87,former,420,1,1,33.2,0,51
63,male,4,2,0.17,former,180,1,0,48.9,0,50
63,female,4,3,2.53,former,90,0,1,32.1,0,47
65,female,3,4,1.33,former,75,0,1,21.1,0,51
68,male,2,1,3.83,former,0,0,0,24.5,0,40
55,male,3,4,3.37,never,180,1,0,27.1,0,51
50,male,1,2,NA,current,0,0,1,31,0,58
68,female,2,5,NA,former,690,1,0,37.7,0,38
52,female,2,4,0.75,never,60,0,0,32.4,0,59
68,male,3,5,0.52,former,0,0,1,33.4,0,51
51,female,3,4,1.81,never,0,0,0,33.4,0,55
52,male,1,2,1.02,current,0,0,0,27.5,0,43
52,female,4,3,0.87,former,0,0,0,37.7,0,56
55,female,2,1,2.48,never,0,0,0,30.2,0,46
74,male,1,3,0.97,never,420,1,1,24.8,0,61
71,male,3,4,1.29,former,0,0,1,40.9,0,55
50,male,1,1,2.27,former,0,0,0,32.1,0,40
62,female,4,1,0.76,former,0,0,0,35.3,0,55
80,male,3,5,5,former,150,1,1,28.7,0,55
48,female,5,3,1.85,never,0,0,0,25.8,0,43
58,male,3,3,4.7,never,0,0,1,34.7,0,40
67,female,3,5,1.25,never,60,0,0,29.3,0,51
80,male,3,3,3.4,never,0,0,1,31.3,0,55
46,female,5,5,2.02,current,360,1,0,23.8,0,55
46,female,3,5,1.42,never,0,0,0,28.7,0,47
70,male,3,5,NA,never,180,1,0,29,0,40
72,male,3,5,2.51,never,0,0,0,50.5,0,50
67,female,2,1,1.52,never,0,0,0,29.9,0,49
51,male,5,2,1.07,current,0,0,0,22.5,0,38
80,male,3,3,1.85,former,0,0,0,32.7,0,50
48,female,1,1,0.52,never,0,0,0,31.1,0,49
61,female,5,2,1.14,never,0,0,0,38.7,0,41
65,male,1,1,0.2,former,0,0,0,25.2,0,39
48,female,3,5,5,never,0,0,0,22.4,0,57
70,female,5,4,5,former,0,0,1,25.9,0,49
54,male,3,3,0,current,0,0,0,21.5,0,49
46,female,4,4,3.36,former,330,1,0,21.4,0,37
75,female,4,2,0.81,current,0,0,0,25.8,0,40
75,male,3,4,5,current,0,0,1,25.6,1,16
68,female,4,4,2.62,former,180,1,0,29.6,0,51
46,female,4,5,2.18,never,470,1,0,26.2,0,51
44,female,4,4,2.1,never,150,1,0,40.5,0,58
70,female,3,4,3.37,never,1440,1,1,18.6,0,50
56,female,1,2,2.97,never,0,0,0,34.3,0,54
75,male,5,5,5,former,0,0,1,28.4,0,55
74,male,3,5,4.25,never,0,0,1,26.7,0,48
49,male,4,4,5,never,1080,1,0,39.3,0,51
42,female,5,5,3.29,never,0,0,0,29.4,0,53
49,female,4,2,0.6,current,50,0,0,36.3,0,54
48,female,5,5,1.03,never,0,0,0,21.1,0,58
57,female,5,4,NA,former,30,0,0,47.9,0,39
63,female,2,5,4.65,never,0,0,0,25.8,0,41
80,male,3,5,4.99,former,180,1,0,31.3,0,54
80,male,3,4,1.05,former,420,1,1,28.1,0,56
45,female,3,4,0.97,current,0,0,1,37.2,0,44
49,male,5,5,5,never,360,1,0,23.1,0,42
67,female,2,4,1.96,former,0,0,0,24.5,0,45
57,female,4,2,0.72,current,180,1,0,40,0,45
65,male,1,3,0.82,former,1140,1,0,25.9,0,55
45,male,3,3,5,never,0,0,0,29.1,0,48
45,male,2,5,3.72,former,1020,1,0,27.5,0,49
54,male,1,2,0.94,former,180,1,0,37.5,0,50
41,female,5,5,5,never,120,0,0,18.1,0,46
47,female,3,3,2.53,former,360,1,0,26.7,0,38
50,male,2,4,0.18,never,180,1,0,30.9,0,51
58,female,1,2,NA,never,180,1,1,34.5,0,46
48,male,3,2,0.84,current,0,0,0,22.8,0,48
44,male,4,1,0,current,15,0,1,35.3,0,50
62,male,4,4,2.95,former,0,0,0,29.7,0,39
41,female,2,3,0.56,never,375,1,0,23.7,0,60
74,male,3,5,5,never,0,0,1,30.2,0,50
49,male,1,1,1.23,never,0,0,0,31.1,0,38
55,male,5,5,5,never,720,1,0,24.8,0,55
78,male,4,3,4.37,never,0,0,1,NA,1,19
55,male,3,3,5,never,0,0,0,29.2,0,40
51,male,1,1,0.63,never,0,0,0,26.9,0,48
80,female,2,1,0.9,never,0,0,0,33,0,59
68,female,3,3,1.5,never,0,0,0,49.7,0,52
55,female,3,4,3.14,current,0,0,0,29.1,0,41
78,male,4,5,NA,never,360,1,1,28.3,0,36
51,male,1,5,NA,never,300,1,0,32.9,0,46
56,male,5,4,2.72,former,0,0,0,31.2,0,53
61,female,4,3,1.87,current,120,0,0,32.1,0,39
63,male,2,4,2.82,former,0,0,0,30.7,0,58
70,female,2,5,4.44,never,0,0,1,48.2,0,47
67,female,3,5,5,never,180,1,0,22.7,0,56
53,male,3,5,5,former,0,0,NA,33.8,0,59
74,female,3,3,1.07,never,135,0,1,51.6,0,41
76,female,4,3,0.88,former,0,0,0,NA,0,55
62,female,3,4,3.45,former,0,0,0,23.2,0,49
51,female,1,3,5,current,80,0,0,25.5,0,50
80,female,3,4,NA,never,0,0,0,36.4,0,48
65,female,4,2,NA,current,120,0,1,29,0,53
62,male,1,1,1.1,former,720,1,1,29.3,0,49
47,male,4,2,0.45,current,0,0,0,24.4,0,53
52,female,2,5,2.83,never,0,0,0,29.2,0,47
66,male,4,4,1.25,current,0,0,0,19.1,0,39
74,female,2,1,0.76,never,0,0,1,29.4,0,52
61,female,1,2,1.32,current,0,0,0,34.7,0,53
56,female,1,4,2.74,never,150,1,0,33.7,0,48
46,female,3,5,5,never,180,1,0,21.7,0,55
68,female,2,1,2.58,former,315,1,0,24.8,0,58
61,female,4,5,2.97,never,90,0,0,25.3,0,51
54,male,2,1,1.24,never,240,1,0,37.9,0,57
67,male,3,4,5,former,150,1,1,37.7,0,43
73,male,4,4,1.59,current,0,0,0,19.6,0,37
65,female,4,3,1.78,never,90,0,0,26.5,0,41
66,female,3,5,5,never,0,0,0,31.2,0,47
40,female,1,1,0.11,never,0,0,0,27.5,0,53
48,female,5,3,1.02,never,60,0,0,19.8,0,42
62,male,3,5,2.97,current,0,0,0,33.1,0,55
54,female,4,5,2.26,never,120,0,0,39.8,0,43
71,female,4,1,0.35,never,0,0,0,26.3,0,45
47,female,3,4,1.36,current,40,0,0,35.9,0,44
55,male,5,5,5,never,180,1,0,26.8,0,46
60,male,3,4,4.38,former,0,0,0,41.6,0,55
62,male,4,3,2.79,former,0,0,0,36.4,0,47
50,female,4,5,1.68,never,0,0,0,61.7,0,52
72,male,1,1,NA,current,0,0,0,19,0,44
59,male,3,5,5,former,240,1,0,27.1,0,59
43,female,3,4,5,never,1260,1,0,22.6,0,42
59,male,3,5,2.21,current,240,1,0,20.8,0,39
80,female,2,1,0.68,never,0,0,0,28.7,0,44
52,male,2,2,3.3,never,0,0,0,30.1,0,42
77,male,3,3,1.64,never,0,0,NA,35.2,0,48
60,female,4,4,4.98,never,0,0,0,32.2,0,57
60,male,1,1,1.63,never,0,0,0,26.7,0,42
78,male,3,5,1.66,former,720,1,NA,29.2,0,56
42,female,2,4,2.06,never,0,0,0,25.2,0,44
41,female,1,2,2.84,current,0,0,0,34,0,39
52,female,4,4,1.64,never,120,0,0,32.8,0,38
80,male,3,1,1.61,former,0,0,1,30.2,0,50
64,female,4,4,0.78,former,0,0,1,39.2,0,52
77,female,3,3,2.45,never,0,0,0,29.3,0,48
80,female,3,2,1.7,never,0,0,0,20.3,0,45
53,female,2,3,NA,never,600,1,0,28,0,39
67,female,2,3,1.23,never,0,0,1,27.8,0,36
71,female,1,1,0.98,never,0,0,1,33,0,49
79,female,1,1,0.4,former,0,0,0,35.3,0,48
48,female,4,4,2.82,never,90,0,0,34.4,0,42
75,female,3,3,5,former,90,0,0,24.2,0,56
80,male,4,1,NA,former,0,0,1,25.2,0,51
48,female,4,4,4.12,never,1050,1,1,37,0,38
40,female,4,4,3.09,never,0,0,0,36.5,0,53
57,female,4,4,5,never,0,0,0,26.9,0,52
43,male,5,3,1.84,current,180,1,0,29.7,0,37
50,male,2,5,5,never,360,1,0,33.7,0,44
72,female,1,1,NA,never,0,0,0,29.3,0,46
41,male,3,4,2.95,former,0,0,0,23.1,0,50
46,female,1,1,NA,never,90,0,0,24.8,1,25
61,male,2,4,4.98,former,870,1,0,26.1,0,38
45,male,4,2,0,never,0,0,0,26.1,0,51
41,female,3,5,5,never,480,1,0,22.1,0,60
54,male,3,4,1.84,never,0,0,0,33.6,0,49
60,female,4,3,0.51,current,20,0,1,37,0,59
62,male,3,3,3.77,former,0,0,1,30,0,39
79,female,4,5,0.2,former,150,1,0,30.2,0,47
62,female,1,1,3.45,never,0,0,0,34.4,0,37
67,female,3,2,2.14,former,0,0,1,37.1,0,56
70,male,2,4,0.75,never,0,0,0,28,0,51
70,male,2,2,0.75,never,0,0,0,24.2,0,44
57,female,1,1,0.95,never,0,0,0,32.9,0,59
71,male,3,3,0.46,current,0,0,1,24.9,1,16
59,male,3,3,1.1,current,840,1,0,24.1,0,45
52,male,2,5,5,never,100,0,0,34.1,0,38
59,female,1,1,1.24,never,60,0,0,28.9,0,48
60,female,4,5,3.54,current,0,0,0,34.6,0,38
67,male,1,4,2.09,former,300,1,1,31.4,0,48
61,male,1,3,2.11,former,0,0,0,25.8,0,56
66,female,3,5,5,former,150,1,0,34.6,0,57
69,female,1,1,1.52,never,0,0,1,32.5,0,48
48,female,3,4,3.37,never,0,0,0,36.1,0,51
40,female,3,4,2.26,former,390,1,1,32.3,0,45
60,male,1,4,3.45,never,0,0,0,38.3,0,48
60,female,1,2,3.7,current,0,0,0,27.2,0,57
52,female,1,1,NA,never,0,0,0,27.8,0,57
75,female,3,3,1.69,never,0,0,1,35.3,0,46
57,male,4,4,1.24,former,60,0,0,36.4,0,56
64,female,2,1,0.85,never,0,0,0,44.7,0,57
63,male,4,4,5,current,840,1,0,33.9,0,58
80,male,5,5,NA,never,0,0,1,23.3,0,46
67,female,5,3,NA,never,120,0,1,29.2,0,44
80,male,3,4,2.75,never,60,0,0,26.4,0,50
44,male,3,5,1.65,never,0,0,0,43.7,0,41
74,female,3,4,1.02,never,0,0,1,30.2,1,48
59,male,3,5,0.59,current,0,0,0,35.1,0,51
42,female,1,1,1.26,never,0,0,0,24.9,0,59
65,male,3,4,4.39,current,0,0,1,25.8,0,49
58,male,3,5,5,never,0,0,0,31.3,0,48
60,female,4,4,3.06,former,0,0,0,54.2,0,38
47,male,5,1,0.68,former,60,0,0,23,0,57
72,male,3,4,3.48,former,0,0,0,34,0,39
76,female,1,1,1.96,never,0,0,1,37.6,0,48
54,female,5,5,4.96,never,0,0,1,21,0,56
48,male,3,3,5,former,0,0,1,25.9,0,38
42,female,1,1,0.6,never,0,0,0,30,0,55
65,female,2,4,0.3,never,420,1,0,35.6,0,52
80,female,3,4,5,never,0,0,0,30.3,0,49
73,male,3,4,1.24,former,180,1,1,29.8,0,50
60,female,3,4,NA,current,240,1,1,26.1,0,43
77,female,3,2,1.66,current,210,1,1,20.2,0,49
72,male,3,3,1.51,never,0,0,0,22.3,0,41
65,male,5,3,3.06,former,180,1,0,23.5,0,45
42,male,4,4,5,never,1080,1,0,28.4,0,55
40,female,1,2,NA,never,0,0,0,39.6,0,37
68,female,1,1,0.76,never,0,0,0,40.2,0,48
41,female,3,4,0.82,never,90,0,0,31.7,0,44
46,female,3,3,0.56,former,20,0,1,64.5,0,52
62,male,4,3,NA,never,0,0,0,26.3,0,52
42,male,5,5,5,former,400,1,0,27.5,0,52
61,male,5,2,2.11,former,0,0,0,31.1,0,48
65,female,3,4,NA,never,0,0,0,48.6,0,55
69,female,3,4,NA,former,120,0,0,28.6,0,56
63,female,2,4,5,former,0,0,0,23.1,0,38
54,male,3,2,0.42,current,0,0,0,28.5,0,45
69,female,4,2,0.45,never,0,0,0,48.7,0,55
51,male,2,4,4.72,never,0,0,0,32.5,0,45
47,female,4,2,0.82,current,0,0,0,29.3,1,46
76,male,4,3,2.76,never,0,0,1,30.8,0,55
67,female,1,1,3.47,never,0,0,0,31.2,0,47
64,female,2,3,NA,never,0,0,0,38.3,0,60
46,female,4,5,1.09,never,120,0,0,42.5,0,55
69,female,2,4,0.79,former,0,0,1,29.1,0,53
70,female,4,1,1.23,former,135,0,0,44.7,0,54
51,female,3,2,5,former,80,0,0,39.9,0,57
45,female,2,2,1.6,never,0,0,0,34.1,0,42
71,male,3,3,1.59,former,0,0,0,30.8,0,44
53,female,3,3,0.82,never,480,1,0,28.5,0,56
76,male,5,1,1.36,former,420,1,0,21.6,0,57
42,male,1,1,NA,never,0,0,0,24.8,0,36
59,female,1,2,2.89,never,150,1,1,23.9,0,38
41,male,3,5,5,former,0,0,0,32.9,0,43
42,male,5,5,4.33,former,720,1,0,32.2,0,39
48,female,5,2,NA,never,0,0,0,34.5,0,46
50,female,1,1,0.74,never,210,1,1,30.6,0,52
43,male,5,4,0.85,never,120,0,0,23.2,0,38
64,male,5,5,5,never,0,0,0,24,0,59
51,male,3,4,2.82,former,0,0,0,39.5,0,42
43,female,1,1,0.7,never,0,0,0,28.6,0,58
52,male,3,4,1.87,current,960,1,0,24.9,0,40
77,male,4,3,0.76,former,135,0,0,27.2,0,58
57,female,1,5,5,never,690,1,0,22.8,0,37
44,female,4,4,1.03,never,0,0,0,33.6,0,55
68,male,3,2,1.09,current,120,0,0,26.5,0,54
80,female,3,5,3.37,never,0,0,1,23.8,0,51
61,male,2,2,1.17,never,0,0,0,23.6,0,37
80,female,3,4,1.91,former,210,1,0,20.8,0,49
41,female,5,4,1.27,never,90,0,0,NA,0,56
46,male,1,1,1.38,current,0,0,0,29.2,0,48
74,male,4,5,NA,current,0,0,0,26.3,0,42
73,female,5,4,NA,former,0,0,1,37.9,0,59
77,female,1,1,NA,never,0,0,0,33.5,1,57
68,male,3,4,3.12,former,0,0,1,33.8,0,52
73,male,4,5,5,never,460,1,0,24.6,0,43
45,female,2,3,1.38,never,0,0,0,33.5,0,57
77,female,1,1,0.78,never,0,0,1,27.9,0,49
63,female,5,5,5,current,20,0,0,26.7,0,39
62,female,2,4,1.32,never,0,0,0,19.2,0,52
68,female,2,4,0.57,former,0,0,0,30.9,0,59
40,female,4,5,5,never,360,1,0,33.5,0,49
52,female,2,1,1.27,never,0,0,0,23.7,0,55
42,female,4,4,NA,never,360,1,0,42.5,0,43
58,female,4,4,0.31,current,0,0,0,27.8,0,41
79,female,3,1,1.35,former,0,0,1,38.2,0,40
54,male,4,2,1.68,current,40,0,0,23.6,0,54
76,male,3,5,5,never,390,1,1,23.5,0,54
80,male,1,1,0.65,never,0,0,1,24,0,48
45,female,3,4,2.98,former,0,0,0,56.3,0,52
80,female,3,4,NA,former,630,1,1,25.4,0,37
76,female,1,1,2.47,never,0,0,1,30.9,0,47
60,male,1,3,1.55,former,0,0,0,33.6,0,60
54,female,2,4,2.24,current,60,0,0,29.3,0,44
51,male,5,5,1.65,former,360,1,0,28.8,0,59
50,male,4,3,1.36,current,0,0,0,27.9,0,56
47,male,5,1,0.7,never,0,0,0,24.8,0,39
49,male,5,5,5,never,300,1,0,25.2,0,56
52,female,2,2,0.4,never,0,0,0,56.7,0,50
80,male,3,3,5,never,0,0,0,26,0,48
58,male,1,4,3.7,never,0,0,0,26.7,0,57
79,male,3,4,1.85,former,0,0,1,27.1,0,39
79,female,3,3,1.76,never,0,0,1,28.5,0,49
61,female,4,4,NA,never,180,1,0,49.9,0,51
44,female,3,5,4.41,never,60,0,0,45.2,0,46
53,male,1,3,0.83,current,0,0,0,22.3,0,54
51,male,4,2,3.47,never,120,0,0,30.1,0,43
80,male,3,2,1,former,0,0,0,31.8,1,35
74,male,5,3,0.76,current,0,0,1,29.5,1,37
80,female,3,5,1.56,never,125,0,1,23.4,0,37
46,male,1,2,2.76,never,0,0,0,33.6,0,43
72,male,3,5,1.87,never,225,1,0,28.8,0,55
60,male,5,4,5,never,0,0,0,26.1,0,53
57,female,4,2,0.16,current,0,0,0,23.4,0,51
69,male,2,5,0.59,former,0,0,0,25.7,0,38
61,male,2,5,5,never,180,1,0,28,0,40
51,female,5,5,4.99,current,0,0,1,19.7,0,58
46,female,3,3,2.53,former,0,0,0,34.9,0,37
71,male,3,2,0.13,former,0,0,1,30.6,1,26
58,male,3,4,0.89,current,0,0,0,30.8,0,58
59,female,3,3,2.81,former,0,0,0,36.9,0,49
49,female,3,5,5,never,60,0,0,22.4,0,46
67,male,5,4,2.2,current,0,0,1,27.1,0,56
67,female,4,2,2.4,current,0,0,0,39.9,0,51
41,male,4,2,1.87,current,0,0,0,33.6,0,42
67,female,5,1,0.7,never,0,0,1,31.9,1,41
54,female,5,5,NA,never,0,0,0,24.2,0,57
55,female,5,5,5,never,60,0,0,24.3,0,52
46,female,5,5,5,never,0,0,1,32.3,0,50
48,female,4,3,2.53,never,0,0,0,32.3,0,51
51,female,1,1,1.29,never,0,0,0,34.2,0,59
54,female,3,5,5,former,360,1,0,30.6,0,57
46,female,1,3,2.47,former,0,0,0,36.6,0,49
67,female,4,4,1.25,former,210,1,1,26.7,0,39
62,female,4,2,1.86,never,0,0,0,28.6,0,42
74,female,1,2,0.68,never,0,0,0,31.5,0,49
58,male,3,2,0.79,former,0,0,1,27.3,0,56
44,male,3,5,1.7,former,1200,1,0,28.8,0,55
80,male,3,5,5,never,0,0,1,25.1,0,53
53,female,4,3,5,current,120,0,0,49,0,52
61,male,2,5,NA,former,720,1,0,34.2,0,58
65,female,2,4,3.83,never,0,0,0,31.5,0,41
65,female,2,4,1.12,current,0,0,1,19.5,0,50
73,male,4,4,2.85,former,30,0,0,32.6,0,54
48,male,3,2,1.07,former,0,0,0,29,0,38
51,male,1,1,1.67,never,0,0,0,28.5,0,38
66,female,3,4,4.08,former,0,0,0,39,0,37
53,male,1,1,0.52,never,0,0,0,23.6,0,48
62,male,3,4,0.94,current,210,1,1,44.9,1,43
77,female,5,5,0.35,never,0,0,0,25.1,0,57
54,female,3,5,1.36,never,120,0,0,17.3,0,46
53,female,3,5,5,never,240,1,0,37.9,0,50
80,female,3,4,1.61,never,0,0,1,25.9,1,15
63,male,3,4,0.99,former,480,1,0,32.5,0,52
59,male,2,2,3.09,never,540,1,0,21.8,0,46
51,male,2,5,4.94,never,0,0,0,28.9,0,45
69,female,5,1,0.9,never,420,1,0,22.3,0,43
79,male,3,5,NA,former,120,0,1,28.7,0,43
45,female,4,5,5,never,300,1,0,32.2,0,48
79,male,3,5,5,former,180,1,1,26.9,0,55
45,male,3,5,3.52,never,210,1,0,32.4,0,45
65,female,1,1,NA,never,0,0,0,26.6,0,47
78,female,1,5,2.99,never,0,0,1,35.1,0,48
46,female,1,5,0.59,never,0,0,0,29.6,0,47
49,female,1,1,0,never,0,0,0,31.6,0,59
62,female,4,3,0.7,never,300,1,0,34.7,0,39
48,female,4,3,2.47,never,0,0,0,30,0,54
80,female,3,2,1.16,former,0,0,0,21,1,11
48,female,4,5,3.52,never,1260,1,0,29.3,0,55
48,female,5,4,4.46,never,525,1,0,21.2,0,53
54,male,3,4,0.51,never,90,0,0,24.8,0,42
65,female,3,3,4.08,former,20,0,1,38.3,0,55
56,male,3,4,3.57,former,0,0,0,50.6,0,56
66,male,4,4,3.97,never,300,1,0,26.5,0,53
40,male,4,5,4.22,never,720,1,0,27.4,0,54
42,female,4,4,5,never,90,0,1,44,0,55
61,female,2,5,2.25,current,420,1,0,31.2,0,52
80,male,3,2,1.57,former,0,0,0,30,0,54
72,male,3,4,0.82,never,0,0,NA,38.8,0,40
75,female,3,4,0.92,never,420,1,0,32.9,0,44
44,female,4,4,1.39,never,100,0,0,31.2,0,52
45,female,1,3,3.52,never,120,0,0,30.9,0,48
67,female,1,4,4.27,never,0,0,0,27.4,0,43
60,female,5,4,5,current,0,0,1,23.6,0,54
68,female,3,4,1.02,former,0,0,1,25.5,0,50
54,male,1,4,5,former,1800,1,0,42,0,46
80,male,1,2,5,never,0,0,0,NA,1,4
52,female,5,5,5,never,120,0,0,24.5,0,56
61,female,1,2,1.55,never,60,0,0,31,0,51
80,female,3,4,NA,never,315,1,0,20,0,49
73,female,3,1,1.62,current,0,0,0,32.2,1,7
70,male,3,4,2.2,never,150,1,1,26,0,41
69,female,4,2,4.98,never,140,0,0,30.7,0,43
65,female,4,4,3.79,never,60,0,0,21.2,0,57
50,male,3,2,1.01,former,0,0,0,35,0,39
43,female,1,2,1.07,never,270,1,0,25.9,0,42
68,male,1,4,2.18,former,0,0,0,29,0,44
56,male,5,5,2.24,never,420,1,0,20.2,0,41
80,male,3,2,2.08,never,0,0,1,22.5,1,5
67,female,5,2,1.15,never,0,0,0,15.5,0,44
80,female,3,3,1.02,never,0,0,0,27.8,1,57
61,male,2,5,0.98,former,0,0,1,29.1,0,44
40,female,4,4,1.77,never,0,0,0,29.5,0,53
51,male,5,2,2.69,never,0,0,0,25.9,0,37
59,female,3,4,4.61,never,30,0,0,25.9,0,60
80,male,3,5,1.87,former,0,0,1,26.8,1,26
47,female,3,4,4.48,former,270,1,0,28.1,0,44
71,male,1,1,2.97,former,0,0,0,25.7,0,54
42,male,3,4,2.26,current,180,1,0,31.5,0,44
48,male,5,5,4.95,never,1050,1,0,22,0,41
60,female,3,4,4.67,former,0,0,0,34.3,0,38
62,female,5,3,5,never,180,1,0,20.1,0,38
58,male,2,4,2.39,former,0,0,0,29.6,0,43
55,female,1,3,0.71,former,0,0,0,46.9,0,54
57,male,4,3,3.52,never,240,1,0,24.8,0,56
79,female,2,2,NA,former,0,0,NA,32,0,52
51,female,1,1,0.84,current,100,0,0,33.7,0,56
76,female,1,1,0.74,never,240,1,1,31.5,0,49
80,male,3,3,1.69,former,0,0,0,37.5,1,45
71,female,3,4,2.55,never,0,0,0,23.8,0,46
42,female,4,4,NA,never,0,0,0,27,0,50
73,female,3,4,2.59,never,0,0,1,19.8,0,49
42,male,4,5,5,never,360,1,0,30.4,0,35
70,male,5,5,2.75,never,480,1,0,24.2,0,46
59,male,4,1,4.08,former,0,0,1,19.2,1,11
80,female,3,5,2.06,never,0,0,0,24.8,0,37
62,female,4,4,3.83,former,0,0,1,23.1,0,47
43,female,3,1,0.3,current,0,0,0,22.9,0,60
64,male,4,2,1.78,current,0,0,0,24.6,1,16
64,male,2,5,NA,never,0,0,0,36.5,0,44
57,male,3,5,5,never,60,0,0,21.8,0,50
76,female,3,3,1.26,never,0,0,0,NA,0,55
44,female,3,4,1.1,current,0,0,0,18.9,0,49
41,male,1,1,0.87,former,480,1,0,31.3,0,38
72,female,3,4,3.27,never,360,1,1,21.8,0,43
44,female,1,3,2.33,never,0,0,0,41.8,0,44
44,male,3,4,NA,current,0,0,0,30.9,0,39
72,male,3,3,5,former,0,0,1,26,0,56
58,male,4,2,0.98,current,0,0,1,24,1,15
61,male,3,3,1.57,current,0,0,1,25.7,0,56
63,female,1,4,5,former,0,0,1,29.9,0,54
75,male,5,5,5,never,450,1,0,26.1,0,50
80,male,4,3,1.34,former,0,0,1,32.7,0,51
55,female,2,1,1.23,never,0,0,0,31.6,0,39
78,female,4,4,4.58,never,360,1,0,28.5,0,36
42,male,1,2,2.49,current,0,0,0,20.1,0,45
72,female,1,4,0.15,former,180,1,0,33.6,0,54
64,male,4,2,4.98,never,0,0,1,22.9,0,57
77,female,3,4,1.88,former,180,1,1,22.3,0,55
47,male,3,1,2.51,never,0,0,0,32.9,0,36
60,male,3,5,5,former,40,0,0,31.7,0,51
65,female,3,4,3.43,current,390,1,0,23.2,0,53
77,female,1,3,2.63,never,0,0,1,25.1,1,7
80,female,2,3,1.47,never,0,0,0,23.6,0,56
40,male,5,3,0.93,current,0,0,0,23.8,0,57
48,male,3,4,3.54,never,0,0,0,27.3,0,37
40,male,1,3,2.72,current,120,0,0,27,0,43
69,male,4,4,NA,former,90,0,0,24.7,0,52
60,female,2,5,5,never,60,0,0,34.2,0,51
80,male,3,4,2.4,never,0,0,1,26.4,1,11
40,female,3,4,1.65,current,0,0,0,38.8,0,44
60,male,3,4,5,former,120,0,0,26.8,0,37
78,female,1,5,2.82,never,660,1,0,29.4,0,48
47,female,4,4,5,never,250,1,0,25.6,0,37
80,male,4,3,2.18,never,0,0,1,26.1,1,17
40,female,1,4,1.23,never,0,0,0,28.4,0,53
80,female,1,1,NA,never,0,0,1,35.3,0,49
67,female,3,5,5,former,200,1,0,29.4,0,49
58,female,2,3,2.08,current,0,0,0,34.8,0,50
75,female,1,4,1.05,never,840,1,0,26,0,46
44,male,3,5,4.94,never,110,0,0,30.1,0,58
50,female,5,3,NA,never,0,0,0,19.7,0,44
41,male,1,1,1.47,former,0,0,0,23.8,0,59
47,male,4,5,3.52,never,0,0,0,32,0,50
61,female,5,5,4.03,never,150,1,0,20.1,0,44
49,female,4,4,1.94,never,0,0,0,43.3,0,40
63,male,3,5,1.27,never,0,0,0,22.8,0,41
59,male,3,5,1.14,never,120,0,1,27.3,1,18
61,female,3,5,NA,current,0,0,1,21.3,0,55
40,female,5,2,1.24,never,0,0,0,19.5,0,45
44,male,4,3,0.08,never,360,1,1,32.2,0,55
49,female,3,4,5,never,0,0,0,28.6,0,51
43,female,4,5,3.72,former,290,1,0,27.7,0,56
50,male,3,1,1.08,current,0,0,0,26.1,0,51
57,male,5,3,5,never,0,0,0,25.5,0,41
65,female,3,4,2.74,never,0,0,1,24.9,0,47
51,female,5,3,1.07,never,0,0,0,23.6,0,56
44,female,3,5,5,never,0,0,0,22.6,0,54
52,male,3,5,NA,never,1080,1,0,30,0,41
80,male,5,3,2.38,former,0,0,0,29.1,1,39
42,female,1,4,0.89,never,390,1,0,49.5,0,49
41,male,4,3,2.04,current,60,0,0,23.3,0,57
51,male,1,1,0.74,never,60,0,0,30.3,0,52
41,female,3,4,1.86,never,135,0,0,32.7,0,48
42,female,4,1,1.48,never,0,0,0,19.6,0,57
57,male,3,4,5,former,180,1,0,30,0,44
43,male,4,3,0.32,current,0,0,0,28.6,0,57
59,male,4,4,NA,current,1260,1,0,28.7,0,42
44,female,5,5,5,never,200,1,0,24.6,0,36
70,female,4,2,0.99,current,0,0,0,36.8,0,47
56,female,2,4,2.82,former,0,0,0,20.5,0,60
41,male,5,5,5,never,360,1,0,22.6,0,55
72,female,3,4,2.55,never,60,0,0,36.6,0,54
43,female,5,5,NA,never,0,0,0,22.1,0,56
58,male,3,4,2.04,current,0,0,0,20.9,0,40
68,female,4,4,NA,former,900,1,1,27.9,0,38
66,male,4,3,1.26,current,0,0,0,28.1,0,39
68,male,2,5,5,former,0,0,0,31.1,0,44
73,female,2,2,1.23,former,0,0,0,24.2,0,36
53,male,4,2,0.04,current,0,0,0,30.6,0,43
68,female,4,3,0,current,0,0,0,28.5,0,49
80,male,3,4,1.73,former,0,0,0,27.7,0,49
63,female,4,3,1.01,never,0,0,0,31.5,0,39
55,female,4,5,4.96,never,60,0,0,46.5,0,39
62,female,5,2,1.03,never,0,0,1,21.3,0,58
55,male,3,5,5,former,190,1,1,28.5,0,56
55,male,5,5,4.96,never,600,1,0,26.7,0,56
59,male,5,4,0.13,former,420,1,0,22.8,0,42
72,male,5,4,1.05,former,0,0,1,31.8,0,44
80,female,3,3,NA,former,0,0,1,28.3,0,40
61,female,3,3,1.82,former,0,0,0,25.8,0,54
61,male,3,3,3.37,former,0,0,1,34.6,1,14
44,male,5,5,5,never,175,1,0,31.7,0,43
61,male,2,4,1.49,never,0,0,0,30.6,0,44
40,female,4,5,2.28,never,40,0,0,35.2,0,39
57,female,4,2,1.27,current,0,0,1,16.7,0,51
49,male,2,4,1.73,current,120,0,0,26.1,0,45
50,male,3,4,0.85,current,20,0,0,44.2,0,45
80,male,3,5,1.44,former,0,0,NA,21.7,0,51
74,female,3,2,2.51,former,0,0,1,28.2,0,55
44,female,2,4,4.78,never,0,0,0,31.3,0,43
43,female,5,4,2.97,never,0,0,0,29.1,0,42
56,female,2,3,2.8,current,840,1,0,32,0,45
74,male,3,4,0.75,never,0,0,1,32.8,0,41
70,male,2,1,1.48,never,0,0,0,29.4,0,54
61,female,1,5,1.51,never,0,0,0,32.5,0,48
73,male,1,1,0.47,former,90,0,1,28.8,1,1
61,female,2,3,0.85,never,60,0,0,27,0,44
69,male,1,1,1.5,former,0,0,0,31.6,0,47
40,female,1,3,0.98,never,270,1,0,29.6,0,45
48,female,2,5,3.3,never,90,0,0,32.9,0,43
72,male,3,3,1.35,current,0,0,1,38,0,39
53,female,1,4,0.75,never,0,0,0,35.9,0,44
40,female,3,4,2.24,former,600,1,0,27.8,0,49
47,male,4,3,1.76,never,180,1,0,43.7,0,51
46,female,3,5,5,never,840,1,1,27.8,0,51
53,female,2,4,1.76,never,0,0,0,37.1,0,45
62,female,1,3,1.26,never,0,0,0,43.1,0,59
74,male,3,4,1.27,never,0,0,0,19.4,0,42
48,female,3,4,2.08,never,90,0,0,22.6,0,43
64,female,2,2,0.75,never,0,0,1,28.2,0,45
47,male,3,3,5,former,0,0,0,29.4,0,42
80,female,3,4,5,former,0,0,1,33.3,0,55
44,male,5,5,5,never,180,1,0,19.4,0,46
61,female,3,4,0.76,former,1260,1,0,24,0,52
51,male,5,1,0.94,never,0,0,0,26.5,0,52
61,male,4,4,0.99,never,0,0,0,22.4,0,55
65,male,4,4,5,never,0,0,0,25.8,0,39
65,male,3,5,3.3,never,0,0,1,28.9,0,39
80,male,3,2,2,former,0,0,1,32.4,1,5
68,female,2,2,1.16,never,0,0,0,31.1,0,57
54,male,2,5,2.83,never,0,0,0,24.1,0,47
63,male,2,2,1.87,former,0,0,0,38,0,59
48,female,4,2,0,never,0,0,0,27.2,0,56
80,female,3,5,2.46,former,0,0,0,28.5,0,40
45,male,5,5,2.55,former,90,0,0,29.4,0,39
60,male,3,3,5,never,0,0,0,30.4,0,55
62,female,2,1,1.49,never,90,0,0,41.2,0,38
69,male,2,3,0.68,current,0,0,1,33,0,44
42,female,2,5,2.6,never,810,1,0,20.6,0,37
50,female,2,2,0.43,never,0,0,0,50.3,0,41
52,female,4,5,3.22,never,180,1,0,28.8,0,46
53,female,4,3,2.29,current,0,0,0,25,0,54
55,female,3,3,2.56,current,0,0,0,24.6,0,45
46,female,4,5,5,never,1440,1,0,24.2,0,51
46,male,4,4,1.01,former,270,1,0,25.2,0,58
64,male,2,2,1.33,former,0,0,1,33.4,1,11
53,female,1,3,NA,never,0,0,0,38.9,0,45
47,female,3,4,5,never,0,0,0,33.9,0,42
54,female,2,4,3.72,former,70,0,0,25,0,36
80,male,3,5,3.37,former,135,0,1,27.5,0,50
77,male,3,4,5,current,0,0,1,22.5,0,53
49,female,5,2,1.03,never,0,0,0,22.9,0,58
66,female,2,4,2.27,former,0,0,0,28.1,0,58
73,female,4,2,0.64,current,0,0,0,31.1,0,43
61,female,4,4,1.35,never,0,0,0,39.3,0,55
49,male,3,5,5,never,0,0,0,24.9,0,51
59,male,4,4,4.46,former,0,0,0,46.9,0,40
63,female,3,4,2.2,former,0,0,0,34,0,42
63,male,1,1,2.89,former,0,0,0,NA,0,60
65,female,5,4,1.71,never,0,0,1,35.6,0,39
76,female,4,5,5,never,0,0,0,33,0,43
45,female,3,4,5,never,360,1,1,26.2,0,36
68,female,3,4,2.36,never,0,0,0,22.5,0,49
55,male,3,2,1.01,current,0,0,0,35.7,0,39
65,male,3,3,1.82,current,180,1,1,29.6,0,39
79,male,3,4,1.68,former,0,0,1,24.2,0,47
73,male,1,3,1.63,never,560,1,0,31.1,1,41
78,male,3,5,1.58,never,0,0,1,31.5,1,44
55,male,5,3,3.09,former,0,0,0,39.5,0,56
61,male,1,4,2.74,former,1200,1,0,30.7,0,37
58,male,3,4,5,former,0,0,1,25.1,0,56
71,male,4,4,3.12,current,0,0,0,35.9,0,50
80,female,5,4,5,former,0,0,0,27.8,0,53
80,female,3,3,NA,never,0,0,0,27.2,0,50
46,female,1,1,1.41,former,0,0,0,37.7,0,48
58,female,5,4,1.88,current,210,1,1,24.5,0,45
40,male,4,5,1.84,never,290,1,0,34.7,0,46
75,female,3,4,NA,current,0,0,1,33.5,0,49
80,female,3,3,4.25,former,0,0,1,26.1,1,50
80,male,5,1,NA,never,0,0,0,26.3,0,44
80,female,3,3,2.27,former,60,0,0,27.1,0,55
61,female,1,1,0.02,never,210,1,0,30.8,0,39
62,female,1,3,2.01,never,0,0,1,51.6,0,59
74,female,3,4,0.13,never,40,0,1,46.8,0,36
73,male,3,3,NA,never,0,0,0,23.7,0,50
59,male,5,5,NA,former,200,1,0,26.6,0,58
61,male,4,4,1.58,former,60,0,0,28.4,0,39
66,female,1,3,1.13,former,0,0,0,29.4,0,58
80,female,3,4,NA,former,0,0,0,32.8,1,33
59,male,2,3,3.7,never,420,1,0,28.8,0,47
63,male,4,2,3.28,current,0,0,0,21.4,0,39
55,female,3,2,1.03,former,60,0,0,28.9,0,38
50,female,1,5,4.46,former,900,1,0,19.4,0,47
48,female,2,2,4.22,former,0,0,0,37.9,0,38
73,female,3,5,5,former,490,1,1,29.9,0,54
45,female,4,5,2.56,never,90,0,0,27.3,0,55
54,male,3,3,5,current,0,0,0,26.4,0,49
72,female,2,1,0.89,never,0,0,1,19.1,0,43
80,male,3,5,0.67,former,960,1,0,22.2,0,59
61,male,4,3,5,never,60,0,0,40.2,0,57
56,female,3,5,5,never,390,1,0,33.4,0,58
68,female,5,3,3.4,never,0,0,0,30.2,0,37
44,female,3,4,2.2,current,0,0,0,26.9,0,42
52,female,3,5,5,never,300,1,0,24.1,0,43
52,female,5,4,0.75,never,0,0,1,NA,0,53
75,female,2,3,1.49,former,0,0,0,36.6,0,60
52,female,3,4,3.77,current,0,0,0,25.7,0,40
65,male,2,3,0.7,former,90,0,1,35.9,0,44
71,male,4,3,NA,former,0,0,1,25.5,1,57
58,female,3,3,5,never,0,0,0,20.3,0,49
52,female,2,4,1.95,never,0,0,0,36.8,0,52
45,male,4,5,1.31,never,0,0,0,25.7,0,50
58,female,4,5,5,former,1080,1,0,38.1,0,54
51,male,5,5,3.43,former,0,0,1,33.7,0,51
61,male,2,1,1.9,never,0,0,0,30.8,0,44
66,female,1,1,1.76,former,0,0,0,25,0,47
45,female,1,2,1.76,never,240,1,0,27.9,0,55
77,male,3,3,1.13,former,0,0,1,28.7,1,40
71,female,1,4,0.5,former,0,0,1,32.5,0,47
63,male,4,3,1.74,never,0,0,0,24.1,0,40
54,male,5,5,1.99,former,40,0,0,26.3,0,53
51,female,1,4,NA,current,0,0,0,42,0,52
48,male,2,3,2.68,never,0,0,0,34.6,0,45
49,female,3,5,5,former,410,1,0,23.2,0,43
64,female,3,1,1.06,never,0,0,0,27.8,0,54
46,female,1,1,NA,never,180,1,0,35.5,0,38
61,male,1,4,5,former,0,0,0,35.1,0,54
56,male,3,4,1.19,never,0,0,1,40.1,0,55
44,female,4,3,1.86,never,0,0,0,39.1,0,42
61,female,2,4,NA,never,180,1,0,30,0,40
54,female,1,4,2.76,former,0,0,0,32.1,0,43
60,male,4,2,0.59,current,180,1,0,25.6,1,32
41,male,4,5,5,never,280,1,0,26.2,0,41
54,female,4,4,4.48,never,135,0,0,26.8,0,56
74,male,1,1,0.73,former,1650,1,0,27.9,0,47
53,female,3,2,0.89,current,60,0,0,24.5,0,59
47,male,2,5,3.54,former,0,0,0,41,0,56
80,female,4,1,1.22,never,0,0,0,30.2,0,39
44,female,4,5,5,never,60,0,0,38.2,0,52
51,male,4,5,5,never,180,1,1,26.2,0,56
65,male,3,4,3.68,never,120,0,0,32,0,41
62,male,1,5,1.55,never,0,0,0,27.5,0,50
80,female,5,4,4.42,never,60,0,1,23.6,0,41
55,male,3,4,5,never,720,1,0,31.1,0,41
71,male,3,5,5,never,270,1,0,33.5,0,50
52,male,4,4,5,never,240,1,0,41.1,0,58
71,male,5,3,2.64,current,0,0,1,35.3,0,39
46,male,1,1,0.31,former,0,0,0,31.3,0,55
59,male,4,3,3.05,never,0,0,0,30.1,0,51
63,male,3,4,1.01,former,80,0,0,35.3,0,50
46,male,4,3,2.38,never,0,0,0,34.6,0,44
50,female,5,2,NA,never,120,0,0,31.8,0,51
59,female,2,4,3.42,former,125,0,0,32.3,0,38
64,male,5,3,1.43,current,150,1,0,18.3,0,38
77,female,4,1,NA,never,0,0,0,NA,0,50
40,female,1,4,2.68,never,900,1,0,52.8,0,37
63,male,4,4,1.87,former,0,0,0,27.4,0,38
43,female,1,2,1.13,never,0,0,0,37.1,0,38
54,male,2,4,2.52,former,420,1,0,29.1,0,58
65,male,5,5,0.68,never,300,1,1,23.9,0,46
48,female,3,5,5,former,270,1,1,29.9,0,47
70,female,1,1,0.06,never,0,0,0,26.2,0,48
43,male,1,1,0.78,never,315,1,0,31,0,53
53,female,4,4,0.63,former,45,0,0,35.5,0,52
60,male,2,4,1,never,0,0,1,35.7,0,59
51,female,4,5,4.98,never,0,0,0,32.5,0,43
43,male,2,2,1.68,current,840,1,0,27.7,0,47
42,male,2,2,1.26,former,0,0,0,37,0,49
44,female,3,3,2.64,former,0,0,0,38.6,0,50
77,female,3,4,2.09,never,150,1,1,21.7,0,54
41,male,3,1,3.52,former,120,0,0,23.3,0,37
44,female,3,5,1.02,former,40,0,0,31.7,0,45
60,male,4,5,5,current,0,0,0,27.9,0,53
66,male,1,4,NA,never,1200,1,0,23.4,0,60
44,female,3,3,1.59,never,180,1,0,28.6,0,57
80,female,4,1,4.48,never,0,0,0,29.1,0,58
63,female,5,4,5,never,0,0,1,17.4,0,49
51,female,4,4,NA,never,0,0,0,28.2,0,56
80,male,3,4,1.69,former,0,0,1,33.3,1,24
50,male,3,2,5,former,0,0,0,24.8,0,50
44,male,5,5,1.73,current,480,1,0,29.8,0,45
48,male,5,4,NA,never,0,0,0,30.7,0,48
62,male,4,4,0.27,current,105,0,0,27.7,0,39
72,male,1,4,0.84,current,0,0,1,36.7,0,46
46,male,1,3,NA,current,0,0,0,23.3,0,49
62,male,2,4,5,never,120,0,0,37.2,0,51
78,male,1,1,0.9,never,0,0,1,25.6,1,14
68,male,1,1,1.05,former,0,0,0,29.2,1,46
65,male,3,5,5,former,540,1,1,27,0,45
45,female,5,5,5,never,120,0,0,26.3,0,48
65,female,2,1,1.58,never,0,0,0,40.2,0,40
61,male,3,4,1.18,current,0,0,1,33.4,1,28
43,female,3,4,2.09,former,0,0,0,27.6,0,54
45,female,5,5,5,never,390,1,0,25.3,0,53
80,female,3,4,1.85,never,2040,1,1,26.9,0,55
51,male,5,4,1.98,former,60,0,0,29.4,0,51
55,male,3,2,4.21,current,0,0,0,22.4,0,38
63,male,4,2,2.99,former,0,0,1,34.9,1,30
67,female,1,2,0.62,never,0,0,0,21.5,0,45
61,male,1,1,0.56,current,0,0,0,33.5,0,48
57,male,4,5,2.46,never,0,0,0,34.9,0,37
52,male,4,4,5,never,0,0,0,35.7,0,53
67,female,3,3,0.72,former,0,0,0,28.4,0,36
53,female,2,3,0,never,0,0,NA,19.6,0,40
43,female,5,4,1.54,current,0,0,0,21.1,0,48
41,male,5,5,2.02,current,300,1,0,23.1,0,38
40,female,1,3,1.14,never,0,0,0,29,0,38
41,male,3,4,4.46,current,300,1,0,18.6,0,43
58,male,1,1,NA,never,0,0,0,37.4,0,38
80,male,3,2,1.68,former,0,0,0,34.9,0,38
63,female,4,4,2.17,never,0,0,0,43,0,39
74,male,3,3,1.66,former,60,0,1,34.7,0,37
48,female,3,5,4.94,never,330,1,0,25.2,0,58
46,male,5,4,1.86,never,720,1,0,23.5,0,48
54,female,1,2,3.07,never,225,1,1,41.8,0,45
57,male,4,5,3.37,current,0,0,0,42.6,0,51
49,female,2,5,1.26,never,0,0,0,32.2,0,42
51,female,3,5,5,former,225,1,0,31.5,0,36
46,female,4,5,1.12,never,0,0,0,40.1,0,52
76,male,4,5,5,never,40,0,0,31.6,0,45
60,female,1,1,0.75,never,0,0,0,48.1,0,41
40,male,4,5,3.3,never,240,1,0,36.3,0,55
59,female,4,4,4.39,never,0,0,0,32.1,0,44
73,female,2,1,0.59,former,0,0,1,26.9,0,45
56,female,3,4,2.15,former,0,0,1,31.7,0,58
41,female,4,3,0.82,current,0,0,0,49.5,0,49
46,female,3,3,2.07,never,0,0,0,39.8,0,44
43,female,5,4,NA,never,0,0,0,19,0,53
80,male,3,4,2.2,former,0,0,1,27.9,0,49
64,female,1,2,0.58,never,0,0,0,39.2,0,48
77,male,4,1,1.79,former,0,0,0,22.6,0,51
47,male,3,3,5,never,0,0,1,35.6,0,49
45,female,4,5,NA,current,180,1,0,45.2,0,52
66,female,2,2,NA,never,0,0,0,35.7,0,43
50,female,1,1,0.62,never,0,0,0,34.7,0,40
65,male,3,1,0.71,current,0,0,0,25.5,0,45
41,male,3,2,0.54,current,70,0,1,23.3,0,41
43,female,2,1,NA,never,150,1,0,23.9,0,42
68,female,2,3,NA,current,0,0,1,27.9,0,56
68,male,1,5,2.08,never,330,1,0,28.6,0,37
52,male,5,3,1.57,current,240,1,0,26.9,0,38
69,male,4,4,4.99,former,1080,1,1,25.7,0,54
80,male,1,5,4.16,never,720,1,0,29.7,1,22
62,female,1,2,0.51,current,0,0,0,24.5,0,46
80,female,3,4,NA,former,0,0,0,24.9,0,43
42,male,2,5,2.6,never,1260,1,0,25.7,0,53
80,male,3,3,NA,former,0,0,1,27.5,0,39
54,female,2,4,2.39,former,0,0,0,40.3,0,43
74,female,4,1,1.64,never,420,1,0,37.6,0,52
65,female,2,1,NA,never,0,0,0,26.1,0,58
70,female,4,5,NA,never,1320,1,0,30.7,0,55
62,female,3,3,1.1,current,0,0,0,43.8,0,58
55,male,2,3,5,former,600,1,0,38.8,0,58
80,male,3,5,2.82,former,240,1,1,21.5,0,39
45,female,5,1,1.38,never,0,0,0,22.5,0,58
53,female,4,1,0.55,never,0,0,0,45.6,0,52
78,male,2,4,4.71,former,0,0,1,32.3,0,48
53,male,3,5,5,never,120,0,0,48.2,0,50
60,female,1,3,2.11,never,0,0,0,28.6,1,7
80,female,5,1,0.68,never,0,0,0,37.7,1,47
49,male,5,4,5,never,40,0,0,28.4,0,55
41,female,3,4,1,current,0,0,0,25.6,0,55
43,female,5,5,5,never,150,1,0,22.6,0,59
80,female,4,4,2.57,never,0,0,0,29.4,0,55
53,female,1,2,NA,never,160,1,0,30.4,0,39
72,male,2,1,1.13,former,840,1,0,28.6,0,44
40,male,2,4,2.62,never,60,0,0,33.5,0,37
80,female,4,5,5,never,540,1,0,22.8,0,53
44,male,5,5,0.7,never,0,0,0,34,0,54
72,female,4,3,1.27,never,0,0,0,29.3,0,41
54,male,2,3,NA,never,300,1,0,31.2,0,37
46,male,1,2,0.84,never,450,1,0,29.9,0,41
70,female,4,4,0.75,current,0,0,0,29,0,46
80,female,3,5,4.42,never,0,0,1,30.6,1,40
43,male,5,4,1.07,never,60,0,0,36.6,0,44
60,male,4,2,0.59,current,20,0,0,32.4,0,56
80,male,3,4,NA,former,0,0,1,32,0,38
46,male,4,2,0.56,never,900,1,0,21,0,51
58,male,4,4,5,former,540,1,0,25.2,0,56
41,male,4,2,2.56,never,0,0,0,22,0,37
80,male,3,1,1.23,former,0,0,1,31.8,1,18
59,male,4,5,5,former,0,0,0,39.2,0,44
75,female,2,1,0.07,never,0,0,0,44.7,0,56
60,female,3,5,5,former,0,0,0,25.5,0,43
80,female,3,4,NA,never,0,0,0,23.1,0,45
69,male,4,3,5,former,0,0,0,26.5,0,53
50,female,1,3,4.61,never,120,0,0,37,0,56
48,female,3,5,5,former,390,1,0,22.3,0,58
46,female,5,4,2.47,never,0,0,0,31.1,0,37
71,male,2,1,0.68,former,0,0,1,25.4,0,51
42,male,4,3,3.31,current,0,0,0,30.5,0,42
68,female,1,3,3.14,current,0,0,0,35.4,0,53
55,female,3,3,2.12,current,0,0,1,23.6,0,48
49,male,5,5,2.46,never,1080,1,0,NA,0,53
42,female,4,3,1.15,former,0,0,0,32.1,0,44
60,male,1,2,1.96,former,0,0,0,32.8,0,54
80,male,3,2,1.87,former,0,0,1,22.9,1,29
47,female,5,2,0.64,never,0,0,0,24.3,0,56
50,female,5,3,0.08,current,0,0,0,23.4,0,50
65,male,5,1,0.51,never,1080,1,0,23.3,0,52
66,female,5,4,0.94,never,30,0,0,23.7,0,38
47,male,2,5,5,former,360,1,0,24.7,0,46
60,female,1,1,2.79,former,0,0,0,32.7,0,44
51,female,5,2,0.2,never,0,0,0,22.8,0,54
41,male,3,3,2.46,never,240,1,0,30.6,0,44
48,female,3,3,5,current,0,0,0,32.2,0,49
58,male,3,2,0.92,current,0,0,0,25.4,0,39
60,male,1,2,1.1,never,0,0,1,34.7,0,58
42,female,5,4,NA,never,0,0,0,28.9,0,49
78,female,3,4,1.69,never,0,0,0,46,0,47
51,female,1,3,1.29,never,300,1,0,33.7,0,39
55,male,3,5,5,former,510,1,0,26.2,0,37
47,male,1,4,2.18,never,270,1,0,30.8,0,43
57,female,3,5,NA,never,900,1,1,22.4,0,38
63,male,5,2,2.47,current,0,0,1,23.4,0,58
59,female,3,5,5,never,240,1,0,26.5,0,50
72,male,4,5,4.12,never,840,1,0,25.5,0,52
57,male,4,3,2.89,former,180,1,0,23.8,0,37
58,female,1,3,5,never,0,0,0,29.8,0,45
51,female,2,4,0,never,0,0,1,32,0,54
71,male,2,2,1.05,former,0,0,0,29.1,0,52
64,female,5,4,1.9,never,0,0,0,22.5,0,48
44,male,4,5,5,never,40,0,0,32.5,0,42
46,female,5,3,0.88,never,0,0,0,24.5,0,58
74,female,5,5,NA,never,0,0,0,37.9,0,52
60,female,3,3,4.39,current,0,0,1,24.2,0,49
48,male,3,4,0.95,former,0,0,0,31.6,0,54
79,male,4,1,1.68,current,0,0,0,17,0,44
63,female,3,4,4.78,never,0,0,0,35.4,0,49
48,female,2,4,0.65,never,0,0,0,31.9,0,56
65,male,2,1,1.23,never,0,0,0,27,0,37
66,male,4,1,0.31,current,0,0,0,32,1,33
59,female,4,5,5,never,0,0,0,23.4,0,46
53,male,5,3,1.07,former,0,0,0,27.9,0,56
55,female,2,5,NA,never,0,0,0,33.6,0,57
80,female,3,2,NA,never,0,0,1,28.6,1,33
70,male,3,5,3.62,never,180,1,1,33.4,0,53
47,male,5,5,1.09,never,240,1,0,30.2,0,38
59,female,1,3,1.42,never,0,0,0,38.9,0,59
50,male,4,5,5,current,0,0,0,18.1,0,45
80,male,5,3,2.76,never,270,1,1,28,0,36
73,male,2,1,2.64,never,0,0,1,26.7,1,19
75,female,4,4,1.88,never,270,1,0,23.8,0,43
55,female,2,4,2.31,never,120,0,0,30.5,0,48
58,female,2,4,1.36,never,0,0,0,31.2,0,55
48,female,4,5,5,never,900,1,0,22.9,0,56
57,female,3,4,3.99,never,0,0,0,33.2,0,44
80,female,3,4,2.68,never,0,0,0,22.5,0,38
80,female,3,3,5,never,0,0,1,28.6,0,37
76,female,1,4,NA,former,300,1,1,35,0,46
53,male,2,3,1.76,former,720,1,0,28.4,0,44
55,female,3,4,3.3,current,180,1,0,39.3,0,55
64,male,1,1,1.51,former,180,1,0,30.7,0,43
80,female,3,3,2.1,never,0,0,1,19.6,0,51
70,male,1,1,3.16,former,0,0,0,30.7,0,55
51,male,1,4,4.52,never,0,0,0,35.4,0,54
78,female,3,1,5,never,0,0,1,25.3,0,54
66,male,2,3,0.3,never,140,0,1,28.3,0,52
80,male,4,4,1.33,never,1140,1,0,28.1,0,49
49,female,3,5,4.93,never,150,1,0,21.9,0,58
51,female,5,4,2.24,never,420,1,0,24,0,41
48,female,3,4,0.72,current,0,0,0,21,0,37
63,female,1,4,2.18,never,120,0,0,25.2,0,46
62,female,2,3,NA,never,0,0,0,44.1,0,59
60,male,2,1,2.09,current,0,0,0,21.8,0,48
80,male,3,4,5,former,480,1,1,22.8,1,18
48,male,4,5,2.88,never,0,0,0,34.5,0,44
80,male,1,5,1.05,former,180,1,0,21.5,1,28
80,male,1,3,2.99,former,360,1,0,27.2,0,48
80,female,3,4,5,former,0,0,1,20.6,0,53
80,female,3,4,1.91,never,0,0,0,19.5,0,49
42,female,1,5,2.82,never,360,1,0,38.4,0,48
68,female,2,5,0.7,never,0,0,0,37.5,0,50
44,female,3,2,1.83,current,0,0,0,23.2,0,46
66,male,5,4,1.88,current,0,0,1,31.1,1,51
79,female,3,1,1.87,never,30,0,0,21.5,0,37
45,female,3,4,1.58,current,0,0,0,34.5,0,60
66,female,3,2,1.82,former,0,0,1,36.3,0,40
49,male,4,1,0.52,never,0,0,0,31.2,0,51
62,female,1,3,1.93,former,225,1,0,29.6,0,60
75,male,4,2,0.81,former,0,0,0,28.1,1,32
59,male,3,5,5,current,240,1,0,23,0,43
80,male,3,4,5,former,0,0,1,24.3,0,37
47,female,5,3,2.06,never,0,0,0,22.5,0,42
60,female,2,5,0.31,never,180,1,0,30.1,0,45
60,male,4,5,5,never,360,1,0,24.9,0,38
42,female,4,3,0.95,current,90,0,1,27.1,0,41
49,female,4,1,2.21,never,0,0,0,25.8,0,52
44,male,1,5,2.64,never,120,0,0,25.2,0,36
72,male,3,5,4.53,never,420,1,1,17,0,50
47,female,3,5,5,former,360,1,0,22.6,0,58
64,male,4,2,2.87,never,0,0,0,NA,0,51
49,female,1,1,0.42,never,135,0,0,30.1,0,39
56,female,4,5,5,never,0,0,0,30.6,0,40
41,male,4,3,2.18,current,0,0,1,25.7,0,44
64,female,3,3,5,never,120,0,0,26.4,0,39
63,female,1,2,0.89,never,0,0,0,40.5,0,49
58,female,3,4,1.43,former,200,1,1,37.2,0,45
55,male,4,3,NA,current,900,1,0,26.4,0,38
46,male,4,5,NA,never,240,1,0,26.9,0,38
58,female,3,5,5,never,360,1,1,27.6,0,48
57,male,3,4,1.31,former,0,0,1,36,0,46
71,male,4,3,0.35,current,0,0,1,25.9,0,55
69,female,3,5,4.12,never,120,0,1,22.1,0,51
55,female,4,5,5,never,900,1,0,25.8,0,37
72,female,3,5,5,never,330,1,0,25.2,0,52
66,male,4,4,1.59,current,0,0,1,33,1,14
45,female,3,5,4.04,never,0,0,0,23.7,0,36
66,male,2,2,1.47,former,0,0,0,32.5,0,44
60,male,3,5,2.18,current,0,0,0,33,0,51
57,female,4,3,1.98,current,0,0,0,37.5,0,46
61,male,4,4,2.55,former,180,1,1,25.2,1,13
48,female,5,5,5,never,720,1,0,21,0,49
46,female,1,5,5,never,0,0,0,36.6,0,45
50,female,4,3,2.49,never,360,1,1,31.9,0,59
54,male,3,5,5,never,600,1,0,29.1,0,49
51,female,4,5,1.98,former,60,0,0,32.3,0,52
41,male,2,3,0.99,never,540,1,0,55.4,0,56
67,male,5,3,NA,current,84,0,0,26.4,0,37
43,male,2,5,2.67,never,120,0,0,27.6,0,48
45,female,5,3,0.74,never,0,0,0,34.7,0,44
58,male,3,4,NA,former,60,0,0,26.4,0,58
55,male,4,3,2.1,current,1680,1,0,33.3,0,51
51,female,4,2,NA,current,120,0,0,21.3,0,41
80,male,3,3,NA,former,0,0,1,26.7,1,50
80,male,4,1,0.83,never,0,0,0,33.5,1,29
61,male,3,4,0.93,never,0,0,0,27.7,0,50
42,male,2,3,0.74,current,720,1,0,28,0,44
80,female,3,1,NA,never,0,0,1,35.6,0,46
61,male,4,2,0,current,0,0,0,26.9,0,50
67,female,2,3,0.84,former,360,1,1,39.6,0,44
63,male,2,3,0.88,current,0,0,0,29,0,59
40,male,3,2,1.37,current,0,0,0,21.6,0,51
50,female,2,1,0.59,never,0,0,1,38.6,0,45
59,male,5,5,2.93,never,0,0,0,25.5,0,53
70,male,1,5,0.64,former,0,0,0,51.8,0,49
40,male,3,2,1.85,former,0,0,0,31.3,0,39
40,male,3,4,0.25,current,240,1,0,26,0,55
49,female,5,4,0.84,current,180,1,0,22.4,0,45
76,male,1,4,4.59,never,60,0,0,30.3,0,54
66,female,3,4,4.06,never,60,0,0,26.6,0,38
54,female,3,3,4.22,never,90,0,0,29.2,0,54
65,female,4,5,NA,never,180,1,0,29.4,0,51
59,male,1,1,3.98,former,0,0,0,26.2,0,54
73,male,3,3,0.92,former,0,0,1,31.6,1,22
66,male,3,5,4.08,never,0,0,1,34.7,0,55
51,female,1,2,1.49,former,0,0,0,43.5,0,46
75,female,4,4,3.37,current,690,1,0,28.3,0,39
70,male,1,1,0.82,never,0,0,0,31,0,42
42,female,1,3,1.44,current,30,0,0,28.6,0,58
65,female,4,1,0.95,never,0,0,0,35.5,0,57
78,female,1,1,2.47,never,0,0,0,41.9,0,49
40,male,3,4,4.16,never,540,1,0,30.1,0,50
75,male,1,1,NA,never,0,0,1,28.8,0,45
56,female,4,4,1.26,current,0,0,1,29,0,38
61,female,1,3,0.99,never,0,0,0,20.9,0,50
61,male,2,4,0.6,former,0,0,1,31.8,0,44
66,female,2,1,0.92,never,0,0,0,33.2,0,40
65,male,4,5,3.43,former,0,0,1,31.8,0,38
72,female,3,3,4.71,former,180,1,0,63.6,0,54
65,male,4,1,0.82,current,150,1,0,28.1,1,23
40,female,1,5,3.91,never,0,0,0,27.4,0,44
47,female,2,5,2.48,former,3120,1,0,24.4,0,52
80,male,1,1,0.5,former,0,0,0,27.5,0,59
41,male,4,3,1.6,current,0,0,0,37.5,0,38
64,female,4,5,5,never,270,1,0,29.2,0,45
40,male,3,4,5,former,210,1,0,27.3,0,42
59,male,3,1,1.69,former,0,0,1,41.6,0,38
49,female,2,3,1.24,never,30,0,0,28.5,0,43
56,female,3,4,5,never,0,0,0,30.6,0,56
61,male,3,5,5,never,0,0,0,32.2,0,46
61,female,5,3,0.74,former,0,0,1,42.6,0,50
80,male,3,4,1.52,former,0,0,0,25.6,0,42
63,male,5,4,1.53,current,0,0,0,29,1,50
80,female,3,3,2.12,never,1080,1,1,28.2,0,40
63,male,1,3,1.07,former,0,0,0,28.2,0,39
69,male,1,2,0.92,former,0,0,1,NA,1,7
72,male,3,4,1.26,former,0,0,0,35.2,0,40
74,male,1,2,1.54,former,180,1,0,26.2,0,46
56,male,4,3,2.11,never,1080,1,0,24.3,0,53
50,male,3,5,2.69,never,0,0,0,28.2,0,36
80,female,3,4,NA,former,0,0,1,25.3,1,24
60,female,2,3,NA,NA,360,1,1,26.7,0,48
41,male,3,4,5,never,520,1,0,35.1,0,42
63,female,3,1,1.14,former,0,0,0,27.4,0,37
58,female,3,4,2.02,former,0,0,1,35.8,0,49
57,male,4,4,2.72,never,0,0,0,33.5,0,46
42,female,4,4,1.58,never,0,0,0,43.4,0,43
63,female,4,3,1.18,former,150,1,0,36.1,0,52
56,male,4,5,3.22,current,0,0,1,28.8,0,46
61,female,1,1,0.94,former,100,0,0,39.2,0,47
61,male,1,3,1.93,never,90,0,0,31.1,0,58
72,female,1,1,1.63,never,0,0,0,31.4,0,38
80,male,3,3,1.49,former,0,0,1,26.6,0,51
73,male,3,5,5,never,120,0,1,23.4,0,49
48,female,3,4,1.46,current,0,0,0,27.6,0,51
60,male,4,5,2.97,never,40,0,NA,32.8,0,58
67,female,1,1,0.04,current,0,0,0,26,0,59
69,male,1,3,2.59,never,0,0,0,34.2,0,48
64,male,3,4,2.27,never,0,0,1,30.1,0,37
50,male,4,4,2.38,former,135,0,0,35.5,0,46
51,male,3,3,1.51,current,0,0,0,18.9,0,40
57,male,4,2,NA,former,0,0,0,25,0,38
59,female,3,5,3.23,former,0,0,0,25.3,0,40
55,male,4,4,5,never,0,0,0,25,0,39
69,male,3,4,2.39,former,0,0,1,38.5,0,51
64,male,3,2,2.81,current,0,0,0,24,0,49
40,female,1,1,NA,never,0,0,0,29.1,0,38
63,male,1,2,0.94,former,0,0,1,29,0,48
48,female,3,4,5,never,135,0,0,27,0,54
77,male,3,4,1.15,former,0,0,0,37.2,0,41
47,female,4,4,1.92,never,0,0,0,24.5,0,36
47,female,4,4,NA,never,0,0,0,34.8,0,36
47,male,2,4,3.72,former,0,0,0,16,0,36
40,female,1,1,0.21,never,0,0,0,41.9,0,38
71,female,3,3,1.68,current,0,0,1,21.3,0,58
64,female,5,5,5,never,0,0,0,31.1,0,56
64,male,1,1,0.98,current,180,1,0,26.1,0,49
63,male,2,5,3.33,former,0,0,0,29.8,0,46
80,female,2,1,1.06,never,0,0,0,28.1,0,44
42,female,1,5,2.31,former,200,1,0,35.3,0,50
75,female,5,4,NA,never,0,0,0,29.1,0,43
49,female,5,3,1.32,never,0,0,0,21.9,0,50
80,female,4,1,0.21,former,120,0,0,32.3,1,35
80,female,1,3,NA,former,0,0,0,33.4,0,56
77,male,3,4,1.53,never,0,0,0,33.8,1,46
80,female,3,5,4.25,never,320,1,1,21.8,0,38
62,male,1,2,0.63,current,0,0,0,35.8,0,60
57,female,3,5,5,never,180,1,0,31.8,0,43
57,male,5,3,2.74,never,1564,1,0,28.7,0,54
63,female,4,4,1.94,never,0,0,0,27.8,0,55
64,female,5,1,1.26,never,0,0,0,25.3,0,56
45,male,5,5,3.29,never,210,1,0,24.3,0,52
62,male,4,4,2.34,current,0,0,0,NA,0,44
53,male,3,4,2.64,never,60,0,0,21.9,0,49
80,male,2,1,0.94,never,0,0,0,29.4,0,52
80,male,5,1,0.72,current,0,0,0,23.7,0,43
50,female,2,3,2.31,never,50,0,0,29.1,0,56
80,female,1,4,1.44,never,60,0,NA,28.5,0,59
80,female,4,4,0.65,former,0,0,0,24.1,0,43
63,male,3,4,1.01,never,0,0,0,26.7,0,51
50,male,3,4,5,former,40,0,0,40.1,0,38
42,male,2,5,3,never,180,1,0,25.9,0,51
68,female,2,1,0.49,never,0,0,0,20,0,45
45,female,3,3,0.21,current,90,0,0,24.8,0,39
68,male,3,4,0.92,current,0,0,1,25.1,1,43
65,male,2,1,1.49,never,0,0,0,25.8,0,38
68,male,4,1,0.95,current,0,0,0,29.5,0,57
44,female,1,5,2.61,never,180,1,0,25.2,0,48
57,female,4,4,0.89,current,0,0,0,28.9,0,57
55,female,2,3,NA,never,0,0,0,35.5,0,44
62,male,1,1,0.17,never,0,0,1,29.1,0,47
59,male,1,2,0.42,former,0,0,0,34.6,0,55
54,male,3,4,NA,never,540,1,0,32.9,0,46
40,female,5,4,5,never,60,0,0,25.1,0,59
80,male,3,4,3.39,never,0,0,1,25.9,0,49
57,male,1,3,1.03,former,0,0,0,29.3,0,54
40,male,4,4,0.26,current,0,0,1,21,1,35
80,female,3,3,0.96,never,0,0,0,22,1,28
55,female,3,2,1.01,never,0,0,0,33.1,0,51
64,male,4,5,NA,never,120,0,0,24.9,0,37
43,female,2,5,3,never,0,0,0,36.6,0,51
46,male,4,4,3.43,never,180,1,0,47.2,0,42
41,female,3,3,5,current,270,1,0,34.7,0,38
69,female,3,3,5,never,0,0,0,25,0,56
47,female,3,4,2.82,current,0,0,0,44.7,0,56
54,male,4,3,2.88,former,0,0,0,33,0,36
66,female,3,4,NA,former,600,1,0,22.9,0,49
49,male,3,3,4.54,current,240,1,0,33.4,0,50
54,female,2,3,2.11,former,180,1,0,31.3,0,47
80,male,3,5,3.11,never,0,0,1,30.3,1,43
80,male,3,4,1.74,former,45,0,1,32.2,0,49
58,female,5,3,3.14,current,0,0,0,24.8,0,56
45,male,1,1,1.41,never,0,0,0,20.8,0,37
57,female,4,4,4.21,never,180,1,0,32.4,0,51
63,female,5,1,0.75,never,0,0,0,32.8,1,49
47,male,4,2,1.34,current,0,0,0,24.8,0,41
42,male,4,4,5,never,180,1,0,31.4,0,56
59,female,3,5,1.58,never,0,0,0,32,0,41
80,female,4,3,1.04,never,210,1,0,35,0,52
57,female,3,5,5,former,810,1,1,24.8,0,55
54,female,1,2,2.11,never,0,0,0,41.3,0,56
59,female,4,4,1.23,never,0,0,0,32.1,0,46
55,female,3,4,3.62,former,60,0,0,49.8,0,38
40,female,3,5,5,never,0,0,0,26.7,0,51
45,female,1,4,5,never,150,1,0,33.8,0,59
80,male,4,4,1.43,former,0,0,1,18.2,0,43
41,male,4,5,1.39,former,0,0,0,33.2,0,52
48,male,5,1,0.95,current,0,0,0,18.6,0,58
45,female,3,4,1.65,never,0,0,0,41.6,0,41
43,female,2,4,NA,never,1440,1,0,24.2,0,51
65,male,1,1,0.51,former,0,0,0,30.7,0,56
79,male,3,4,NA,former,360,1,1,35.8,0,46
52,female,3,4,2.64,never,0,0,1,26.5,0,49
76,female,3,5,5,never,0,0,0,26.9,0,50
65,male,2,3,0.57,former,0,0,1,36.7,0,60
62,female,1,3,2.13,never,0,0,1,25.6,0,57
50,male,3,5,5,former,180,1,0,31.4,0,55
56,male,3,1,1.48,current,60,0,0,29.5,0,39
65,female,2,3,1.01,never,1620,1,0,24.5,0,48
66,male,4,5,5,former,0,0,0,26.9,0,52
72,male,3,2,2.2,former,60,0,1,28.7,0,40
49,female,1,5,0.3,never,0,0,0,29.8,1,35
58,male,3,5,4.68,former,60,0,0,37,0,49
80,male,3,4,1.63,former,0,0,1,31.2,0,50
72,male,3,4,1.52,current,1260,1,0,25.6,0,50
59,male,4,3,5,former,1560,1,0,30.9,0,46
49,female,3,4,5,never,660,1,0,18.8,0,52
46,male,3,3,0.96,current,300,1,0,42.9,1,19
62,female,1,1,NA,current,0,0,0,37.8,0,48
40,male,5,5,5,never,630,1,0,27.2,0,44
69,male,3,5,5,never,300,1,0,25.7,0,55
74,male,3,5,NA,never,0,0,1,35.3,0,43
80,female,5,3,0.03,never,0,0,0,44.2,0,49
63,male,2,4,2.78,never,0,0,0,25.3,0,37
79,female,3,4,4.96,never,240,1,1,30.5,0,51
56,female,5,5,5,never,20,0,0,32.1,0,45
40,male,5,5,2.98,former,360,1,0,23.2,0,56
48,female,2,1,0.26,never,0,0,1,30.6,0,59
80,male,3,1,1.56,former,0,0,0,30,1,17
65,male,4,3,2.47,former,180,1,1,28.5,0,58
80,male,3,5,3.14,former,0,0,1,27.3,0,40
80,female,1,1,NA,never,0,0,0,32.5,0,47
54,female,1,3,NA,former,0,0,0,26.2,0,55
55,female,2,3,2.46,never,0,0,0,37,0,60
55,male,4,4,0.34,never,120,0,0,26.6,0,39
70,female,3,4,3.37,never,360,1,0,27.7,0,38
80,male,3,4,2.68,former,0,0,0,37.5,0,37
55,male,5,2,1.14,never,480,1,0,28.1,0,41
52,female,1,2,0.72,never,0,0,0,31.1,0,55
62,male,4,3,2.4,current,360,1,1,27.3,0,51
61,female,2,4,NA,never,0,0,1,18.7,0,36
50,female,1,4,2.99,never,160,1,0,31.7,0,53
40,male,4,4,1.01,never,2100,1,0,23.7,0,48
62,male,1,3,2.44,never,0,0,0,31.1,0,44
80,male,3,3,1.24,former,0,0,1,36.3,1,34
58,male,1,1,NA,current,90,0,0,36,0,53
55,male,1,1,1.51,current,0,0,0,26.6,0,38
56,female,4,5,5,current,0,0,0,30.2,0,45
71,male,5,2,NA,current,105,0,0,19,0,36
41,male,5,2,1.67,never,1125,1,0,23.9,0,58
79,male,4,1,0.87,former,0,0,0,22.2,0,45
51,female,4,5,NA,never,90,0,0,36.4,0,52
51,female,5,2,1.03,never,0,0,0,22.5,0,57
55,female,1,2,3.3,never,300,1,0,27.1,0,57
42,female,3,2,1.25,current,30,0,0,41.9,0,40
80,female,5,5,NA,never,30,0,1,16.5,0,44
63,male,2,1,5,former,0,0,0,53.6,0,57
70,female,4,5,5,former,100,0,0,28.8,0,44
80,male,3,3,1.21,never,0,0,0,20.2,1,9
51,female,3,4,5,never,0,0,0,26.5,0,48
80,female,4,4,0.88,never,0,0,1,29.2,0,43
64,female,3,1,1.06,never,0,0,1,34.6,0,36
79,female,3,3,NA,never,0,0,1,32.6,0,42
70,male,3,4,1.5,never,0,0,0,25.5,0,49
60,male,1,1,0.7,never,210,1,0,30.9,1,16
43,male,3,4,NA,current,0,0,0,31.8,0,45
80,male,4,4,1.02,current,120,0,1,22.6,0,58
69,female,3,4,0.93,never,0,0,1,35.2,0,38
67,female,2,1,5,never,0,0,0,30.3,0,57
68,male,1,1,0.85,never,0,0,0,30.3,0,60
80,female,3,4,2.1,never,40,0,0,24.9,0,43
80,female,3,3,1.1,never,0,0,1,25.8,0,49
56,female,1,3,2.27,never,0,0,0,36.8,0,40
51,male,5,2,2.67,former,0,0,1,22.1,0,43
60,female,3,5,5,never,120,0,0,23.3,0,52
65,female,1,2,1.59,current,0,0,0,30.3,0,48
56,male,5,4,0.81,current,20,0,0,30.1,0,42
78,male,2,4,0.37,never,0,0,0,21.4,0,53
49,male,4,4,3.54,current,0,0,0,47,0,40
60,female,3,5,3.43,never,1080,1,0,21.8,0,38
80,female,5,1,3.07,never,0,0,0,21,1,5
59,female,3,5,1.76,former,40,0,1,25.8,0,42
54,male,3,3,3.74,former,0,0,1,24.9,0,49
60,female,3,5,1.87,current,120,0,0,19.5,0,49
45,female,4,5,1.31,never,0,0,0,24.7,0,43
42,female,5,5,NA,never,150,1,0,20.7,0,38
45,female,1,3,0.74,never,180,1,0,27.1,0,44
42,male,4,5,3.6,never,225,1,0,30.2,0,56
73,male,3,1,1.61,former,0,0,1,26.8,0,49
44,male,3,3,3.89,former,0,0,0,31.8,0,50
61,female,4,5,0.73,never,0,0,0,29.9,0,36
56,male,3,5,5,current,60,0,0,NA,0,41
55,male,4,3,5,never,0,0,0,41.2,0,43
49,male,5,5,5,never,120,0,0,25.9,0,52
73,female,1,1,0.49,never,0,0,0,32.7,0,53
46,male,3,4,5,former,840,1,0,35.6,0,42
51,female,3,1,1.75,former,0,0,0,33,0,45
43,male,5,3,0.79,former,225,1,0,26.8,0,55
76,male,3,5,1.05,never,90,0,0,17.6,0,38
65,male,4,5,2.62,current,40,0,1,26.5,0,49
67,male,3,1,4.46,former,0,0,1,23.7,0,36
61,female,5,5,5,never,0,0,0,21.7,0,38
64,male,3,3,3.62,former,0,0,0,28.7,0,36
80,male,3,5,1.57,former,0,0,0,28.4,1,28
40,male,5,1,1.27,former,90,0,0,23,0,56
57,male,3,3,2.23,current,0,0,0,21.2,0,38
72,male,1,1,1.32,former,0,0,0,38.1,0,60
54,female,5,5,5,never,60,0,0,37.7,0,44
63,male,3,4,1.75,former,0,0,0,32.4,0,44
80,male,3,5,4.84,never,180,1,1,22.5,1,13
41,female,4,4,1.19,never,0,0,1,26.6,0,46
53,female,3,2,1.35,current,0,0,0,32.2,0,39
57,male,1,2,NA,never,90,0,0,31.7,0,58
54,female,2,3,3.92,never,0,0,0,22.8,0,38
41,male,5,4,1.34,never,60,0,0,21.3,0,60
57,female,4,2,1.1,current,0,0,0,27.4,0,52
47,female,5,5,5,never,0,0,0,31.1,0,49
48,male,5,5,5,never,480,1,0,26.4,0,57
41,female,1,1,0.8,never,840,1,0,29.3,0,55
47,female,4,4,1.76,never,20,0,0,29.1,0,52
40,male,4,4,2.67,never,20,0,0,27.8,0,41
53,female,2,5,4.04,never,360,1,0,21.7,0,53
47,male,1,2,2.48,former,180,1,0,26.2,0,47
72,female,4,4,0.59,never,90,0,0,30,0,43
60,female,2,1,1.09,never,0,0,1,33.4,0,46
48,male,3,3,1.26,never,0,0,0,34.2,0,39
57,male,3,2,2.1,current,0,0,1,21.9,0,38
71,male,5,5,1.74,former,0,0,1,NA,1,34
57,male,2,5,5,former,900,1,0,29,0,57
53,male,5,3,1.58,never,0,0,0,23.5,0,56
56,female,3,4,1.03,current,0,0,0,24.6,1,20
70,female,1,1,0.73,never,480,1,0,30,0,47
44,male,1,3,0.59,former,0,0,0,26.3,0,48
72,female,4,5,5,former,60,0,0,23.3,0,59
60,female,5,2,0.68,never,250,1,0,27.8,0,48
60,male,2,1,1.13,never,1680,1,0,25.8,0,42
45,male,5,4,2.55,never,0,0,0,29.1,0,42
61,male,3,2,0.02,former,0,0,0,24.5,0,57
80,female,3,1,0.88,never,0,0,1,23.3,0,50
47,female,1,3,0.99,never,540,1,0,30,0,57
60,female,5,4,3.98,never,100,0,0,31.5,0,58
42,male,3,2,1.86,never,0,0,0,30.1,0,39
65,female,3,4,0.9,current,0,0,0,25.6,0,41
57,female,5,5,2.93,never,240,1,0,29.5,0,52
58,male,5,5,5,never,140,0,0,26.6,0,56
69,male,1,1,1.52,current,0,0,1,28.7,0,48
57,female,3,4,4.28,never,960,1,0,21.8,0,53
48,female,4,2,0.71,never,210,1,0,32.4,0,44
69,female,3,4,1.77,never,0,0,1,33.2,0,51
55,female,1,4,0.97,current,0,0,1,34.5,0,53
45,male,1,4,3.45,never,0,0,0,39.8,0,48
62,male,3,3,3.4,current,0,0,1,26.2,0,48
63,female,3,3,4.94,former,54,0,0,45.4,0,46
54,female,2,1,4.23,former,0,0,0,31.4,0,40
66,male,2,3,5,former,0,0,1,28.8,0,44
63,male,3,5,5,never,0,0,0,32.8,0,49
70,male,4,2,3.03,current,0,0,1,24.2,1,19
78,male,4,2,NA,NA,30,0,0,26.6,0,39
49,female,4,5,5,never,0,0,0,23.5,0,36
66,female,1,4,2.12,never,420,1,0,27.4,0,42
52,male,5,3,0.94,current,0,0,0,24.1,0,37
67,male,5,2,1.24,never,0,0,0,24.3,0,59
60,male,2,5,1.26,current,0,0,0,25.3,0,44
42,male,5,4,2.06,never,1200,1,0,43.9,0,55
73,female,4,5,2.88,never,630,1,0,29.8,0,43
64,male,1,2,0.88,former,250,1,0,25.2,0,49
54,female,3,2,0.75,former,240,1,1,23.9,0,50
68,female,3,5,3.82,never,120,0,0,26.5,0,53
74,female,5,5,5,never,180,1,0,31,0,55
80,female,2,3,NA,never,0,0,0,26.1,0,43
51,female,3,5,4.38,never,0,0,0,48.2,0,43
52,male,3,3,4.93,never,0,0,0,29.6,0,55
65,female,3,5,2.12,former,60,0,0,31.9,0,44
45,male,1,5,2.82,current,240,1,0,25.8,0,48
51,female,2,5,NA,former,1920,1,0,23.8,0,57
80,female,3,5,3.01,never,0,0,1,20.6,0,49
55,female,4,4,1.23,former,210,1,1,35.1,0,55
40,male,1,3,2.79,former,120,0,0,33.6,0,44
50,female,4,5,5,never,615,1,0,33.5,0,52
61,female,3,4,5,former,180,1,1,36.4,0,48
80,female,3,3,1.69,never,0,0,1,29.8,0,38
43,male,4,5,4.12,never,180,1,0,34.9,0,56
79,female,3,3,NA,never,360,1,0,19.5,0,55
52,female,2,5,1.76,never,0,0,0,31.3,0,46
44,male,4,3,2.14,former,420,1,0,30.2,0,40
72,male,3,5,1.19,former,150,1,0,24.5,0,40
80,female,4,1,1.86,never,0,0,0,30.1,0,42
67,male,2,5,NA,former,120,0,1,25.1,0,60
58,male,2,3,NA,former,0,0,0,22.9,0,45
75,male,3,3,3.58,former,450,1,1,40.3,0,37
75,female,3,4,1.81,former,400,1,0,21.4,0,51
46,male,3,5,4.41,never,945,1,0,28.1,0,48
52,male,2,1,0.62,never,420,1,0,33.4,0,54
80,female,3,1,NA,never,0,0,1,34.7,0,45
52,male,2,3,5,former,90,0,0,32.6,0,57
80,male,3,1,1.87,former,0,0,1,19.2,0,36
64,male,3,5,5,never,0,0,1,54,0,39
68,female,1,1,0.97,never,60,0,1,30.8,0,61
64,female,3,3,3.12,never,120,0,1,26.9,0,52
40,male,2,3,3.79,current,0,0,0,25.1,0,53
51,female,4,4,2.38,former,0,0,0,64.5,0,46
65,male,2,1,2.23,never,0,0,0,41.5,0,37
74,male,1,1,0.53,current,0,0,1,23.9,1,12
70,male,4,4,4.39,former,365,1,0,30.2,0,39
54,male,3,5,5,never,300,1,0,31.7,0,55
80,female,3,5,5,former,120,0,1,27.2,0,53
74,female,3,4,1.77,former,0,0,1,34.7,1,29
72,female,5,1,0.81,never,0,0,1,22.6,0,44
60,male,1,2,1.99,former,360,1,0,34.6,0,60
79,male,3,5,5,former,480,1,1,28.1,0,42
53,male,5,3,NA,current,180,1,0,20.5,0,51
63,female,3,4,1.2,former,0,0,1,NA,0,55
61,male,4,2,0.41,current,0,0,1,28.4,0,51
80,male,3,1,0.85,never,0,0,1,29.3,1,34
53,female,3,4,5,former,150,1,0,30.5,0,37
51,female,2,5,5,never,135,0,0,20.9,0,43
52,female,5,3,1.03,never,0,0,0,22.3,0,59
75,female,4,4,NA,current,0,0,0,26.8,0,39
49,male,5,4,0.4,current,0,0,0,27,0,47
40,female,4,5,3.3,never,0,0,0,28.2,0,55
61,male,2,5,5,former,0,0,1,43.2,0,42
42,female,1,5,5,never,640,1,0,24.5,0,45
52,male,4,4,NA,never,720,1,0,28.6,0,37
49,female,1,1,0.98,never,0,0,0,30.6,0,41
67,female,3,5,3.45,never,480,1,1,25.9,0,56
41,male,4,4,3.14,former,0,0,0,36.6,0,54
46,male,2,3,2.06,current,0,0,0,27.8,0,50
59,male,1,3,2.11,former,0,0,0,29.1,0,45
74,male,3,5,1.49,never,0,0,1,20.6,0,49
55,female,4,2,0.94,current,0,0,0,32.7,0,38
69,female,1,1,NA,current,0,0,0,24.1,0,44
49,male,4,2,2.98,never,0,0,0,23.5,0,45
80,male,3,3,1.02,former,0,0,0,20.5,0,40
43,male,3,3,3.62,current,0,0,1,42,0,52
42,male,4,3,2.19,former,40,0,NA,27.9,0,55
59,male,2,5,1.61,current,0,0,0,28.5,0,46
73,male,4,4,NA,former,455,1,0,35.1,0,38
56,female,3,5,5,never,40,0,0,29.6,0,43
55,female,3,5,4.39,former,225,1,0,29.6,0,41
44,female,3,5,5,never,0,0,0,29,0,43
49,female,5,5,3.49,never,0,0,1,23.1,0,46
50,male,3,4,3.27,never,0,0,0,29.3,0,54
54,male,5,4,1,former,0,0,0,28.3,0,37
56,male,4,5,5,never,540,1,0,31.5,0,56
48,female,3,5,5,never,225,1,0,23.4,0,39
64,female,4,5,NA,never,240,1,1,36.7,0,44
45,female,3,4,1.75,current,0,0,0,44.6,0,45
56,male,3,1,0.7,current,0,0,NA,27,0,56
59,male,1,1,1.26,never,30,0,0,26.8,0,50
56,female,1,1,3.98,never,660,1,0,30,0,52
40,female,2,3,0.58,never,0,0,0,29.9,0,58
79,male,3,1,1.43,former,0,0,1,33.7,0,45
67,male,4,2,0.89,current,0,0,0,18.6,0,50
63,female,1,2,0.4,never,0,0,0,38.3,0,60
56,female,3,3,5,current,0,0,0,33.7,0,51
47,female,4,4,2.38,never,180,1,0,20,0,44
58,male,3,4,4.71,current,0,0,1,32,0,48
71,female,5,1,1.67,never,0,0,0,24.9,0,58
52,female,4,4,5,never,300,1,0,38.9,0,43
63,female,2,5,2.65,current,0,0,0,22.2,0,51
66,female,1,4,NA,never,0,0,0,28.6,0,46
74,male,5,5,5,never,255,1,1,23.2,0,46
46,male,5,5,3.15,never,0,0,0,15.1,0,49
64,female,4,2,1.1,never,0,0,0,67.3,0,45
68,male,3,3,3.37,former,0,0,0,27.6,0,44
76,male,3,4,5,former,120,0,0,32.5,0,58
74,male,4,1,1.09,former,0,0,1,26.5,0,38
62,female,3,4,1.95,never,0,0,0,21.5,0,48
61,female,1,2,1,never,240,1,0,26.7,0,48
51,female,3,4,4.96,current,0,0,0,28.1,0,51
64,male,5,2,1.06,never,0,0,0,NA,0,43
62,female,3,5,0.72,current,0,0,0,28.9,0,53
72,female,2,1,NA,former,0,0,0,28.6,0,52
46,female,1,3,4.96,never,90,0,0,30.2,0,46
44,female,4,4,3.37,never,60,0,0,44.1,0,39
47,female,1,2,1.64,former,0,0,1,32.5,0,37
80,female,3,2,1.61,current,0,0,0,21.6,0,54
48,male,5,4,1.84,never,0,0,0,24.1,0,52
56,female,4,4,5,current,310,1,0,38.1,0,43
64,female,3,5,5,never,1020,1,0,20.4,0,39
52,female,3,4,1.99,former,0,0,0,40.9,0,55
80,male,3,5,5,former,980,1,1,25,0,55
44,female,2,4,1.26,never,0,0,0,33.2,0,45
59,female,3,3,1.11,former,0,0,0,28.6,0,40
60,female,1,3,1.1,never,0,0,0,27.2,0,60
55,female,3,4,1.6,current,120,0,1,22,0,43
69,female,3,1,0.58,former,0,0,0,33.7,0,45
73,female,4,4,4.38,never,660,1,0,22.9,0,53
76,male,4,5,4.24,former,0,0,1,29.6,0,44
80,female,3,1,0.99,never,0,0,1,26.4,0,50
51,female,1,4,1.49,former,0,0,0,27.6,0,43
69,female,1,4,NA,former,0,0,0,37.2,0,43
46,female,4,3,0.49,never,0,0,0,21.2,0,49
63,female,4,4,1.23,current,0,0,0,18.4,0,45
70,male,3,3,1.82,never,0,0,0,41.4,0,54
48,female,2,3,NA,never,210,1,1,32.8,0,40
80,female,3,1,3.86,never,180,1,1,36.3,0,49
51,female,2,3,2.82,never,450,1,0,27.7,0,40
40,male,5,5,4.12,never,420,1,0,28.9,0,46
56,male,5,3,2.48,current,0,0,0,21.3,0,46
46,female,5,1,1.19,current,0,0,0,24.6,0,39
73,female,5,3,0.88,current,0,0,0,34,1,9
67,female,3,4,NA,never,200,1,0,25.1,0,55
62,female,5,4,2.55,never,0,0,0,20.1,0,57
53,male,1,3,5,former,1800,1,0,29.9,0,44
40,female,3,5,3.75,never,0,0,0,27.6,0,36
75,female,4,5,1.91,former,60,0,0,35.7,0,50
40,female,1,2,1.94,never,0,0,0,36.2,0,39
46,female,4,4,1.49,never,2520,1,0,29.8,0,56
80,male,5,4,NA,current,0,0,0,21.4,0,44
47,male,2,2,5,never,0,0,0,27.1,0,42
76,female,4,3,1.85,never,0,0,0,48.2,0,44
71,male,3,5,1.26,former,120,0,0,25.4,0,38
66,female,5,4,2.25,current,0,0,1,39.6,1,36
56,female,1,4,1.5,former,180,1,0,27.8,0,47
77,male,3,1,NA,former,0,0,1,37.9,1,25
63,male,5,1,0.7,current,60,0,0,17.7,1,40
76,male,1,1,0.8,former,0,0,1,30.4,0,49
43,female,5,4,3.47,never,0,0,0,26.8,0,43
80,female,3,2,NA,never,0,0,1,37.1,0,39
57,male,4,3,NA,never,0,0,0,22.9,0,39
76,male,2,3,5,former,210,1,1,28,0,49
75,male,3,4,3.12,former,1460,1,0,24.1,0,39
80,female,3,3,1.39,never,0,0,1,37.1,1,15
66,male,4,3,1.59,current,0,0,0,27.1,0,52
75,female,3,2,4.21,never,0,0,0,31.8,0,39
43,female,1,3,4.99,never,0,0,0,36.6,0,47
53,male,4,3,2.34,current,1080,1,0,22,0,48
75,male,4,5,NA,current,0,0,1,21,0,52
66,female,4,2,2.35,never,240,1,0,31.1,0,45
75,female,3,5,5,former,420,1,1,19.9,0,53
40,female,5,5,1.84,never,0,0,0,23.1,0,37
61,female,2,5,NA,never,0,0,0,40.5,0,37
64,female,2,4,1.06,current,360,1,0,17.7,0,44
69,male,2,5,1.12,former,300,1,1,25.5,0,52
62,female,4,5,1.22,former,720,1,0,40.3,0,54
69,female,1,5,1.05,current,0,0,0,25.6,1,32
74,male,3,4,0.99,former,240,1,1,33.3,0,55
73,female,3,4,1.19,never,0,0,1,33.2,0,44
44,male,5,3,5,never,0,0,0,27.7,0,43
50,female,5,5,4.12,never,360,1,1,20.5,0,42
47,female,2,2,0.22,never,0,0,0,31.8,0,40
50,female,4,4,1.62,never,20,0,0,35.4,0,37
60,male,5,2,1.59,never,0,0,0,26.6,0,46
69,female,1,2,0.83,never,0,0,0,39.7,0,56
72,male,4,4,1.76,never,0,0,1,32.5,1,24
59,female,3,5,4.6,never,0,0,0,38.8,0,38
61,male,1,1,0.02,former,0,0,NA,29.3,0,39
60,male,3,3,5,former,1380,1,0,35.3,0,50
77,female,3,3,2.1,never,0,0,0,38.2,0,55
57,female,2,5,2.87,former,330,1,1,23.6,0,44
51,female,3,4,1.26,current,0,0,1,49.7,0,38
80,female,1,1,0.38,never,0,0,0,NA,0,48
43,female,2,5,2.67,never,600,1,0,23.1,0,49
54,female,4,1,3.25,never,0,0,0,34.1,0,58
71,male,2,2,3.42,former,450,1,1,28.1,0,37
71,male,3,5,5,never,60,0,0,26.8,0,46
52,female,3,3,1.19,never,0,0,0,38.6,0,55
52,male,5,5,5,never,120,0,0,29.1,0,55
51,female,1,1,1.41,never,0,0,0,25.2,0,50
80,male,3,4,0.13,never,0,0,1,28.2,1,13
80,male,3,3,2.93,former,0,0,0,27.5,0,37
73,male,3,4,1.62,never,0,0,1,41.3,0,44
48,male,3,2,0.98,never,0,0,0,24.5,0,44
59,male,2,1,0.78,current,0,0,0,26.9,0,56
73,male,1,2,2.64,former,0,0,1,NA,1,39
50,male,4,4,3.29,current,1440,1,0,35,0,41
44,female,2,1,1.24,never,180,1,0,33.7,0,49
71,female,1,5,2.51,never,180,1,0,29.8,0,38
69,male,3,5,4.06,never,1320,1,0,28.9,0,45
50,male,2,2,1.63,current,0,0,0,27.7,0,53
77,female,2,1,0.51,former,0,0,0,38,1,27
42,female,3,4,4.3,never,200,1,0,31.9,0,41
60,female,4,5,5,never,10,0,0,41.6,0,45
47,female,4,4,5,never,120,0,0,23.2,0,51
47,male,4,4,5,current,0,0,0,26.5,0,53
80,female,3,1,1.53,never,0,0,0,32.3,0,55
46,male,2,3,NA,never,360,1,0,28.4,0,57
65,female,3,4,3.54,never,0,0,0,31.1,0,43
54,female,1,1,0.31,former,1350,1,0,27.3,0,39
54,male,3,4,NA,current,0,0,0,24,0,54
73,female,2,1,1.23,former,0,0,0,26.9,0,44
54,female,4,4,NA,never,0,0,0,48.7,0,45
53,female,3,5,5,never,1260,1,0,25.4,0,47
40,female,4,3,0.99,never,0,0,0,35.3,0,39
55,male,1,1,0.85,former,0,0,0,36.2,0,46
47,male,3,4,0.08,never,240,1,0,25,1,18
56,female,1,1,0.21,never,500,1,0,29.8,0,38
43,female,2,4,2.62,never,0,0,0,30.3,0,38
41,male,3,5,3.71,never,420,1,0,23.7,0,55
52,male,3,5,1.76,never,0,0,0,41.9,0,41
64,male,2,4,1.52,never,0,0,0,34.1,0,45
59,female,3,4,1.62,current,0,0,0,29.2,0,59
52,female,2,5,1.49,never,0,0,0,24.9,0,36
51,female,3,3,5,current,1080,1,0,21.4,0,39
53,male,4,3,0.85,current,0,0,1,29.1,0,42
63,female,5,1,2.95,never,0,0,0,37.5,0,57
69,female,1,5,3.45,former,80,0,NA,36.2,0,37
80,male,3,3,1.45,former,0,0,0,39.8,1,14
73,female,5,5,2.55,never,1020,1,0,33.4,0,39
48,male,4,4,2.49,never,120,0,0,42.8,0,40
80,female,4,2,1.02,never,0,0,1,36.3,0,59
54,male,5,4,4.98,former,90,0,0,33.7,0,43
57,female,4,4,NA,never,0,0,0,27.7,0,44
55,male,3,5,5,former,0,0,0,27.7,0,45
67,female,3,5,5,former,90,0,0,33.2,0,46
59,male,4,3,1.77,current,120,0,0,25.2,0,40
80,female,1,3,1.09,former,0,0,1,26.5,0,44
60,male,3,5,5,former,260,1,0,22.3,0,55
64,female,2,1,0.68,never,0,0,0,26.2,0,53
46,female,3,2,0.76,former,175,1,1,36.8,0,59
53,male,3,5,5,never,570,1,1,22.6,0,51
80,male,3,3,2.5,former,0,0,1,22.1,1,18
55,female,4,4,2.81,former,0,0,1,37.3,0,49
47,male,4,5,NA,never,240,1,0,34.1,0,56
52,male,4,2,2.49,former,0,0,0,29.1,0,56
65,male,4,5,5,never,540,1,0,29.5,0,54
50,male,3,5,2.82,never,900,1,0,22.3,0,43
66,male,3,4,2.95,former,45,0,0,23.4,0,37
75,male,4,4,NA,never,450,1,0,20.8,0,42
74,female,3,3,2.33,never,0,0,0,34.2,0,39
55,female,5,4,3.91,current,180,1,1,24,0,54
71,male,2,4,1.78,former,2700,1,0,26.5,0,57
50,male,2,4,5,never,75,0,0,33.6,0,46
57,female,4,5,4.36,never,210,1,0,40.8,0,40
74,female,3,5,5,former,180,1,0,27.6,0,46
70,female,3,3,1.29,never,0,0,0,42.5,0,55
60,female,3,3,1.49,never,0,0,0,55.1,0,45
72,male,4,5,4.06,former,0,0,0,21.4,0,39
44,female,5,2,1.72,never,0,0,0,23.3,0,58
48,male,3,3,5,former,360,1,0,32.8,0,37
66,male,2,2,NA,never,0,0,1,28.2,0,39
80,female,3,4,1.43,never,0,0,0,25.6,0,49
41,male,4,3,2.21,never,720,1,0,22.2,0,52
71,male,3,4,4.08,never,0,0,1,23.1,0,38
51,female,3,1,1.01,current,0,0,1,NA,0,50
68,female,3,4,2.03,never,0,0,0,34.6,0,56
63,male,4,3,1.25,current,0,0,0,18.8,0,45
80,female,3,3,1.11,never,0,0,0,27.8,0,39
64,female,4,3,0.2,former,0,0,1,41.1,0,46
75,female,4,1,NA,never,0,0,0,36.3,0,52
80,male,3,5,1.57,former,0,0,1,NA,1,44
72,male,2,2,0.83,former,0,0,1,32.3,0,40
75,female,1,3,3.4,never,125,0,1,37.9,0,58
62,male,1,1,3.27,former,80,0,0,25.1,0,42
43,male,1,1,1.07,never,0,0,0,24.1,0,38
73,female,1,1,0.35,former,0,0,0,53.9,0,48
45,male,4,5,5,never,660,1,0,29.3,0,43
63,female,2,1,0.2,current,60,0,0,37.6,0,51
72,female,4,2,2.98,former,0,0,1,23.4,0,44
41,female,5,5,5,never,0,0,0,20.9,0,58
53,male,1,2,0.49,current,150,1,0,32,0,50
69,female,1,1,0.97,never,0,0,0,28.1,0,46
76,female,3,3,1.43,former,0,0,1,21.5,0,38
80,female,3,4,2.97,former,0,0,1,31,1,49
66,female,4,2,0.82,former,120,0,0,31.7,0,18
66,female,5,1,1.63,never,150,1,0,23.7,0,18
75,female,4,4,0.41,current,0,0,1,38.9,0,26
56,male,5,5,5,never,540,1,0,21.3,0,32
67,male,3,3,2.65,current,180,1,0,23.5,0,14
54,female,4,4,1.86,former,0,0,0,39.9,0,19
71,male,5,3,1.56,current,240,1,0,22.5,0,33
61,male,5,5,5,former,960,1,0,30.7,0,12
45,male,4,3,1.18,never,300,1,0,22,0,17
60,female,1,1,3.04,never,0,0,0,35.9,0,32
60,female,3,4,2.07,never,0,0,0,23.8,0,16
64,male,3,5,3.69,never,240,1,0,22.4,0,14
67,female,1,1,1.85,former,180,1,0,31.1,0,23
70,male,5,5,5,former,630,1,1,23.9,0,34
53,male,4,5,5,never,0,0,0,33.4,0,28
42,male,4,2,0.83,current,0,0,0,27.6,0,14
57,male,2,2,NA,never,280,1,0,28.6,0,27
72,male,3,3,1.13,former,0,0,1,21.3,0,34
52,male,2,1,0.35,never,0,0,1,35.1,0,26
72,male,4,2,0.74,current,0,0,1,30.6,0,29
72,male,4,5,3.62,former,240,1,1,33.9,0,20
61,male,3,1,3.87,current,0,0,0,22.5,0,33
73,female,3,4,3.98,current,245,1,0,25.5,0,18
72,male,2,3,0.82,former,210,1,0,33.4,0,34
64,female,4,5,NA,never,0,0,0,29.2,0,24
63,male,3,4,2.59,current,0,0,0,34.9,0,26
55,female,3,1,0.75,current,0,0,1,30.8,0,32
60,male,5,5,NA,former,240,1,0,29.1,0,34
54,female,1,1,NA,never,0,0,0,37.7,0,36
44,male,5,4,1,current,0,0,0,29,0,17
74,female,1,3,1,never,0,0,0,27.1,0,15
40,male,3,3,3.25,former,120,0,0,25.5,0,13
61,male,2,5,1.18,former,0,0,0,31.9,0,14
80,male,3,3,3.04,former,0,0,1,25.7,0,32
55,male,2,1,0.8,current,480,1,0,26,0,27
55,female,4,3,0.7,never,0,0,1,30.7,0,12
69,male,3,4,0.39,former,0,0,0,24.1,0,33
41,female,3,4,3.67,never,60,0,0,25.9,0,25
47,female,5,4,3.73,former,960,1,0,25.9,0,16
72,female,4,4,3.32,never,0,0,0,NA,0,16
46,female,5,3,1.22,former,0,0,1,33.5,0,22
80,female,3,5,5,never,0,0,0,30.7,0,12
66,female,3,5,5,former,0,0,0,39.3,0,15
62,female,5,4,4.81,never,70,0,0,23.9,0,23
64,male,4,2,2.43,current,0,0,0,15.7,0,19
71,male,3,3,1.44,former,0,0,0,31.2,0,23
52,female,3,5,4.93,never,150,1,0,32,0,25
61,female,4,3,NA,never,0,0,0,28.5,0,25
41,male,4,3,4.62,never,1020,1,0,22.8,0,22
80,female,3,5,2.8,former,0,0,1,22.7,0,20
59,male,2,5,5,never,0,0,0,24.7,0,20
64,female,3,4,5,former,30,0,1,33.9,0,24
44,male,5,5,1.35,current,270,1,0,28.4,0,23
67,male,3,5,5,former,720,1,1,31.1,0,34
42,female,1,1,1.11,never,240,1,0,43.2,0,33
41,female,4,5,5,never,180,1,0,27.8,0,33
80,female,2,1,0,never,0,0,1,NA,1,6
55,male,5,5,5,never,0,0,0,24.3,0,13
63,female,4,3,0.9,never,660,1,0,27.9,0,12
58,female,2,5,NA,never,720,1,0,33.4,0,15
52,female,2,4,NA,never,0,0,0,28.4,0,18
74,male,3,2,1.82,former,420,1,0,30.5,0,30
68,female,5,3,NA,never,0,0,0,20,0,27
67,male,4,4,5,former,0,0,1,32.2,1,0
61,male,2,1,2.08,former,0,0,0,25.3,0,33
63,male,5,4,5,never,180,1,0,27,0,13
48,female,3,2,0.28,former,70,0,0,36.5,0,24
50,female,3,4,NA,never,0,0,0,30.1,0,24
47,male,5,5,5,current,350,1,0,24,0,14
48,female,5,5,5,current,40,0,0,32.8,0,31
42,female,2,5,5,never,825,1,0,21,0,19
43,female,1,2,0.1,never,0,0,0,40.9,0,27
62,male,4,3,1.08,never,1680,1,0,29,0,16
40,female,3,5,5,former,240,1,0,22.7,0,32
74,female,4,3,4.86,never,0,0,0,27,0,21
74,female,3,3,5,never,0,0,1,31.2,0,22
45,female,5,4,2.9,never,75,0,1,27.2,0,14
50,male,1,1,0.4,former,0,0,0,26,0,30
71,male,3,4,4.12,never,0,0,0,35.6,0,33
66,male,4,4,2.39,former,180,1,1,42.8,0,17
73,male,4,5,5,never,1080,1,1,22.5,1,14
76,male,3,2,3.8,former,0,0,1,31.6,0,32
50,male,5,3,NA,current,20,0,0,31.6,0,26
68,male,4,2,NA,current,0,0,0,35.4,0,26
80,male,3,5,1.49,former,0,0,0,22.9,1,9
55,female,1,2,0.67,current,0,0,0,21.4,0,17
64,male,3,3,2.6,never,180,1,1,24.7,0,22
59,female,4,3,0.79,former,0,0,0,24.1,0,18
63,male,3,4,1.4,former,0,0,1,25.8,0,23
56,female,1,3,NA,never,0,0,0,44.6,0,33
80,female,3,3,1.65,never,105,0,1,35.9,0,33
55,male,4,4,3.79,current,240,1,1,28.2,0,18
66,female,3,1,NA,current,0,0,0,27.8,0,29
40,male,3,5,5,former,0,0,0,34.1,0,16
67,male,3,2,1.79,current,720,1,0,30,0,35
48,male,1,1,1.29,former,0,0,1,30.9,0,29
62,male,3,3,1.4,former,0,0,1,32.2,0,31
41,female,4,3,2.49,never,0,0,0,26.7,0,17
41,male,5,5,5,never,270,1,0,24.8,0,34
40,female,5,5,NA,never,120,0,0,24.8,0,23
41,male,5,4,5,never,0,0,0,34.6,0,34
61,female,5,5,5,never,90,0,0,20.9,0,27
52,male,3,3,NA,never,0,0,1,30.3,0,20
70,female,3,4,1.08,current,0,0,1,25.6,0,16
54,female,3,2,1,current,0,0,0,24.5,0,34
80,male,2,1,NA,never,0,0,0,29.8,0,33
54,female,5,5,5,never,480,1,1,31.3,0,15
40,female,4,4,2.97,never,0,0,0,28.8,0,29
50,male,3,3,3.79,never,90,0,0,24.8,0,27
42,male,5,5,3.21,never,360,1,0,28.3,0,28
52,female,3,5,5,never,30,0,0,34,0,34
66,male,4,2,1.4,never,0,0,0,23.2,0,20
53,female,5,5,2.46,never,120,0,0,25.7,0,27
49,female,5,4,5,never,0,0,0,24.6,0,18
66,female,1,3,0.91,current,0,0,0,NA,0,31
41,female,3,4,1.99,never,210,1,1,29.1,0,29
61,female,4,4,1.52,never,120,0,0,25.5,0,17
60,male,4,4,0.85,never,60,0,1,41.3,0,17
80,male,3,2,2.07,former,0,0,1,32.9,0,31
52,male,5,5,4.81,former,90,0,0,28.9,0,34
57,male,4,2,2.99,current,0,0,0,26.1,0,24
40,male,4,5,3.82,never,0,0,0,38.2,0,22
59,male,3,5,1.66,never,480,1,0,29.3,0,28
54,female,3,3,1.68,never,120,0,0,27.2,0,24
66,female,4,3,NA,never,0,0,0,30,0,33
57,male,5,3,0.19,former,0,0,0,21.2,0,25
52,female,5,5,NA,never,0,0,0,26.8,0,21
57,female,3,5,0,never,990,1,0,20.5,0,33
75,female,5,3,3.08,never,600,1,0,32.6,0,25
61,female,2,4,0.81,never,0,0,0,26.9,0,21
64,female,3,5,1.85,former,300,1,0,37.3,0,26
75,female,1,4,2.74,never,0,0,0,25.6,0,26
79,male,4,3,3.73,never,80,0,0,23.9,0,20
46,female,1,1,NA,never,0,0,0,34.7,0,31
71,male,3,5,2.31,never,120,0,1,26.1,0,33
56,male,3,4,3.85,former,0,0,0,22.4,0,27
70,male,5,1,1.11,current,0,0,1,21.5,0,14
54,male,3,4,5,former,440,1,0,31.8,0,24
80,female,3,NA,NA,former,0,0,1,25.6,0,30
46,female,3,5,4.15,former,60,0,0,24.9,0,18
45,male,3,2,3.98,former,1080,1,0,28.8,0,31
55,female,2,3,5,former,315,1,0,29.2,0,17
54,female,2,2,0.41,never,0,0,0,31.8,0,36
59,male,5,5,5,never,180,1,1,26.4,0,12
59,female,1,5,0.91,current,0,0,0,30.3,0,28
60,male,5,5,5,never,240,1,0,29.6,0,28
60,female,2,4,5,never,0,0,0,22.5,0,34
64,male,5,5,5,current,0,0,1,22.2,0,27
62,male,2,1,0.89,never,0,0,0,26.1,0,28
46,male,2,1,1.39,former,360,1,0,28.7,0,31
45,female,1,3,2.72,current,0,0,0,35.6,0,34
80,male,3,3,2.64,former,0,0,0,21.6,0,32
66,female,4,4,1.02,never,0,0,0,58.7,0,16
55,female,3,3,1.01,never,0,0,0,27.3,0,20
80,female,3,3,5,never,0,0,0,29.1,0,26
62,female,4,1,1.29,never,0,0,0,37.5,0,22
50,male,1,3,1.19,former,0,0,0,30.4,0,30
80,male,4,1,1.58,never,0,0,0,20.7,0,13
62,female,3,2,3.15,current,0,0,0,32.2,0,20
61,female,3,4,2.34,former,0,0,1,44.8,0,12
54,female,1,2,0.72,current,0,0,0,31.1,0,13
59,male,3,4,2.2,never,0,0,1,41,0,12
69,female,4,3,2.07,never,60,0,0,27.4,0,17
44,male,1,2,1.22,former,0,0,0,35.8,0,27
69,male,3,4,4.93,former,0,0,0,28.2,0,22
61,male,3,3,2.65,never,0,0,1,31.3,0,35
69,male,2,2,3.78,former,240,1,0,34.9,0,22
79,female,3,3,2.46,never,200,1,0,22.3,0,25
80,male,5,5,5,never,240,1,1,24.7,0,27
69,female,3,4,5,never,675,1,0,22.3,0,27
61,female,5,3,2.77,never,210,1,0,29,0,13
80,female,3,3,1.74,former,0,0,1,25.2,0,32
52,male,1,1,NA,never,0,0,1,27.1,0,33
78,female,4,4,1.69,never,0,0,1,29,0,36
80,male,3,5,NA,former,0,0,1,26.7,0,30
62,female,3,3,1.18,former,600,1,0,35.7,0,22
64,female,5,4,5,never,600,1,1,29.7,0,17
46,female,1,4,5,current,720,1,0,28,0,33
64,male,1,1,1.72,former,0,0,0,26.4,0,28
60,female,3,3,2.02,never,0,0,0,23.4,0,11
60,female,3,4,3.65,never,210,1,1,25.1,0,31
57,female,3,2,1.88,current,0,0,0,74.8,0,21
50,female,2,1,NA,never,1890,1,0,26.8,0,27
57,male,4,4,2.64,never,0,0,1,23.5,0,15
55,male,2,2,1.1,never,0,0,0,27.8,0,25
62,female,4,1,1.54,never,450,1,0,33.6,0,20
61,female,2,5,1.02,never,0,0,0,28.7,0,35
49,female,4,5,4.86,never,0,0,0,24.5,0,21
72,female,5,4,5,never,0,0,0,25.2,0,23
49,female,2,4,1.15,current,0,0,0,32,0,33
71,male,4,5,5,never,0,0,0,24.4,0,12
68,male,3,1,1.75,never,0,0,0,34.2,0,21
64,female,3,4,0.92,never,495,1,0,21.3,0,25
80,female,3,4,5,never,0,0,0,23.4,0,32
56,male,5,5,5,never,720,1,1,38,0,27
63,female,1,3,5,former,0,0,0,28.8,0,34
60,female,5,3,5,never,0,0,0,18.3,0,28
66,male,1,1,NA,former,0,0,0,36.1,0,25
53,male,5,2,2.16,former,0,0,1,21.9,1,5
64,male,2,1,0.48,never,0,0,0,24,0,33
66,female,2,1,0.4,former,120,0,0,32.4,0,16
68,female,4,3,0.74,former,0,0,0,33.6,0,23
45,female,1,1,NA,never,900,1,0,25.8,0,32
77,male,3,3,1.46,former,180,1,1,26.1,0,33
59,female,1,5,1.64,never,0,0,0,25.9,0,30
72,male,3,3,1.52,former,0,0,1,49.7,0,33
59,female,3,5,5,never,2520,1,0,23.2,0,33
49,male,3,4,5,never,0,0,0,44.5,0,26
54,female,5,5,5,never,0,0,0,29.6,0,35
43,male,5,4,4.07,current,60,0,0,25.7,0,28
54,female,3,3,5,current,0,0,0,41.8,0,16
58,female,4,4,1.68,never,180,1,0,41.1,0,31
63,female,1,1,4.93,current,0,0,0,28.4,0,32
69,male,5,3,0,former,0,0,0,21.8,0,34
77,male,5,4,NA,former,0,0,0,23.5,0,28
70,male,3,5,5,never,300,1,1,36.8,0,25
73,female,3,4,NA,never,140,0,0,37.2,0,32
56,male,5,5,3.85,never,420,1,0,27.2,0,33
62,male,4,2,0.76,current,0,0,1,30.8,0,30
45,female,4,5,3.67,never,360,1,1,46,0,19
80,male,4,2,0.86,never,0,0,0,24.2,0,17
67,female,5,4,2.79,never,420,1,0,22,0,11
67,female,4,5,5,never,0,0,1,30.2,0,33
43,female,2,4,0.94,former,0,0,0,29.3,0,31
80,male,3,5,5,never,120,0,1,32.3,0,17
69,female,4,2,NA,former,0,0,0,40.4,0,17
70,male,3,5,5,never,0,0,0,27.5,0,13
62,male,1,2,2.45,former,0,0,0,24.7,0,28
63,male,3,5,5,never,240,1,1,36.4,0,18
60,male,4,3,0.07,current,0,0,1,25,0,17
80,male,5,3,1.48,former,0,0,1,28.2,0,21
48,male,5,5,1.99,never,350,1,0,28.4,0,34
66,female,4,5,1.85,never,600,1,0,33.9,0,24
70,female,5,4,1.03,never,0,0,1,36.8,0,23
43,male,1,5,3.88,never,240,1,0,31.6,0,32
51,male,3,3,2.57,never,0,0,0,28.7,0,31
50,female,5,3,2.09,never,0,0,0,23,0,27
48,female,5,2,0.32,never,0,0,0,34.5,0,20
63,female,5,5,3.39,never,0,0,0,23,0,25
75,male,5,1,NA,former,0,0,NA,40.2,0,20
43,male,2,2,1.29,former,0,0,0,26.7,0,26
80,female,5,4,5,never,0,0,0,24.7,0,32
63,male,1,1,NA,never,0,0,0,30.1,0,31
58,female,2,5,5,never,440,1,0,32.9,0,14
54,male,1,4,3.85,never,0,0,0,31,0,28
80,male,5,3,2.59,never,0,0,0,24.4,0,20
41,female,2,1,0.62,never,0,0,0,28.3,0,23
62,male,5,4,NA,former,0,0,0,25.8,0,32
60,female,4,3,0.31,former,150,1,0,45.4,0,21
58,female,4,2,2.73,never,50,0,0,26,0,29
43,male,2,1,2.04,current,0,0,0,43.7,0,32
75,female,4,5,5,never,180,1,0,23.3,0,21
64,male,3,4,5,never,0,0,0,30,0,15
48,female,5,2,3.82,never,150,1,0,32.8,0,16
80,male,5,5,2.46,never,690,1,0,32.5,0,26
69,female,3,5,3.87,never,0,0,0,35.8,0,16
64,female,5,5,1.79,never,0,0,0,26,0,14
65,male,2,1,0.7,former,600,1,0,21,0,33
40,male,5,5,3.47,never,0,0,0,23.4,0,12
54,female,5,1,5,never,90,0,0,31.6,0,14
41,female,4,4,3.28,current,0,0,0,28.6,0,34
41,male,4,3,3.34,never,0,0,0,47.7,0,22
48,male,5,2,1.79,current,0,0,0,23.7,0,15
44,male,3,5,5,former,720,1,0,26.4,0,27
60,male,4,2,0.74,former,0,0,0,33.2,0,30
60,male,5,5,5,never,0,0,0,28.8,0,16
50,female,3,2,5,former,420,1,0,31.4,0,13
62,female,5,4,1.11,never,0,0,1,44.6,0,28
55,male,3,3,5,former,1020,1,1,33.3,0,14
61,male,4,4,2.07,current,0,0,1,NA,0,23
57,female,3,3,2.65,never,150,1,0,37.3,0,35
69,male,5,2,2.24,former,0,0,0,28.3,0,27
74,male,2,4,1.73,never,0,0,1,28.3,0,34
44,male,5,4,1.13,never,0,0,0,46.2,0,35
57,female,4,5,5,never,0,0,1,34.6,0,14
71,male,1,3,2.73,former,0,0,0,34,0,35
65,male,3,3,1.69,former,0,0,0,43.6,0,23
80,male,3,4,NA,former,0,0,1,40.2,1,7
54,male,5,4,3.66,never,690,1,0,28.5,0,25
70,female,2,3,2.04,former,180,1,0,28.7,0,34
58,male,4,4,2.24,current,0,0,0,27.5,0,14
44,male,2,3,1.4,current,0,0,1,31.7,0,32
79,male,3,4,2.79,former,300,1,0,27.8,0,11
68,male,4,5,3.87,never,0,0,0,36.8,0,18
80,female,3,2,1.54,never,30,0,0,25.6,0,27
52,female,1,4,2.47,never,0,0,0,34.5,0,33
66,male,4,4,2.9,current,0,0,0,28.3,0,15
63,male,4,3,0.15,never,0,0,0,28.6,0,26
80,female,4,4,5,former,0,0,1,27.7,0,26
48,female,5,1,2.45,never,0,0,0,26.4,0,25
71,female,3,4,1.65,never,0,0,0,38.4,0,35
72,female,5,5,1.15,never,0,0,1,35.2,0,34
62,female,2,4,3.09,former,0,0,0,34.5,0,26
57,male,3,4,3.43,never,360,1,0,25.5,0,22
80,female,3,3,2.07,former,0,0,1,22.3,0,26
76,female,3,5,5,never,0,0,0,31.3,0,19
72,male,3,4,2.59,current,600,1,1,19.6,0,22
80,female,4,4,NA,never,0,0,NA,30.5,0,26
80,male,1,1,0.61,former,0,0,0,27.9,0,32
76,female,3,3,2.59,former,0,0,0,35.7,0,20
80,female,3,2,1.33,never,0,0,1,30.2,0,32
75,female,5,3,4.62,never,360,1,0,25.7,0,28
75,female,4,5,NA,never,180,1,0,26.8,0,15
75,female,3,4,3.08,never,0,0,1,30.1,0,20
49,female,5,5,1.94,never,90,0,0,37.3,0,34
60,male,2,4,2.07,never,0,0,0,42,0,19
61,male,4,5,5,never,210,1,0,39.5,0,11
47,male,3,4,2.55,former,160,1,0,55.3,0,12
71,female,1,4,4.48,current,0,0,1,36.1,0,25
46,male,4,2,1.06,never,0,0,0,36.2,0,18
80,male,2,5,2.88,former,0,0,0,24,0,35
78,female,4,1,1.68,former,0,0,0,41,0,29
53,male,3,3,2.47,former,0,0,0,24.6,0,26
41,male,3,3,3.06,never,0,0,0,34,0,31
46,female,3,5,4.81,never,0,0,0,25,0,32
56,male,5,5,5,never,60,0,0,33.9,0,12
52,female,4,2,1.09,former,0,0,0,50.4,0,18
61,female,4,5,5,never,180,1,0,28.6,0,19
77,male,3,5,5,never,90,0,1,37.2,0,30
64,male,3,2,NA,current,0,0,0,29.3,0,31
42,female,2,1,NA,never,0,0,0,29.4,0,29
73,female,3,5,1.92,never,0,0,0,30.8,0,32
55,male,3,3,3.66,never,60,0,0,23,0,31
55,female,3,5,NA,never,150,1,0,24.2,0,16
58,female,4,3,3.92,never,0,0,0,17.1,0,12
64,female,3,3,0.91,former,0,0,0,33,0,21
74,female,5,4,5,never,0,0,0,31.3,0,28
44,female,4,4,0.77,current,0,0,0,31.2,0,19
64,female,3,3,1.17,former,90,0,0,24,0,36
63,male,1,2,2.19,never,0,0,1,27.7,0,28
45,male,5,3,0.4,current,0,0,0,28.9,0,32
62,male,4,3,2.65,never,0,0,1,22.4,0,27
60,female,4,4,1.32,never,180,1,1,35.5,0,36
41,female,5,4,4.08,never,360,1,0,35.3,0,34
53,female,3,5,4.78,never,600,1,0,26.3,0,17
49,female,3,3,5,never,0,0,0,32.6,0,31
43,female,1,2,1.22,never,0,0,0,25.3,0,28
58,female,2,1,1.82,never,0,0,0,44.6,0,33
59,male,3,5,3.67,never,30,0,0,29.6,0,26
60,male,4,3,0.62,current,105,0,0,31.8,0,19
65,female,4,5,2.46,never,0,0,0,26.5,0,15
66,female,3,3,1.52,former,0,0,0,33.4,0,31
58,male,4,4,1.64,current,0,0,0,21.5,0,24
80,male,3,4,1.35,never,420,1,0,28.3,0,20
42,male,5,5,NA,never,75,0,0,25.7,0,27
55,female,3,4,0.09,current,90,0,0,30.4,0,24
79,female,4,3,4.56,never,0,0,0,21.7,0,32
67,female,4,3,1.81,current,0,0,0,20.3,0,30
80,male,3,2,1.75,former,0,0,1,28.2,0,25
56,female,5,5,3.69,never,0,0,0,24.3,0,15
72,female,3,4,NA,never,180,1,0,29,0,24
69,male,1,1,4.07,former,300,1,0,27,0,15
62,female,1,3,NA,never,420,1,1,23.6,0,34
41,male,1,3,5,never,1680,1,0,36.8,0,29
80,female,2,2,2.07,never,80,0,1,25.1,0,25
45,female,2,3,0.1,never,30,0,0,33.3,0,17
60,female,1,1,0.57,never,0,0,0,29.8,0,15
48,male,3,2,1.15,current,0,0,0,33.7,0,32
80,female,3,4,3.4,former,600,1,0,25.6,0,35
62,female,1,2,NA,never,420,1,0,26.9,0,26
80,female,3,3,NA,never,0,0,0,21.1,0,25
71,male,3,4,1.73,former,0,0,1,26.6,0,15
52,male,4,3,0.62,never,0,0,0,27.8,0,17
80,male,3,2,1.19,current,0,0,1,21.3,0,24
74,female,3,5,5,former,120,0,0,20,0,30
65,female,2,1,0.23,never,180,1,0,34.1,0,22
42,male,3,4,1.19,current,0,0,0,28.1,0,14
42,female,4,4,1.26,former,240,1,0,44.5,0,26
45,male,3,5,3.1,never,520,1,0,24.1,0,24
77,female,3,3,2.88,former,0,0,1,27.9,0,34
42,male,4,3,3.08,never,60,0,0,31.8,0,22
57,female,3,4,5,former,0,0,0,25.7,0,33
70,female,5,5,5,never,0,0,0,24.8,0,32
47,female,2,4,5,former,210,1,1,37.4,0,26
62,male,1,4,0.7,never,0,0,0,37.9,0,12
49,male,3,4,4.94,former,420,1,0,32.7,0,32
61,male,4,5,4.04,never,0,0,0,26.6,0,15
48,female,3,5,5,never,600,1,1,23.9,0,17
59,male,2,4,1.72,never,0,0,0,37.4,0,35
70,female,3,4,2.06,never,0,0,0,27.9,0,35
68,female,3,4,5,former,120,0,0,25.7,0,29
80,female,3,3,2.27,never,0,0,1,25.3,0,35
55,female,5,5,5,never,0,0,0,31.8,0,12
70,male,5,5,NA,never,60,0,0,21.7,0,22
62,female,3,3,2.04,current,0,0,0,36.1,0,32
45,female,5,4,2.89,never,0,0,0,21.2,0,12
67,male,3,3,2.47,former,322,1,0,34.5,0,13
65,female,4,3,4.31,former,270,1,0,28.8,0,16
57,female,3,3,1.27,former,360,1,1,41,0,23
74,female,3,4,3.19,never,90,0,1,28,0,34
61,female,3,4,4.19,never,180,1,1,26.4,0,23
40,female,1,4,5,never,0,0,0,32.7,0,29
41,male,5,5,4.55,never,90,0,0,21.7,0,27
60,male,4,2,0.81,former,0,0,0,29.1,0,22
67,male,4,5,5,never,360,1,0,25.9,0,19
58,female,3,5,5,never,360,1,0,24.2,0,20
63,male,1,4,4.31,former,40,0,0,31.2,0,25
60,male,3,3,1.47,never,240,1,0,43,0,26
47,female,4,4,2.02,current,0,0,0,38.5,0,19
61,male,3,5,5,never,30,0,0,31.7,0,33
59,male,3,2,1.25,never,0,0,0,36.6,0,33
56,female,3,3,3.4,current,60,0,0,17.9,0,18
43,female,3,4,2.06,never,2100,1,0,22.2,0,16
59,female,4,2,NA,current,0,0,0,20.5,0,20
80,female,4,1,1.27,former,0,0,0,24.6,0,14
62,female,5,5,5,never,0,0,0,36.5,0,12
43,female,5,5,3.73,never,300,1,0,27.1,0,34
80,male,3,4,4.43,former,0,0,0,NA,1,29
41,male,3,4,5,never,0,0,0,30.9,0,15
64,female,3,4,2.17,former,180,1,1,41.4,0,26
56,female,4,2,NA,current,180,1,0,26.8,0,25
76,female,3,5,1.73,never,300,1,0,30.5,0,36
56,female,1,2,2.27,never,0,0,1,31.8,0,32
80,female,3,3,0.99,never,0,0,1,NA,0,31
56,male,3,5,NA,former,330,1,1,35.6,0,28
46,female,3,5,5,never,180,1,0,29.4,0,32
62,female,1,4,NA,never,0,0,0,27.3,0,16
44,female,4,4,2.03,never,0,0,0,26.6,0,12
45,female,4,4,1.71,never,0,0,0,27.3,0,24
45,female,2,3,0.82,never,0,0,1,NA,0,32
51,male,5,5,3.88,never,100,0,0,25.6,0,35
57,male,3,4,1.48,current,210,1,0,27.2,0,15
46,female,5,5,2.49,former,0,0,0,21.9,0,14
43,male,4,4,1.14,never,0,0,0,27.2,0,21
59,female,3,5,NA,current,900,1,0,24.9,0,12
51,female,4,4,0,never,120,0,0,24.5,0,17
80,male,3,1,1.1,former,0,0,1,34.4,0,36
73,male,3,3,2.99,never,0,0,0,25.9,0,19
74,female,5,5,5,never,0,0,1,29,0,26
65,female,3,1,5,never,0,0,0,35,0,30
74,female,2,2,1.79,never,0,0,1,33.5,1,6
74,female,4,4,0.91,former,0,0,1,19.7,0,18
43,male,4,3,4.85,former,120,0,0,35.7,0,25
43,female,4,4,3.4,current,0,0,0,41.5,0,34
55,male,3,4,0.8,current,420,1,0,26.2,0,21
42,male,4,4,5,never,630,1,0,33.1,0,35
69,male,5,3,1.29,former,0,0,0,48.4,0,25
80,male,3,5,3.34,former,135,0,1,34.7,0,17
42,female,3,3,3.23,current,0,0,0,25.5,0,14
72,male,2,4,1.08,former,0,0,1,25.4,0,15
80,female,3,4,2.94,never,180,1,0,22.7,0,15
80,male,3,4,2.84,former,0,0,1,29.9,0,17
74,male,1,5,5,former,0,0,0,30.1,0,26
55,male,5,5,3.08,never,1200,1,0,26.6,0,12
53,female,5,4,5,never,0,0,0,21.5,0,19
66,male,5,5,2.94,never,0,0,0,24.6,0,12
40,male,1,4,1.91,never,0,0,0,32.9,0,15
66,female,5,1,1.16,never,0,0,0,25.5,0,15
45,male,4,5,4.32,never,360,1,0,30.9,0,29
62,male,5,3,0.46,never,0,0,0,41.7,0,32
55,male,2,1,1.82,former,30,0,0,29.4,0,32
41,female,4,4,1.46,never,0,0,0,32.4,0,28
79,female,1,1,1.78,never,0,0,0,NA,0,33
56,male,5,3,NA,current,0,0,0,21.2,0,13
68,male,4,2,0.57,never,0,0,0,29,0,26
46,male,5,5,4.58,current,90,0,0,27.6,0,34
62,female,5,5,2.39,never,0,0,0,26.7,0,12
66,female,4,4,NA,current,1035,1,0,29.8,0,13
80,female,3,5,4.25,never,30,0,0,30.2,1,15
64,female,3,2,2.65,current,0,0,0,20.3,0,22
71,female,3,5,4.93,never,0,0,0,29,0,12
62,female,3,4,5,never,0,0,0,36.1,0,20
59,female,3,3,0.74,former,30,0,0,32.2,0,14
71,female,3,3,NA,never,0,0,0,30.5,0,31
80,female,4,3,1.17,former,0,0,1,42,0,24
46,male,3,3,1.75,current,0,0,0,21.2,0,12
52,female,3,4,NA,current,45,0,1,29.3,0,26
54,male,4,2,NA,current,210,1,0,19.2,0,19
77,female,3,3,NA,former,0,0,0,23.3,0,30
44,female,3,3,0.78,former,45,0,1,38.8,0,26
56,female,4,2,1.79,current,0,0,0,37.6,0,28
53,female,5,5,5,never,360,1,0,19.6,0,26
51,male,2,4,0.83,former,0,0,0,32.9,0,26
55,male,3,3,5,never,120,0,0,31.9,0,19
59,male,2,4,4.31,never,0,0,1,36.9,0,26
80,male,3,2,1.82,former,0,0,0,22.7,0,31
71,male,1,1,0.96,former,90,0,0,35.9,0,15
48,female,5,4,4.08,former,40,0,0,32.3,0,24
55,female,5,3,1.1,never,0,0,0,24.2,0,27
59,male,4,3,3.92,former,0,0,0,24.6,0,19
64,male,4,4,2.64,former,270,1,0,36.7,0,15
80,male,3,3,NA,never,0,0,0,32.4,0,14
41,female,1,1,2.72,never,1155,1,0,37.3,0,32
57,male,3,2,1.22,former,0,0,0,25.2,0,22
40,female,4,4,3.32,never,0,0,0,27.2,0,17
61,male,3,4,1.04,current,0,0,1,19.2,0,26
48,female,5,5,3.92,never,0,0,0,32.4,0,12
50,male,3,4,5,never,120,0,0,38.5,0,34
50,female,4,2,0.6,never,0,0,0,34.2,0,29
74,female,3,3,2.48,never,0,0,1,40.6,0,27
67,female,5,1,4.07,never,0,0,0,21.7,0,31
49,male,4,5,5,never,480,1,0,38.4,0,29
46,male,3,3,3.23,former,150,1,0,27.7,0,14
80,female,3,4,5,never,0,0,1,32.5,0,18
56,female,4,4,2.49,never,0,0,0,38.4,0,24
59,male,3,4,NA,former,0,0,0,32.4,0,27
71,male,2,3,0.66,former,20,0,0,33.4,0,15
58,female,4,4,3.69,former,225,1,1,37.8,0,25
61,female,5,5,4.72,never,540,1,0,27.9,0,35
66,male,4,4,2.07,former,210,1,0,23.2,0,16
78,male,3,5,5,former,660,1,1,23.3,0,15
50,female,4,4,NA,never,0,0,0,48.1,0,32
63,female,3,3,1.02,former,0,0,0,32.5,0,26
54,female,1,3,0.41,never,0,0,0,40.8,0,26
41,female,5,2,2.29,former,315,1,1,28.8,0,34
59,male,3,3,0.99,current,960,1,1,20.5,0,14
61,male,4,3,2.31,former,0,0,0,31.8,0,25
80,female,5,1,1.1,former,0,0,1,33.7,0,36
80,female,3,4,2.11,never,0,0,0,21.8,0,30
63,female,3,5,5,never,0,0,0,38.2,0,22
59,female,3,4,0,former,0,0,1,52,0,30
43,male,3,4,2.99,former,120,0,0,33,0,20
58,female,5,5,5,never,100,0,0,21.2,0,34
48,male,4,4,5,never,0,0,0,31.2,0,17
57,female,5,5,5,never,225,1,0,19.9,0,36
48,male,1,1,1.47,current,0,0,0,29.4,0,32
44,male,5,2,1.22,former,100,0,0,27.5,0,12
80,male,3,3,1.11,never,0,0,1,29.6,0,26
55,male,1,1,1.98,current,0,0,0,29,0,29
56,male,4,4,3.92,never,370,1,0,24,0,13
75,female,3,4,NA,never,0,0,1,30.1,0,19
66,male,4,3,2.54,never,90,0,0,38.1,0,18
60,female,4,5,2.43,never,0,0,0,26.3,0,23
62,male,2,1,2.75,never,240,1,1,NA,1,11
62,male,3,5,5,never,300,1,0,35.3,0,25
63,female,3,3,2.19,never,0,0,0,49.1,0,33
56,male,4,3,NA,current,720,1,0,29.9,0,18
80,female,3,3,0.51,never,0,0,1,25.6,0,24
58,male,5,4,4.93,never,480,1,0,29.1,0,32
44,female,2,5,0.25,never,0,0,0,19.6,0,28
45,male,3,5,0.66,never,0,0,0,27.3,0,31
76,female,5,5,0.87,never,140,0,0,33.8,0,34
80,female,3,5,1.4,former,0,0,0,30.3,0,34
80,male,3,3,5,former,0,0,0,27.2,0,33
46,male,5,4,2.81,never,160,1,1,45,0,32
79,male,3,1,1.58,former,300,1,1,24.4,0,32
65,female,3,3,NA,current,0,0,0,37.3,0,17
56,male,3,4,5,never,480,1,1,33.4,0,27
73,male,3,5,NA,former,0,0,0,34.1,0,36
40,male,3,3,0.88,current,0,0,0,24.3,0,31
80,female,4,5,2.47,former,0,0,0,26.1,0,18
57,male,3,4,5,never,0,0,0,37.4,0,18
76,female,5,2,0.04,former,240,1,0,22.6,0,19
43,female,4,4,1.44,never,110,0,0,32.9,0,18
63,male,5,4,1.3,former,0,0,1,25.1,0,21
54,female,3,3,5,former,0,0,0,43.8,0,27
49,female,5,1,2.12,never,0,0,0,24,0,18
61,female,3,5,3.08,never,150,1,0,23.7,0,23
42,male,5,4,NA,former,0,0,0,41.7,0,32
80,male,3,4,3.33,former,0,0,1,36.6,0,26
60,female,2,4,NA,never,210,1,0,24.3,0,13
65,female,2,1,0.93,never,0,0,0,32,0,20
64,male,5,1,1.92,current,0,0,0,22.2,0,30
67,female,3,5,4.56,former,120,0,0,40,0,32
69,female,3,5,5,never,400,1,0,28.5,0,25
63,female,4,4,0.92,former,0,0,1,25.9,0,24
74,male,3,4,NA,former,45,0,1,31.2,0,31
52,male,4,4,3.34,current,720,1,0,47,0,31
40,female,5,1,0.79,never,0,0,0,31.8,0,14
50,male,3,3,NA,current,0,0,1,25.4,0,20
40,male,1,4,NA,former,2520,1,0,54.4,0,13
71,male,3,5,4.56,never,0,0,1,28.9,0,32
53,male,3,2,0,never,0,0,0,33.1,0,20
44,female,5,4,1.96,never,0,0,0,24.3,0,14
45,male,1,3,2.79,current,0,0,0,25.3,0,34
61,male,4,4,0.74,never,0,0,1,24,0,18
46,female,3,3,0.29,never,0,0,0,29.5,0,24
73,female,2,3,0.17,never,0,0,1,22.4,0,17
55,female,4,3,2.79,never,180,1,0,51.2,0,16
80,female,3,2,2.9,former,30,0,1,26.3,1,27
61,male,2,2,NA,current,0,0,0,37.6,0,20
71,female,1,3,4.13,former,50,0,1,43.4,0,13
70,male,3,5,1.44,current,0,0,0,14.9,1,8
47,male,5,4,3.86,current,320,1,0,25,0,28
50,female,1,4,2.43,never,450,1,0,33.1,0,22
62,male,4,3,0.95,current,0,0,0,24.2,0,22
51,female,1,3,0.96,never,0,0,0,28.9,0,24
80,female,3,5,1.94,former,540,1,0,34.5,0,31
66,female,3,5,5,never,45,0,0,27.3,0,34
68,male,2,4,NA,former,570,1,0,35.1,0,15
70,female,5,3,3.86,never,300,1,0,19.8,0,27
80,female,3,1,0.65,never,0,0,0,29.2,0,33
61,female,5,5,2.44,never,120,0,0,29,0,26
67,male,3,4,2.61,former,150,1,1,28.6,0,29
67,female,1,4,5,former,0,0,1,27.9,0,29
62,male,3,4,3.65,never,840,1,1,18.9,0,31
57,male,5,5,5,never,0,0,0,26.3,0,33
66,female,1,5,NA,never,120,0,0,30.7,0,16
50,female,2,5,5,never,360,1,0,35.2,0,21
58,male,4,2,2.14,current,0,0,0,16.8,0,20
59,female,5,2,NA,never,0,0,1,28,0,28
60,male,1,1,1.18,former,20,0,0,56.3,0,31
60,male,3,3,1.82,never,0,0,0,25.2,0,31
78,male,3,4,1.29,former,1080,1,1,NA,1,8
53,female,3,4,5,never,0,0,0,22.1,0,33
71,female,3,2,3.65,current,0,0,1,21,0,12
42,female,1,4,4.07,never,0,0,0,29.8,0,31
51,female,1,3,1.89,former,90,0,0,21.5,0,17
56,female,4,2,NA,never,0,0,0,35.4,0,18
48,female,3,3,1.96,never,0,0,0,44.9,0,24
80,female,3,3,1.36,never,105,0,NA,34.5,0,13
59,male,4,4,0.41,never,240,1,0,26.6,0,36
62,male,1,2,0.23,former,420,1,1,24.9,0,28
54,male,4,4,NA,never,0,0,0,28.9,0,12
66,female,4,5,NA,never,540,1,1,29,0,33
68,male,5,3,NA,former,140,0,1,27.1,0,19
59,female,4,4,2.64,never,0,0,0,24.7,0,15
61,female,5,1,1.92,never,280,1,0,25.9,0,31
67,female,5,1,4.08,never,0,0,0,34,0,34
41,female,3,3,1.67,current,0,0,0,40.2,0,33
71,female,1,1,3.11,never,0,0,0,26.6,0,31
80,male,4,2,1,former,0,0,1,37.6,0,18
57,female,5,3,0,never,0,0,0,23.8,0,29
56,male,2,4,5,never,0,0,0,34.7,0,33
66,male,4,5,1.44,former,480,1,1,36,0,32
54,female,1,1,0.51,never,0,0,0,35.3,0,28
61,female,4,3,2.45,never,0,0,0,38.6,0,19
54,male,4,4,1.59,former,360,1,0,25.4,0,15
47,male,4,4,2.37,never,0,0,0,19.2,0,33
71,female,4,2,NA,current,0,0,0,26.3,0,28
78,male,1,4,1.92,former,90,0,0,26.1,0,29
73,female,4,3,NA,former,0,0,1,24.6,1,6
44,female,3,4,5,never,0,0,0,28.1,0,19
70,male,4,4,1.29,former,0,0,0,26.3,0,13
52,female,3,4,0.21,current,0,0,0,37.1,0,17
50,male,5,5,4.93,current,210,1,0,25.9,0,34
61,female,1,3,1.59,never,0,0,0,29.3,0,17
72,female,2,4,NA,former,180,1,0,35.2,0,17
73,male,5,5,3.95,current,420,1,0,24.5,0,32
46,male,3,5,5,never,405,1,0,25.9,0,16
76,female,1,1,0.1,never,0,0,0,23.9,0,27
78,male,4,3,4.4,former,0,0,1,27.4,0,20
58,female,4,5,1.22,never,360,1,0,28.1,0,25
68,female,4,4,1.62,never,0,0,1,30.4,0,15
48,female,4,3,1.46,never,0,0,0,27.8,0,20
64,female,5,4,0.88,former,0,0,0,36.1,0,32
70,female,3,4,1.73,current,0,0,1,33.8,1,11
44,male,5,5,3.4,never,0,0,0,28.8,0,33
70,male,3,5,1.58,current,0,0,0,28.2,0,22
66,female,3,3,0.79,current,0,0,1,26.5,0,31
62,male,2,4,1.74,former,0,0,0,37.4,0,13
80,male,3,4,NA,never,20,0,0,22.3,0,34
46,female,1,4,1.37,never,180,1,0,NA,0,21
58,female,3,3,5,never,120,0,1,34.5,0,29
70,male,3,2,2.04,never,0,0,0,30.2,0,35
80,female,3,4,2.06,never,0,0,0,19.9,0,30
62,male,1,5,1.22,current,300,1,0,30.9,0,25
48,female,3,2,3.03,former,0,0,0,43.6,0,16
41,female,5,5,5,never,0,0,0,21.4,0,37
43,female,2,2,2.95,never,0,0,0,33.2,0,18
42,female,3,3,NA,current,150,1,0,31,0,18
61,female,4,5,3.48,never,360,1,0,33.4,0,19
41,female,2,4,0.34,never,0,0,0,36.9,0,30
56,female,5,4,5,never,0,0,0,20.8,0,12
56,female,1,4,3.95,never,60,0,1,32.5,0,32
40,male,5,5,5,never,780,1,0,27.4,0,25
60,male,4,2,NA,current,0,0,0,26.6,0,22
45,female,1,2,2.79,never,0,0,0,29.3,0,32
64,female,4,4,2.13,never,270,1,1,27.4,0,32
52,male,1,1,3.69,former,120,0,0,32.4,0,25
54,female,3,5,5,never,540,1,0,23.6,0,20
63,female,5,4,2,former,0,0,0,45,0,17
43,male,3,4,2.19,former,0,0,0,41.8,0,32
60,female,3,3,5,never,0,0,1,35.9,0,21
55,female,1,1,1.36,never,0,0,0,29.4,0,31
65,male,4,4,NA,current,0,0,0,29.4,0,32
70,male,2,5,3.33,never,320,1,1,26.2,0,23
68,male,2,1,0.98,never,0,0,0,26.5,0,19
72,male,3,5,4.62,former,20,0,1,28.9,0,20
47,male,5,5,1.99,never,600,1,0,24.5,0,32
77,female,4,2,NA,never,0,0,NA,25.1,0,18
75,female,4,5,1.98,never,0,0,1,28.7,1,15
60,female,2,1,NA,never,0,0,0,32.3,0,23
72,male,2,1,0.09,former,300,1,0,26.7,0,36
61,female,4,5,1.4,never,0,0,1,30,0,28
50,female,3,2,1.41,former,90,0,0,22.3,0,32
61,male,5,5,NA,never,0,0,0,24.7,0,33
56,female,4,3,0.67,former,300,1,0,36.1,0,20
70,female,5,1,0.84,former,0,0,0,38.7,1,16
69,male,3,3,2.92,former,180,1,0,25.5,0,22
72,male,3,4,2.46,current,0,0,1,35.2,0,15
42,female,1,2,1.5,never,0,0,0,25,0,33
41,male,5,5,5,never,210,1,0,30.8,0,34
44,female,1,4,4.78,never,1440,1,0,49.1,0,33
55,female,1,5,5,never,40,0,0,41.2,0,19
80,male,3,2,3.4,former,300,1,1,32.3,0,35
56,male,5,4,5,never,1980,1,0,26.3,0,30
63,male,3,5,NA,never,0,0,0,33.8,0,34
80,female,4,4,2.19,former,0,0,0,16.7,0,33
59,male,4,2,NA,current,0,0,0,18.2,0,34
62,male,3,4,2.24,never,1480,1,1,28,0,22
60,male,4,3,5,never,450,1,0,31.9,0,24
44,female,1,1,0.01,never,100,0,0,26.4,0,33
47,male,1,2,1.96,current,0,0,0,29,0,14
68,male,3,1,0.85,former,0,0,1,28.4,1,31
80,female,3,2,5,former,0,0,1,19.2,1,25
49,female,3,5,1.22,current,0,0,1,23.9,0,33
53,male,5,5,5,never,80,0,0,25.3,0,18
80,male,3,5,5,never,45,0,1,27.8,0,32
76,male,4,4,NA,never,0,0,0,24.8,0,26
71,male,4,4,5,former,0,0,1,53.7,0,34
60,male,4,3,0.75,current,0,0,0,33.6,0,26
51,female,3,4,1,never,100,0,0,28.6,1,31
63,male,1,3,0.89,former,0,0,0,34.3,0,12
59,male,4,4,2.37,never,0,0,0,26.2,0,17
68,male,5,5,NA,never,0,0,0,25.2,0,27
78,male,3,3,2.16,former,0,0,1,32.6,0,20
40,male,3,5,4.76,never,480,1,0,33.8,0,35
62,male,4,3,0.83,former,0,0,1,25.6,0,18
60,female,1,1,0.15,never,0,0,1,29.7,0,32
66,female,3,4,1.62,former,0,0,0,61.6,0,33
78,female,2,2,1.35,never,0,0,1,27.7,0,14
43,female,1,3,1.74,never,1350,1,0,24,0,14
42,male,1,5,3.65,former,120,0,0,25.9,0,16
70,female,1,3,1.7,never,0,0,0,35.8,0,16
80,male,3,3,2.74,former,0,0,1,32,0,14
55,male,2,2,5,never,120,0,0,31,0,25
60,male,1,4,4.23,former,0,0,0,29.2,0,26
47,male,2,1,1.24,former,0,0,0,33.5,0,33
63,male,1,2,1.94,never,40,0,0,23.2,0,28
56,female,1,1,1.45,never,0,0,0,32.3,0,14
52,male,3,5,1.39,never,900,1,0,30.6,0,31
80,female,3,4,1.48,never,0,0,0,25.9,0,32
63,male,3,4,5,never,0,0,0,25.3,0,27
80,male,3,5,4.98,former,480,1,1,23,0,25
57,female,3,4,5,former,160,1,0,22.5,0,14
71,male,3,5,5,never,1260,1,1,27.3,0,27
80,male,4,3,1.02,never,90,0,0,26.3,0,31
80,female,3,5,1.79,never,0,0,1,40.4,1,15
75,male,3,4,1.49,former,0,0,0,29.3,0,22
52,male,4,4,NA,current,0,0,0,30.4,0,18
61,female,3,1,0.46,never,0,0,0,42,0,32
52,male,1,4,5,never,525,1,1,42.1,0,14
61,female,3,3,1.25,never,0,0,0,55.5,0,17
48,male,5,5,5,current,600,1,0,27.9,0,27
63,male,4,2,1.2,former,0,0,0,25.3,0,20
51,female,3,4,2.79,never,0,0,0,28,0,14
51,female,5,3,4.57,never,0,0,0,23.8,0,35
69,male,4,4,NA,former,480,1,1,33.5,0,22
53,female,3,4,1.41,never,0,0,0,30.2,0,18
62,female,1,1,NA,never,0,0,0,27.8,0,32
51,female,4,3,1.22,never,180,1,1,27,0,25
80,female,5,3,1.58,former,0,0,1,31.4,0,33
58,male,3,3,1,current,0,0,1,28.5,1,1
75,female,3,5,5,never,0,0,1,25.7,0,25
58,male,3,5,5,former,150,1,0,31.3,0,20
68,male,3,3,1.34,former,10,0,1,30.4,1,32
67,female,2,1,1.4,never,0,0,0,34.3,0,34
46,male,5,4,1.06,current,0,0,0,40.5,0,33
48,male,5,5,3.43,never,0,0,0,29,0,25
69,male,4,5,1.32,current,900,1,0,26.8,0,26
68,male,1,1,0.49,never,30,0,0,29.8,0,32
65,female,1,1,2.41,never,720,1,0,41.2,0,25
56,female,4,4,3.18,current,540,1,0,27.9,0,34
57,male,5,3,1.85,current,150,1,0,23.8,1,21
53,female,1,5,5,never,480,1,0,40.6,0,24
62,male,3,3,1.06,former,0,0,0,30.7,0,32
57,female,1,1,NA,never,0,0,0,26.4,0,34
79,male,4,5,3.95,never,60,0,1,27.3,0,34
41,male,2,4,4.81,current,570,1,0,25.2,0,34
79,female,4,5,NA,never,0,0,0,21.6,0,11
42,female,3,5,0.92,current,0,0,0,29.9,0,13
63,male,4,3,0.52,never,720,1,0,38.4,0,14
46,female,3,4,5,former,180,1,0,23.4,0,16
78,female,3,2,1,never,0,0,1,39.7,0,18
54,female,3,4,NA,current,0,0,0,27.8,0,27
75,male,3,4,NA,former,0,0,0,26.6,0,26
64,male,4,3,3.29,former,0,0,0,20.8,0,29
73,female,3,4,3.69,never,0,0,0,27.3,0,26
63,female,3,3,1.79,current,0,0,0,29.8,0,20
62,female,5,5,5,never,240,1,0,22.7,0,20
54,male,4,5,2.02,never,0,0,0,NA,0,27
44,female,5,3,1.56,never,0,0,0,26.4,0,28
69,female,1,3,2.46,former,0,0,0,25.1,0,20
72,male,4,2,1.82,never,0,0,0,18.9,0,23
63,female,4,3,4.9,never,90,0,0,26.1,0,20
61,male,2,3,5,former,0,0,0,27.8,0,20
70,male,3,4,4.93,former,90,0,0,23.2,0,15
50,male,5,5,NA,never,600,1,0,31.9,0,34
43,female,3,2,1.04,former,0,0,0,51,0,33
71,male,3,5,5,former,180,1,1,33,0,17
47,male,3,4,1.48,former,1170,1,0,34.3,0,16
74,male,5,5,3.38,never,0,0,0,NA,0,30
69,male,3,2,0.65,former,100,0,0,35.3,0,24
42,male,3,2,2.08,current,900,1,0,23.9,0,25
67,male,4,4,NA,former,0,0,1,26.1,0,34
41,female,2,4,5,never,135,0,0,29.6,0,24
53,male,5,3,0.25,current,600,1,0,18.6,0,21
78,male,4,3,1.65,never,0,0,1,26.2,0,21
60,male,4,4,4.17,never,120,0,0,29.8,0,27
73,male,5,1,1.39,never,210,1,0,25.4,0,27
42,female,3,2,2.56,current,0,0,0,20.7,0,26
60,female,5,5,3.65,never,0,0,0,23.1,0,32
43,male,5,4,4.08,former,720,1,0,22.2,0,26
76,male,1,1,0.94,former,0,0,1,34.5,0,32
80,female,3,2,0.91,never,0,0,0,NA,0,17
80,female,4,2,1.48,current,0,0,1,37.6,0,18
64,female,1,4,2.63,never,0,0,0,29.2,0,13
51,female,2,3,4.1,never,240,1,0,28.2,0,35
74,male,3,4,3.48,never,0,0,0,34,0,23
50,female,5,3,NA,current,0,0,1,48.4,0,20
62,female,1,1,NA,never,0,0,0,33.3,0,22
67,female,1,1,1.46,never,120,0,1,25,0,32
72,male,3,4,1.24,former,0,0,0,27.7,0,33
48,male,4,4,5,current,0,0,0,31.3,0,20
80,male,3,5,3.08,never,0,0,0,NA,0,28
44,female,1,4,5,never,95,0,0,23,0,22
72,male,3,5,NA,never,570,1,1,28.4,0,23
78,male,5,2,1.69,former,0,0,0,32.1,0,14
46,male,4,3,0.04,former,0,0,0,26.6,0,14
44,female,3,5,3.01,former,145,0,0,28.5,0,16
43,male,1,1,1.5,current,180,1,0,28,0,32
47,male,3,4,1.08,current,0,0,0,29.8,0,15
68,female,1,5,0.69,former,90,0,1,31.2,0,30
56,female,3,4,2.65,former,90,0,0,27.4,0,28
66,female,1,4,4,former,0,0,0,30.8,0,25
75,male,4,4,5,former,0,0,1,31,0,25
80,male,4,3,2.77,current,60,0,1,27.2,0,19
49,male,4,5,5,never,240,1,0,26.1,0,21
66,male,2,1,0.99,never,840,1,0,30.4,0,34
53,male,2,3,1.83,never,0,0,0,31.7,0,34
45,female,3,3,1.15,never,0,0,0,31.8,0,32
80,female,3,4,4.07,never,0,0,1,26.6,0,16
80,male,4,4,0.95,former,0,0,1,24.6,1,6
60,female,4,5,0.21,former,1140,1,0,36,0,18
54,male,5,3,1.97,current,0,0,0,26.2,0,15
69,female,3,5,1.83,former,360,1,0,21.9,1,2
50,female,5,4,3.66,never,180,1,0,29.5,0,23
55,female,5,5,1.48,never,0,0,0,33.9,0,15
59,female,2,1,NA,never,0,0,0,31.8,0,21
50,male,5,5,4.9,never,0,0,0,26.4,0,26
52,male,3,2,5,former,0,0,0,31.9,0,20
61,male,5,5,1.7,never,0,0,0,33.4,0,34
54,male,1,1,1.3,never,30,0,0,27.5,0,29
64,male,4,4,1.65,former,0,0,0,33.7,0,37
63,female,4,5,5,never,0,0,0,49.3,0,15
76,male,3,5,3.61,former,0,0,1,26.6,0,31
63,male,3,2,1.22,current,0,0,0,26.9,0,31
59,female,3,4,3.22,former,140,0,1,21.9,0,14
80,female,3,4,1.85,never,0,0,1,29.6,0,24
70,male,3,2,2.03,former,0,0,NA,43.2,0,23
52,male,3,3,1.23,never,180,1,0,25,0,25
71,female,1,4,3.46,never,360,1,0,46.2,0,17
47,female,5,5,NA,never,600,1,0,27.5,0,13
71,female,3,3,1.58,current,720,1,0,32,0,27
58,male,3,3,0.58,current,0,0,0,21.5,0,30
49,female,5,4,0.48,former,120,0,1,37.7,0,32
58,female,1,1,NA,former,0,0,0,NA,0,23
57,female,5,5,5,never,240,1,0,26,0,34
60,female,4,4,2.09,former,480,1,0,33.6,0,15
43,male,4,5,5,never,340,1,0,27.4,0,24
80,male,2,2,1.45,never,0,0,1,23.3,0,15
63,female,4,5,1.24,former,0,0,0,45.1,0,18
51,male,2,4,3.34,never,480,1,0,24,0,33
75,male,3,2,1.03,former,0,0,1,29.9,1,15
51,male,1,2,0.41,former,0,0,0,25.1,0,34
60,male,3,3,1,former,0,0,0,54.6,0,32
61,male,4,4,2.41,former,0,0,0,35.4,0,32
50,male,4,4,1.87,former,0,0,0,39.8,0,16
63,female,4,5,4.16,former,120,0,0,38.6,0,13
64,female,5,4,3.13,never,0,0,1,27.4,0,16
66,female,4,3,1.63,current,0,0,1,36.5,0,25
78,female,3,2,1.11,former,0,0,1,26.9,0,14
78,female,1,3,1.97,former,0,0,0,27.9,0,25
51,male,3,4,0.28,current,0,0,0,24.7,0,22
48,female,3,4,3.65,former,0,0,0,28.5,0,34
63,male,5,5,3.39,current,60,0,0,24,0,26
76,female,3,4,1.65,never,0,0,1,31.8,0,18
68,male,3,5,2.43,former,210,1,0,26.2,0,17
59,female,2,2,1.59,former,0,0,0,33.1,0,19
63,female,4,4,1.35,never,160,1,0,24.3,0,33
80,male,3,1,1.36,never,60,0,0,23,0,14
45,male,4,5,5,never,60,0,0,39.4,0,12
80,male,3,5,5,former,0,0,1,35.5,0,29
66,male,5,5,3.23,never,100,0,0,23.4,0,26
66,male,2,1,NA,former,0,0,0,31.8,0,18
45,female,3,4,1.06,never,60,0,0,32.7,0,32
80,male,4,4,3.23,never,120,0,0,28.6,0,22
70,male,3,4,3.55,current,90,0,1,26.7,0,21
63,female,5,5,5,never,0,0,1,32.8,0,27
61,male,2,4,2.32,former,140,0,0,29.4,0,26
48,female,2,2,0.52,never,0,0,0,31,0,35
55,female,3,3,1.46,never,0,0,1,39.4,0,33
80,male,1,4,1.97,never,0,0,1,35.2,0,25
44,male,4,3,2.78,never,0,0,0,29,0,12
73,male,1,1,0.91,former,0,0,0,26.7,0,20
70,female,3,4,2.46,never,60,0,0,28.8,0,22
80,male,4,2,1.52,former,0,0,1,23.2,0,18
52,female,5,3,0.96,never,30,0,0,23.3,0,23
40,female,2,4,NA,never,0,0,0,24.4,0,18
40,female,2,4,5,never,1140,1,0,NA,0,31
51,female,3,3,1,current,0,0,1,20.4,0,15
80,male,3,2,1.7,former,0,0,1,19.7,0,15
80,female,4,5,NA,current,0,0,0,35.8,0,21
73,male,4,4,1.62,former,0,0,1,21.5,0,17
47,female,4,4,1.63,former,0,0,1,38.2,0,17
80,female,1,3,2.32,former,0,0,1,26.8,0,15
80,male,3,3,2.69,former,0,0,1,29.3,0,13
66,male,4,1,1.65,former,720,1,0,26.3,0,30
76,male,3,3,1.22,former,0,0,0,28.1,0,36
67,female,1,4,2.11,never,240,1,0,35.7,0,25
62,male,3,4,NA,former,240,1,1,23.8,0,23
69,female,3,4,1.81,former,0,0,0,40.1,0,13
64,female,1,4,3.29,former,228,1,0,25.1,0,31
57,female,5,3,NA,never,0,0,0,23.3,0,25
56,male,3,4,3.85,current,180,1,0,22.8,0,28
62,male,5,5,5,never,0,0,0,29.1,0,27
61,female,4,2,2.37,never,0,0,0,35,0,33
53,female,5,5,5,never,180,1,0,23.9,0,25
69,male,2,3,3.37,former,0,0,0,31.2,0,16
50,male,5,4,1.54,current,0,0,0,27.7,0,12
50,male,3,4,5,never,60,0,0,27.1,0,32
80,female,3,5,5,never,360,1,0,20.4,0,16
47,female,3,3,2.77,former,0,0,0,49,0,26
57,male,3,4,4.48,former,120,0,0,35.2,0,24
74,female,5,4,3.13,former,0,0,0,35.4,0,36
47,male,3,4,0.63,former,40,0,1,47.7,0,25
65,female,4,4,3.08,never,80,0,0,36.9,0,21
56,female,5,4,3.23,never,0,0,0,26.8,0,26
69,female,3,3,1.72,never,0,0,0,36.1,0,13
63,female,4,3,NA,never,0,0,1,39.2,0,28
76,male,3,4,4.01,never,300,1,0,32.9,0,17
54,male,5,4,2.94,former,0,0,1,42.8,0,14
70,female,3,4,1.2,never,0,0,1,29.3,0,19
45,male,3,4,1.78,current,0,0,0,22.8,0,14
68,male,3,5,5,current,480,1,0,27.9,0,33
80,female,3,3,2.46,never,240,1,1,26.9,0,14
66,male,3,5,5,never,1440,1,1,32.3,0,16
49,female,5,5,1.67,former,60,0,0,20.2,0,27
48,male,3,4,1.49,never,0,0,0,37.6,0,26
71,female,1,4,3.13,never,0,0,0,48,0,15
65,female,5,4,NA,current,0,0,1,31.9,0,32
57,male,5,3,0.06,never,0,0,0,21.7,0,13
66,male,4,3,NA,never,0,0,0,20.4,0,16
69,male,5,2,1.5,never,0,0,0,27.2,0,26
78,female,3,3,3.05,never,0,0,0,33.8,0,17
62,male,3,4,3.52,never,0,0,1,24.1,0,20
48,male,4,4,NA,never,1080,1,0,32.2,0,29
80,male,3,5,1.77,former,480,1,0,NA,0,30
80,male,3,1,1.91,never,0,0,1,35.6,0,27
43,male,5,4,1.67,never,0,0,0,27.3,0,25
79,female,3,4,1.07,former,60,0,0,31.9,0,28
80,female,3,4,0.6,never,0,0,0,24.9,0,14
47,female,5,1,0,never,0,0,0,29,0,29
42,female,4,3,1.33,never,0,0,0,39.2,0,17
61,female,4,3,NA,never,0,0,0,30.9,0,32
64,male,3,3,NA,never,420,1,0,50.7,0,29
49,female,1,2,1.02,never,0,0,0,31.6,0,28
55,male,3,3,NA,current,0,0,0,17.1,0,20
52,male,4,4,5,former,1560,1,0,29.5,0,19
64,male,4,4,0.73,current,0,0,0,19.4,0,14
80,male,3,4,0.09,former,0,0,1,28,0,25
64,male,2,5,4.1,former,540,1,1,24.3,0,35
80,female,3,5,3.98,never,60,0,1,24.3,0,24
80,female,3,5,2.43,never,0,0,0,28,0,31
56,male,1,3,4.45,never,0,0,0,28.8,0,32
73,female,1,2,1.68,never,0,0,0,31.1,0,13
40,male,5,5,NA,never,380,1,0,29.9,0,25
80,female,3,5,4.12,former,0,0,0,27.7,0,31
59,male,4,2,1.06,former,0,0,0,26.1,0,24
60,female,4,4,0.73,current,0,0,0,34.7,0,31
57,male,3,5,1.96,former,300,1,1,25.4,0,27
60,male,3,4,0.69,former,0,0,1,41.4,0,15
55,female,5,5,5,never,200,1,0,22.4,0,22
80,male,4,3,0.99,former,300,1,0,21.8,0,14
61,female,4,5,3.69,never,20,0,0,42.8,0,18
47,male,2,1,0.29,current,0,0,0,27.5,0,37
69,male,2,4,1.4,former,120,0,0,29.2,0,18
46,female,3,5,3.1,never,690,1,0,31.2,0,24
67,male,3,4,5,current,0,0,1,26.8,0,12
49,male,5,5,5,former,135,0,0,24.8,0,32
66,male,4,4,NA,never,0,0,0,27,0,27
52,male,5,3,0.33,current,0,0,0,21.5,0,29
42,female,3,4,1.08,former,0,0,0,56.6,0,14
45,male,5,5,5,never,630,1,0,24.8,0,32
80,male,3,2,NA,current,150,1,0,22,0,20
52,male,1,2,0.47,never,0,0,0,33.1,0,28
65,male,3,3,3.08,former,990,1,1,37.1,0,27
68,male,2,5,2.89,never,600,1,1,24.9,0,25
76,male,3,4,3.41,former,150,1,1,30.9,0,31
63,male,3,5,0.3,current,120,0,0,32.9,0,33
54,female,2,3,1.83,never,60,0,0,33.2,0,34
52,female,4,4,NA,never,0,0,0,41,0,15
52,male,3,4,0.23,current,240,1,0,34.4,0,22
58,male,3,2,0,current,180,1,0,26.2,0,33
42,male,1,1,2.89,never,0,0,0,37.8,0,32
63,male,5,2,0.41,current,0,0,0,23.4,0,14
65,male,5,1,NA,never,0,0,1,23.1,0,32
52,male,5,1,1.9,never,0,0,0,NA,0,16
47,female,1,3,1.38,never,240,1,0,37.6,0,21
73,male,3,4,1.49,former,0,0,1,40.2,0,23
68,male,4,2,0.77,never,120,0,0,NA,0,16
71,female,2,4,0.7,never,270,1,1,NA,0,17
54,female,3,5,NA,never,570,1,0,27.2,0,13
68,male,2,4,5,never,150,1,0,26.4,0,29
60,male,4,4,NA,current,180,1,1,24.8,0,20
65,female,3,5,2.92,never,0,0,0,31.3,0,31
54,female,5,4,2.85,never,30,0,0,24.3,0,26
52,female,5,3,0.08,never,0,0,0,27.5,0,18
61,male,5,2,0.79,never,0,0,0,26.7,0,14
65,female,5,5,5,never,180,1,0,26.8,0,12
73,female,4,3,4.4,never,0,0,0,39.1,0,20
62,male,1,1,NA,never,0,0,0,26.9,0,28
48,female,3,4,0.53,current,0,0,0,36.6,0,15
54,male,2,1,NA,never,0,0,0,29.5,0,35
60,male,2,4,5,former,900,1,0,28.8,0,20
55,male,5,5,4.62,never,0,0,0,30.4,0,34
64,female,4,3,2.49,former,0,0,0,33.2,0,19
78,female,3,5,5,never,0,0,1,36.6,0,32
63,female,5,5,5,current,140,0,0,26.2,0,34
57,male,3,5,5,never,180,1,0,29.1,0,20
61,male,1,1,NA,never,0,0,0,35.2,0,33
46,male,5,5,5,never,600,1,0,23.9,0,25
61,female,4,3,0.28,never,120,0,0,45.8,0,19
58,female,1,5,4.86,never,720,1,0,23.7,0,25
60,female,2,1,1.06,never,0,0,0,34.3,0,26
64,female,5,5,5,never,120,0,0,25.8,0,16
64,female,5,1,0.76,never,0,0,0,29.8,0,16
63,female,4,2,0.76,current,0,0,0,26.3,0,31
72,female,1,1,NA,former,0,0,0,28.3,0,13
80,female,3,4,1.58,never,0,0,0,30,0,20
80,female,3,5,3.48,former,420,1,0,27.5,0,19
63,male,4,5,5,never,0,0,0,26.3,0,17
64,male,3,3,5,former,240,1,1,28.6,0,12
74,male,3,3,0.62,former,0,0,0,31.9,0,14
80,male,3,4,0.73,never,0,0,1,24.6,0,26
75,female,3,4,2.79,never,0,0,0,35.2,0,11
45,male,4,5,3.4,never,360,1,0,40,0,33
55,female,4,5,3.79,never,280,1,0,32.2,0,19
50,male,5,3,3.49,former,0,0,0,43.7,0,28
54,male,5,5,5,never,0,0,0,22.8,0,28
80,male,3,5,1.7,never,0,0,1,34.6,0,31
52,male,4,3,2.62,never,0,0,0,26.1,0,24
80,male,3,4,1.81,never,0,0,0,30,0,31
56,female,4,5,5,never,1440,1,1,26.8,0,13
71,male,3,4,2.83,former,510,1,1,34,0,24
41,female,4,4,2.02,never,480,1,0,42.2,0,23
66,male,3,5,2.89,former,0,0,0,34.3,0,31
40,female,3,4,0.73,current,0,0,0,26.3,0,23
70,male,4,5,1.48,current,960,1,0,19.7,1,19
59,female,3,5,1.23,never,312,1,0,23.4,0,26
60,male,3,3,5,never,75,0,0,39.3,0,14
40,male,5,3,2.21,never,480,1,0,39.3,0,32
78,female,4,3,1.02,never,30,0,0,20.8,0,18
58,female,3,3,1.37,current,0,0,0,21.8,0,14
69,female,3,4,4.57,never,0,0,0,35.2,0,27
42,female,5,4,1.35,never,270,1,0,27.9,0,22
64,male,4,1,0.71,current,0,0,0,23.7,0,21
60,female,1,1,5,never,120,0,0,33,0,32
58,female,1,1,1.36,never,0,0,0,28.9,0,13
42,male,3,5,5,former,0,0,0,32.6,0,33
79,female,1,4,NA,never,140,0,1,22,1,2
47,female,3,5,3.98,never,225,1,0,31.1,0,30
45,female,4,5,5,never,90,0,0,NA,0,30
66,male,4,2,0.74,current,0,0,0,26.4,0,17
53,female,5,3,1.32,never,40,0,0,24,0,28
80,male,5,3,NA,never,0,0,0,29.9,0,14
70,male,5,5,3.65,never,750,1,0,23.4,0,23
49,male,4,4,1.97,never,180,1,0,38.3,0,19
54,female,3,4,1.06,current,0,0,0,33.4,0,31
49,male,3,4,1.46,former,0,0,0,35.8,0,23
46,male,3,4,4.15,former,60,0,0,26.2,0,19
71,male,3,5,4.56,former,160,1,1,33.5,0,35
74,female,2,3,5,former,120,0,0,35.4,0,26
73,female,4,3,1.85,never,0,0,1,31.5,0,17
53,female,4,4,1.04,never,0,0,0,49.8,0,19
64,male,5,5,0.35,current,60,0,1,26.2,0,29
72,female,3,2,1.28,current,0,0,0,21.2,0,17
54,male,4,5,5,never,0,0,0,27.7,0,22
72,male,3,4,1.91,former,0,0,1,28.2,0,23
60,female,4,5,2.36,never,0,0,0,36.2,0,33
80,female,4,3,2.73,never,0,0,0,34.2,0,15
53,male,1,1,0.12,former,0,0,0,30.9,0,13
76,female,5,4,5,former,0,0,1,20.7,0,24
54,male,5,5,2.12,never,180,1,0,27.2,0,17
68,male,4,5,3.67,current,1140,1,1,39,0,18
41,female,3,3,1.72,current,0,0,0,25.9,0,19
70,female,3,5,3.29,never,0,0,1,33.6,0,31
46,male,3,2,0.29,never,0,0,0,30.2,0,23
69,male,3,3,1.27,current,0,0,1,16.7,1,6
63,male,4,5,3.31,never,0,0,0,27.9,0,20
42,female,1,2,1.92,never,0,0,0,23.4,0,17
64,male,5,4,1.79,former,0,0,1,28.1,0,20
49,male,3,3,1.99,current,360,1,0,18.3,0,14
60,female,2,4,0.56,never,600,1,0,26.1,0,33
80,male,3,4,5,former,0,0,1,32.6,0,19
74,male,4,2,NA,former,30,0,0,26.2,0,32
71,female,4,4,1.02,never,600,1,1,22.8,0,30
49,male,3,4,5,former,0,0,0,30.2,0,25
80,female,3,4,NA,never,0,0,1,29.4,0,18
42,female,1,3,0.04,former,0,0,0,36.4,0,13
54,male,5,2,1.27,current,0,0,0,20.4,0,31
76,male,3,2,2.88,current,315,1,1,36.4,0,33
60,male,3,5,3.18,never,600,1,0,26.8,0,21
67,male,4,5,2.49,never,0,0,0,28.1,0,16
69,male,4,5,1.75,former,0,0,0,23.8,1,21
48,female,3,4,1.66,current,0,0,0,29.1,0,26
72,female,3,3,NA,never,600,1,0,27.6,0,33
61,female,3,5,NA,never,90,0,0,27.3,0,21
61,female,2,4,1.24,former,0,0,0,49.6,0,25
58,male,4,3,NA,current,0,0,0,28.3,0,22
77,female,3,5,5,never,280,1,1,22,0,27
50,male,5,3,2.45,current,840,1,0,25.9,0,26
53,male,4,4,1.46,current,300,1,0,34.7,0,16
80,male,3,4,NA,never,0,0,0,25.2,1,8
52,female,5,3,1.52,never,450,1,0,21.5,0,13
43,male,4,4,5,current,0,0,0,32.2,0,14
59,female,4,3,NA,never,60,0,0,31,0,23
62,male,2,4,1.77,current,0,0,0,22.1,0,13
77,female,3,4,1.76,never,100,0,1,24.6,0,28
46,male,1,4,5,never,1200,1,0,28.5,0,12
71,male,3,4,2.71,never,1440,1,0,27.8,0,14
42,male,5,4,3.04,former,0,0,0,39,0,22
74,female,3,4,2.46,never,450,1,0,28.9,0,15
73,female,3,3,2.83,never,0,0,0,35.3,0,14
44,female,4,5,5,never,0,0,0,44.6,0,30
80,female,1,1,0.61,never,0,0,0,NA,0,32
60,female,4,4,5,never,0,0,0,25.3,0,13
71,male,4,4,3.46,former,0,0,0,32.4,0,25
42,female,3,2,0.96,former,0,0,1,23.5,0,33
60,male,5,5,5,never,360,1,0,24,0,31
66,female,1,1,1,never,0,0,0,28.1,0,21
80,male,4,3,2.07,never,600,1,1,37.9,0,34
47,male,1,2,2.64,never,0,0,0,38.8,0,31
47,female,5,5,5,current,180,1,0,21.8,0,14
74,male,3,1,0.87,former,630,1,0,31.1,0,14
63,male,5,5,2.44,current,120,0,1,24.2,0,26
61,female,4,5,NA,former,180,1,0,29.1,0,22
66,male,1,4,5,former,0,0,0,36.4,0,29
62,female,3,5,4.53,former,90,0,0,32.2,0,32
50,female,1,4,5,never,330,1,0,26.8,0,29
61,female,2,1,NA,former,0,0,0,35.7,0,26
53,female,3,3,0.7,never,0,0,1,32.3,0,37
80,female,3,3,3.09,former,0,0,1,NA,0,31
69,female,3,3,5,former,180,1,0,25.2,0,21
58,male,1,1,1.83,former,0,0,0,29.9,0,33
65,male,4,3,0.92,current,0,0,0,23.9,0,23
41,female,5,4,1.56,never,0,0,0,21.9,0,20
66,female,4,4,2.54,former,0,0,0,32.4,0,18
42,female,1,5,4.63,never,0,0,0,26.4,0,13
47,male,3,4,1.65,current,0,0,0,28.2,0,15
65,male,4,5,NA,never,0,0,1,24.9,0,32
79,male,3,3,3.04,former,0,0,1,26.1,0,30
51,male,4,3,0.04,current,0,0,0,33.7,0,18
65,male,4,4,1.08,former,600,1,0,39.4,0,18
56,female,3,4,4.93,never,360,1,0,32.4,0,25
65,male,5,4,1.25,former,60,0,0,20.1,0,16
49,female,4,4,3.31,never,140,0,0,24.7,0,20
77,male,3,4,0.85,never,0,0,0,32.4,0,31
62,male,2,4,1.09,never,0,0,0,29.2,0,25
57,female,1,1,1.32,never,0,0,1,41.7,0,33
53,female,5,3,NA,never,0,0,0,31.5,0,25
50,male,2,2,1.96,current,0,0,0,42.4,0,31
60,female,3,4,0.97,former,270,1,0,27.5,0,23
72,female,2,1,NA,never,360,1,0,29.8,0,18
40,female,5,3,0.59,current,0,0,0,42.8,0,16
46,female,1,2,1.7,never,0,0,0,28.3,0,32
41,male,4,5,2.32,never,0,0,0,28.5,0,32
64,male,3,4,1.85,current,0,0,1,33.5,0,15
80,female,4,5,5,former,315,1,0,23.8,0,15
69,male,4,4,NA,current,2700,1,0,19.9,0,17
54,female,3,3,0.72,current,90,0,0,27,0,16
62,male,3,3,1.44,former,0,0,0,27.1,0,16
52,female,3,5,5,never,0,0,0,18.2,0,22
80,male,3,2,2.15,former,0,0,1,24.3,0,19
63,male,4,5,5,never,345,1,0,NA,0,29
66,male,5,2,2.98,never,560,1,0,22.8,0,27
45,female,3,4,1.14,current,420,1,0,40.1,0,25
48,female,4,2,NA,current,0,0,1,24,0,21
66,female,3,3,1.39,current,0,0,0,26.7,0,19
51,female,1,1,NA,never,30,0,0,34.6,0,29
66,male,2,4,1.07,never,720,1,0,23.6,0,25
46,female,4,5,5,former,180,1,0,24.9,0,34
44,male,3,4,2.61,former,0,0,1,29.5,0,19
44,female,3,5,5,never,75,0,0,30.3,0,16
43,male,4,5,3.03,never,360,1,0,27.3,0,16
58,male,5,4,3.65,never,30,0,0,28,0,28
46,male,4,3,3.4,never,0,0,0,25.2,0,36
71,male,4,2,2.1,current,0,0,0,18.1,0,32
53,male,5,3,0.25,current,360,1,0,36.5,0,21
80,male,3,5,3.08,never,45,0,1,23.7,0,15
77,male,3,4,5,former,0,0,0,28.5,0,31
58,female,1,1,NA,never,0,0,0,45.7,0,31
46,female,3,5,5,never,420,1,1,27.4,0,30
56,male,3,3,0.86,former,120,0,0,31.1,0,25
54,male,4,4,5,former,480,1,0,32.1,0,18
47,male,4,2,0,never,240,1,0,26.7,0,18
79,male,4,3,NA,current,0,0,0,27.1,0,18
62,male,1,1,2.43,never,0,0,0,25.2,0,26
65,female,4,3,NA,current,0,0,0,32.2,0,32
40,male,5,3,NA,never,0,0,0,29.5,0,16
80,male,3,3,2.99,former,480,1,1,31.4,0,30
64,female,2,1,0.95,never,0,0,0,30.6,0,33
67,female,4,3,1,never,0,0,0,34.9,0,17
72,male,3,4,1.35,never,360,1,1,32.3,0,15
80,male,3,1,5,former,0,0,1,30.2,0,34
60,male,3,4,2.65,never,0,0,0,40.3,0,28
71,male,3,3,1.17,former,0,0,0,35.2,0,23
79,male,4,3,2.94,former,0,0,0,22,0,13
62,male,1,1,0.83,never,280,1,0,29.2,1,13
51,male,5,3,4.52,former,0,0,0,25.1,0,19
40,female,4,4,1.69,never,90,0,0,47.1,0,15
53,male,1,3,3.69,former,0,0,0,28.1,0,23
46,female,4,4,3.08,never,0,0,0,29.7,0,23
41,male,2,1,0.51,never,120,0,0,36.2,0,34
65,male,4,2,0.15,current,0,0,1,27.6,0,24
59,male,1,1,1.32,former,0,0,0,22.2,0,33
40,female,1,4,3.4,never,160,1,0,28.3,0,29
58,male,3,5,3.32,current,140,0,1,26,0,22
78,male,2,2,1.54,former,0,0,1,26.8,0,13
67,male,1,1,0.83,former,30,0,1,24.3,0,13
66,male,1,3,NA,never,120,0,0,32.3,0,15
44,male,2,1,0.41,never,0,0,0,26.6,0,18
51,male,4,3,1.63,former,0,0,0,40,0,35
49,female,4,4,NA,current,0,0,1,41.1,0,27
63,male,2,2,2.14,current,0,0,0,33.5,0,30
80,male,3,3,1.78,former,0,0,0,23.6,0,25
60,male,4,4,NA,current,0,0,0,25.7,0,22
58,female,3,4,5,never,270,1,0,22.5,0,22
61,female,3,2,5,former,600,1,0,26,0,27
52,male,1,3,1.02,never,0,0,1,44.1,0,27
69,male,1,2,1.64,former,0,0,0,34.7,0,27
55,female,5,2,1.36,never,0,0,0,16.7,0,30
41,female,2,4,2.07,former,0,0,1,NA,0,25
80,female,3,5,NA,former,0,0,0,29.2,0,13
58,male,4,4,2.46,never,120,0,1,33.2,0,21
40,male,3,2,3.18,former,0,0,0,39.7,0,27
59,female,3,3,1.47,never,0,0,0,35.6,0,24
68,male,3,3,0.59,former,0,0,0,32,0,14
74,male,2,2,0.84,former,0,0,0,24.2,0,33
80,female,4,2,1.98,former,0,0,1,31.8,0,24
40,male,3,5,5,former,510,1,0,27.5,0,33
40,male,3,3,5,current,0,0,0,28.4,0,33
64,female,5,4,1.64,current,0,0,1,25.4,0,24
52,female,3,4,5,never,120,0,0,29.2,0,20
80,female,3,4,1.88,never,0,0,1,32.9,0,21
80,male,3,2,1.11,never,0,0,0,26.2,0,19
50,female,4,3,0.95,current,0,0,0,43.3,0,19
80,male,3,4,2.43,former,0,0,1,35,0,26
68,male,3,3,1.7,never,0,0,1,51.5,0,31
61,female,4,4,0.97,former,0,0,0,63.4,0,17
76,female,2,1,4.06,never,0,0,0,36.6,0,33
53,female,2,4,2.67,never,840,1,0,28.2,0,32
41,male,4,3,3.25,former,0,0,0,35.8,0,18
57,male,3,4,5,former,0,0,0,34,0,25
72,male,4,4,5,former,180,1,0,30,0,19
52,female,4,3,0.73,never,0,0,0,52.8,0,22
53,female,3,1,0.71,former,0,0,0,37.6,0,18
54,female,1,3,1.15,never,0,0,1,NA,0,32
78,male,4,1,2.09,never,30,0,0,24.7,0,16
79,female,5,1,NA,never,0,0,0,23.8,0,14
47,male,4,3,NA,current,0,0,0,41,0,20
48,male,3,4,NA,never,180,1,0,37.1,0,26
52,female,4,4,0.59,never,0,0,0,35.2,0,18
56,female,2,5,5,former,400,1,0,26,0,25
78,female,3,3,2.49,never,0,0,1,27.1,0,27
67,female,2,3,1.24,never,0,0,0,27.3,0,31
80,female,3,4,NA,former,0,0,0,20.1,1,18
60,male,3,4,NA,former,0,0,0,44,0,13
80,male,3,5,NA,former,180,1,1,23.4,0,32
58,female,2,4,NA,never,0,0,0,24.1,0,18
74,male,1,1,0.57,former,0,0,0,24.7,0,16
80,female,2,1,1.18,never,0,0,0,NA,0,14
79,female,3,5,3.09,never,210,1,1,24.1,0,33
80,female,2,1,0.29,never,0,0,1,28.2,1,9
61,female,4,4,3.48,former,300,1,0,26.5,0,27
54,male,4,2,0.94,never,0,0,0,34.9,0,35
70,male,4,3,1.89,former,0,0,0,35.6,0,18
75,male,5,3,0.86,never,0,0,0,26.9,0,13
53,male,4,5,1.58,never,360,1,0,30.6,0,27
67,male,4,4,0.96,never,80,0,0,41.1,0,12
64,female,2,1,0.25,never,180,1,0,37.8,0,29
80,male,4,3,0.65,never,0,0,0,27.5,0,17
72,male,5,5,1.29,never,105,0,0,24.2,0,24
77,male,3,4,1.07,never,160,1,0,28.2,0,29
60,female,4,4,NA,never,0,0,0,25.6,1,26
49,male,4,3,0.88,current,1080,1,0,22.8,0,17
47,male,3,4,1.23,former,420,1,0,28.3,0,26
73,male,3,4,4.41,former,0,0,0,26.3,0,25
63,male,3,3,1.6,never,0,0,0,30.4,0,14
77,male,2,3,2.27,former,0,0,1,35.2,0,31
68,female,3,5,5,never,720,1,0,26.9,0,20
59,female,4,3,1.18,former,0,0,0,40.4,0,15
67,male,5,5,3.63,never,780,1,0,28.4,0,28
74,male,3,3,1.37,former,0,0,1,20.3,0,18
75,female,3,5,1.37,never,60,0,0,32.9,0,17
55,male,5,4,2.44,former,0,0,0,23.6,0,16
44,female,4,3,2.78,never,0,0,0,20.6,0,22
56,female,4,5,NA,current,360,1,0,49.1,0,27
61,female,2,1,2.78,never,0,0,0,28.9,0,27
80,female,4,4,3.34,never,0,0,0,34.7,0,23
51,female,3,5,5,never,0,0,1,34.7,0,25
56,male,3,5,5,never,90,0,0,30.9,0,26
80,male,5,5,5,never,225,1,0,25.8,0,32
42,female,3,5,1.46,never,0,0,0,23.7,0,23
49,male,4,5,0.95,current,540,1,0,42.1,0,18
72,male,3,5,2.46,former,960,1,0,29.4,0,22
80,female,4,4,NA,never,0,0,0,44,0,17
55,female,1,4,5,never,315,1,0,25.7,0,29
56,female,4,5,4.8,never,80,0,0,49.8,0,26
60,female,4,3,0.81,never,240,1,1,31.3,0,24
60,male,4,3,2.47,never,360,1,0,32.5,0,36
80,male,3,4,NA,never,0,0,0,31.2,0,33
44,female,5,5,0.32,never,0,0,0,35.6,0,20
55,female,5,5,5,never,0,0,0,27.3,0,34
57,female,3,3,1.82,never,45,0,0,28,0,31
41,male,4,4,2.47,current,60,0,0,27.1,0,37
65,female,3,4,2.91,never,60,0,0,31.9,0,31
42,male,2,1,NA,never,0,0,0,29.8,0,29
48,male,2,3,4.07,never,0,0,0,39.4,0,19
60,female,2,3,5,never,0,0,0,26.6,0,27
80,female,4,3,4.08,never,0,0,1,23.1,0,24
56,male,2,3,0.87,never,360,1,0,30.7,0,17
75,male,3,4,4.56,former,630,1,1,24.1,0,20
51,male,5,5,1.56,current,0,0,1,24.2,0,28
74,male,3,4,2.48,never,90,0,0,31.7,0,14
73,female,5,3,2.19,former,0,0,0,27.5,0,31
50,male,4,5,5,never,900,1,0,34,0,29
49,male,3,5,5,former,100,0,0,28.7,0,13
69,female,1,3,3.69,never,135,0,0,38.1,0,26
57,male,3,5,1.78,never,0,0,0,44.2,0,22
57,male,3,4,5,never,405,1,0,30.7,0,32
59,male,3,5,5,never,600,1,0,22.4,0,13
70,male,3,5,3.34,former,750,1,1,32.4,0,30
71,male,4,2,1.54,never,0,0,1,23.7,0,16
70,male,3,5,NA,former,210,1,1,22.8,0,24
59,male,3,4,1.1,former,0,0,0,23.2,0,15
55,female,4,4,0.04,current,0,0,1,15.5,0,19
41,male,3,4,1.88,current,0,0,0,38.7,0,31
65,female,1,4,NA,former,0,0,0,26.8,0,14
59,female,3,5,3.69,never,300,1,0,22.1,0,14
70,female,1,3,1.75,never,0,0,0,27.9,1,1
77,male,1,2,2.06,former,0,0,1,30,0,34
63,female,3,4,NA,former,40,0,0,22.6,0,33
60,female,3,3,1.19,never,0,0,0,32.3,0,28
55,male,1,1,0.94,former,240,1,0,29.8,0,31
64,male,5,2,5,never,0,0,0,27.7,0,12
70,male,3,2,3.16,former,0,0,1,27.9,0,30
47,female,4,4,0,current,75,0,0,43.9,0,15
71,female,5,5,5,never,0,0,1,25.5,0,25
65,female,4,4,5,former,80,0,0,27.3,0,32
52,male,2,5,0.81,never,0,0,1,30.6,0,30
49,female,5,3,2.04,never,0,0,0,21.8,0,28
62,female,4,4,1.21,never,0,0,1,23.9,0,15
63,male,3,3,5,never,120,0,1,25.2,0,14
60,male,4,4,1.79,current,540,1,0,25.8,0,29
80,male,3,3,1.81,never,0,0,1,31.8,0,16
80,female,3,2,0.29,former,0,0,1,33.6,0,22
64,female,4,3,NA,never,0,0,0,33.9,0,16
52,male,3,4,4.93,never,60,0,0,44.9,0,26
61,male,2,2,0.92,former,0,0,1,46.5,0,22
68,female,5,4,0.74,current,0,0,1,42.7,0,30
50,male,1,2,0.1,current,0,0,0,32.8,0,27
72,female,4,4,1.08,former,630,1,0,37.9,0,22
66,female,3,2,0.95,never,0,0,0,30.2,0,15
44,male,2,1,0.66,never,0,0,1,26,0,21
46,male,2,3,1.29,never,0,0,0,26.3,0,25
80,female,1,1,0.97,former,0,0,0,19.3,0,13
55,female,3,2,1.93,never,0,0,0,23.2,0,15
80,female,3,3,1.58,never,0,0,1,26.4,0,24
55,male,5,5,5,former,1080,1,0,25.8,0,31
57,female,2,5,5,never,120,0,0,32.9,0,29
70,male,4,2,4.16,former,280,1,0,30.1,0,12
50,male,3,3,5,former,450,1,0,26.5,0,13
53,female,3,3,0.86,current,0,0,1,17.3,0,17
76,male,5,4,2.41,former,120,0,0,27.6,0,24
58,female,4,3,1.08,never,120,0,1,28.1,0,16
61,male,4,4,1.82,former,0,0,0,29.9,0,17
52,male,5,5,3.73,current,0,0,0,26.8,0,34
68,male,5,1,1.16,former,420,1,0,20.4,0,15
53,male,1,4,0.99,never,0,0,0,33.6,0,32
72,female,5,5,4.12,never,90,0,1,32,0,13
80,female,3,5,3.34,never,0,0,0,45.2,0,18
44,male,4,4,NA,current,0,0,0,36.3,0,17
51,male,4,3,4.81,current,0,0,0,18.2,0,31
42,male,4,3,1.33,never,0,0,0,33,0,19
59,male,5,5,5,never,150,1,0,24.7,0,26
52,female,4,4,1.66,never,60,0,0,49,0,24
80,female,3,4,5,never,0,0,1,20.6,0,16
60,male,3,4,0,current,0,0,0,26.7,0,24
44,female,5,4,3.49,current,135,0,0,29.2,0,33
69,female,3,4,1.4,current,0,0,1,31.9,0,16
53,male,1,1,2.38,former,0,0,0,42.3,0,25
77,female,3,5,5,never,90,0,0,32.4,0,19
70,female,2,3,5,never,0,0,0,20.1,0,26
56,male,5,5,4.68,never,120,0,0,28.8,0,34
49,male,5,4,1.91,never,1680,1,0,31.9,0,26
51,male,5,5,5,former,120,0,0,30.7,0,22
74,female,3,4,1.97,former,0,0,0,36.8,0,19
43,male,5,5,0.58,never,480,1,0,27.9,0,34
65,male,1,3,1.95,former,0,0,0,30,0,24
63,female,1,4,0.82,never,0,0,0,24.5,0,13
72,male,3,2,4.62,former,180,1,1,36.4,0,24
80,female,3,1,5,never,240,1,0,30.3,0,33
44,female,5,4,0.93,never,0,0,1,35,0,15
45,female,5,2,1.39,never,120,0,0,21.4,0,27
62,female,3,3,1.28,former,420,1,1,27.5,0,34
57,male,4,3,NA,never,1350,1,1,33.4,0,27
40,female,5,5,5,never,240,1,0,22.4,0,12
53,female,4,5,5,never,30,0,0,28.6,0,16
65,female,5,3,NA,current,0,0,0,25.8,0,13
47,female,3,3,0.96,never,570,1,0,22.8,0,30
43,female,1,1,1.11,never,0,0,1,29.6,0,21
44,female,1,1,1.36,never,600,1,0,32.5,0,31
61,male,1,2,5,never,0,0,0,34.4,0,13
46,female,3,5,NA,never,90,0,0,65.8,0,14
66,female,2,5,5,former,420,1,0,22.1,0,19
58,male,4,3,1.86,former,0,0,0,28,0,19
45,female,3,2,NA,never,390,1,0,29.1,0,32
52,male,3,2,1.32,never,0,0,0,34.4,0,37
45,female,5,5,4.69,never,340,1,0,33.7,0,33
60,male,5,3,1.72,former,0,0,0,NA,1,14
55,male,5,2,1.36,never,0,0,0,24.3,0,30
62,male,3,3,0,current,0,0,NA,15.1,0,31
66,female,4,4,2.36,former,0,0,0,37.2,0,24
40,female,1,2,1.09,former,0,0,0,28,0,28
54,male,3,2,2.77,current,0,0,0,22.8,0,25
67,female,4,5,1.06,never,0,0,0,33,0,18
58,female,2,3,1.83,never,70,0,0,37.1,0,34
41,male,1,3,NA,current,900,1,0,40.1,0,36
55,female,4,3,NA,never,0,0,0,38.9,0,14
80,female,3,3,2.31,never,0,0,0,27.9,0,30
65,male,2,1,1.87,never,720,1,1,28.8,0,17
46,male,5,4,5,former,0,0,0,35.3,0,25
80,female,3,2,1.82,never,0,0,1,NA,0,29
71,male,4,3,3.13,former,0,0,0,37.1,0,37
44,female,1,1,0.41,current,60,0,0,32.8,0,18
67,female,2,5,2.39,never,0,0,0,30.2,0,30
69,male,5,5,NA,former,450,1,0,25.2,0,26
61,female,4,3,5,never,360,1,0,34.9,0,21
73,female,3,4,1.23,current,0,0,1,26.4,0,31
56,male,4,4,1.49,former,240,1,0,22.2,0,24
60,male,4,3,0.16,current,0,0,1,21.3,0,30
80,female,3,4,3.33,former,0,0,1,28.3,0,22
69,male,3,5,5,former,120,0,0,27.4,0,23
71,female,3,3,4.62,never,0,0,0,28.3,0,23
47,male,1,1,1.11,former,0,0,1,29.8,0,21
54,female,1,2,NA,current,60,0,0,NA,0,32
71,female,2,1,0.09,never,150,1,1,24.8,0,33
69,female,5,1,1.06,former,0,0,1,52.6,0,33
78,male,1,1,NA,former,40,0,1,22.9,0,20
53,female,4,4,5,never,0,0,1,52.4,0,17
72,female,3,3,2.43,never,90,0,0,24.7,0,31
80,female,3,3,5,current,0,0,1,41.5,0,12
49,male,3,2,NA,current,0,0,0,29.7,0,20
80,female,3,5,2.71,former,420,1,1,25.9,0,20
69,male,5,5,1.54,former,0,0,0,25.6,0,24
45,male,5,5,4.17,never,700,1,0,25.2,0,18
80,female,3,5,1.74,former,0,0,1,29.6,0,15
75,male,3,3,1.52,never,0,0,1,28.5,0,14
45,male,1,3,3.38,former,390,1,1,27.2,0,22
68,female,2,1,1.1,never,0,0,1,25.8,0,34
41,male,4,5,NA,never,120,0,0,28.2,0,24
69,female,3,5,NA,never,0,0,0,34.7,0,35
57,female,4,2,0.12,never,180,1,0,31.6,0,36
57,male,3,4,NA,current,20,0,0,21.7,0,32
57,male,4,3,1.44,never,0,0,0,24.5,0,29
45,female,2,1,1.22,never,210,1,0,30.5,0,28
41,female,5,5,5,never,240,1,0,20.6,0,25
67,female,1,5,3.88,never,0,0,0,37.4,0,20
43,male,5,4,0.59,never,720,1,0,26.7,0,28
80,male,3,1,3.69,former,0,0,0,27.6,1,25
80,female,4,2,0.97,former,0,0,1,27.4,0,23
80,male,5,3,1.66,never,180,1,0,27.9,0,26
47,male,1,2,0.04,never,180,1,0,35.9,0,30
48,male,1,2,1.89,former,0,0,0,31.3,0,26
65,female,4,2,0.42,never,0,0,0,29.2,0,30
52,female,3,4,0.75,current,60,0,0,27.7,0,22
48,female,3,4,4.86,never,150,1,0,28.7,0,14
62,female,1,1,NA,never,0,0,0,34.8,0,28
59,male,3,5,2.47,current,0,0,0,27.8,0,27
64,male,4,5,1.22,never,60,0,0,28.8,0,23
64,male,3,3,5,former,0,0,0,29.2,0,22
63,male,3,3,0.91,never,0,0,1,41.9,0,22
51,female,3,4,3.29,former,0,0,0,32.9,0,35
65,male,4,4,2.16,current,0,0,0,17.7,0,17
67,female,5,5,3.91,never,420,1,1,24.3,0,34
64,male,5,4,1.79,current,0,0,0,25.4,0,13
76,male,4,5,3.32,current,0,0,0,28.3,0,28
72,male,3,4,4.65,never,0,0,1,40.9,0,12
80,female,3,3,1.67,current,0,0,1,23.9,1,30
48,female,5,5,3.85,never,90,0,0,20.7,0,33
72,female,3,4,5,former,20,0,0,23,0,13
58,female,5,3,5,never,2310,1,0,18.4,0,30
71,male,4,5,0.97,former,0,0,0,30.7,0,16
80,male,3,2,0.86,former,0,0,1,25.8,0,19
57,female,3,3,5,former,80,0,0,28.3,0,25
68,female,5,1,0,never,0,0,0,25.7,0,33
45,male,3,3,2.21,never,620,1,0,22.7,0,13
80,male,3,5,1.66,former,90,0,0,21.2,0,22
62,male,4,3,1.57,former,0,0,1,43.3,0,20
63,male,4,5,NA,never,0,0,0,40.8,0,33
54,male,5,4,5,never,0,0,0,31.5,0,12
49,female,3,3,1.75,current,0,0,0,22.1,0,21
61,female,3,3,3.04,current,0,0,0,31.8,0,31
62,female,2,5,2.77,former,0,0,0,34.8,0,15
57,female,3,5,5,never,230,1,1,28.2,0,23
41,female,3,4,1.13,current,960,1,0,34.2,0,26
65,male,3,3,2.33,former,0,0,0,43.3,0,17
71,male,5,3,1.4,former,0,0,NA,37.3,1,7
69,male,4,3,5,former,0,0,0,40,0,13
54,male,3,5,NA,never,600,1,1,26.2,0,13
60,male,5,3,1.05,never,0,0,1,41.5,1,9
66,female,4,3,0.66,former,0,0,0,39.1,0,37
80,male,4,1,1.4,former,0,0,0,24.2,0,32
76,male,3,5,5,never,120,0,1,35.8,0,36
67,male,1,1,NA,never,210,1,1,29.5,0,14
80,female,3,3,0.15,never,140,0,1,22.9,0,31
69,male,5,5,2.28,former,0,0,0,26.9,0,27
80,male,5,2,0.95,never,0,0,0,25.4,0,34
55,male,4,4,2.24,former,0,0,0,40.8,0,25
67,male,3,3,1.02,former,0,0,0,35.3,0,24
46,female,1,1,NA,never,360,1,0,20,0,27
73,male,3,2,3.39,former,0,0,0,30,0,12
54,male,5,5,5,never,1440,1,0,25.8,0,36
77,female,5,5,2.46,never,0,0,0,23.3,0,26
47,female,3,3,NA,current,0,0,0,30.5,0,21
55,female,5,5,5,never,0,0,0,22.5,0,29
80,male,3,1,2.19,former,0,0,0,21.4,0,21
77,male,3,4,1.42,former,0,0,1,32.2,0,32
51,male,3,3,0.92,current,0,0,0,24.9,0,14
45,male,5,5,0.32,never,0,0,0,27,0,21
48,male,5,5,5,never,270,1,0,26.5,0,28
61,male,4,3,NA,former,0,0,0,23.8,0,17
56,female,3,4,0.16,former,60,0,0,29.7,0,31
58,male,1,2,1.59,former,180,1,0,21.9,0,24
52,male,1,1,2.02,never,0,0,0,26.1,0,26
47,female,5,4,2.03,never,540,1,0,29.6,0,23
80,female,3,3,NA,never,60,0,1,35.3,0,31
61,female,4,3,NA,never,0,0,0,22.1,0,22
50,male,2,4,5,never,480,1,0,29.9,0,27
55,male,3,1,0.55,never,0,0,1,39.8,0,20
46,male,3,4,2.41,current,0,0,0,22.7,0,20
80,female,3,3,2.43,never,0,0,1,28.1,0,16
57,male,5,4,0.2,former,0,0,0,21.7,0,15
53,male,5,5,3.92,never,90,0,0,21.1,0,24
47,female,1,1,2,never,0,0,0,29.9,0,24
80,male,1,4,1.19,never,0,0,0,30.7,1,20
70,female,3,2,1.24,former,180,1,0,50.3,0,14
56,male,4,4,NA,former,240,1,0,28.9,0,16
53,female,5,3,5,never,180,1,0,28.3,0,25
80,female,3,5,NA,never,0,0,0,45,0,33
45,male,3,2,1.11,current,50,0,0,21.8,0,13
43,female,4,4,1.04,former,0,0,0,64.2,0,15
74,female,4,4,NA,current,0,0,0,60.6,1,7
54,female,2,4,1.72,never,0,0,0,35.6,0,34
73,male,3,3,0.88,never,0,0,1,25.7,0,13
69,male,5,4,4.07,current,180,1,0,27.8,0,16
47,female,3,3,2.47,former,180,1,0,39.1,0,26
61,female,4,4,1.57,former,0,0,0,35.8,0,18
80,male,3,3,5,never,0,0,0,23.3,0,17
54,male,4,3,NA,current,0,0,0,35.6,0,36
62,female,2,3,1.69,never,0,0,0,31.3,0,36
80,male,3,5,1.23,former,0,0,0,25.8,0,15
57,female,4,3,3.11,former,0,0,0,46.3,0,18
53,male,1,3,5,former,0,0,0,47.5,0,31
80,male,3,4,1.44,former,120,0,1,28.3,0,23
44,female,3,5,1.15,never,480,1,0,20.2,0,22
63,male,4,4,NA,former,180,1,0,31.9,0,18
63,female,2,4,5,former,1620,1,0,29.6,0,24
80,male,3,2,0.62,former,0,0,0,26,1,32
54,female,2,5,3.3,never,0,0,0,33.6,0,22
41,male,3,4,3.05,former,0,0,0,36.5,0,21
50,female,5,5,2.16,never,0,0,1,24.4,0,15
47,female,3,5,4.17,never,660,1,0,23.6,0,26
49,male,3,2,1.19,former,0,0,1,25.4,0,14
48,female,1,3,1.99,never,0,0,0,29.8,0,13
64,female,3,4,1.73,never,0,0,0,31.4,0,26
56,female,3,3,1.72,current,300,1,0,24.8,0,26
55,male,1,4,3.31,never,15,0,1,26.5,0,13
46,male,4,5,2.06,never,30,0,0,32.4,0,22
61,female,1,1,NA,current,0,0,0,26,0,34
41,male,2,5,5,former,270,1,0,32,0,18
42,male,4,5,5,former,300,1,0,29.4,0,28
50,female,5,5,4.62,never,0,0,0,30.6,0,34
54,male,3,2,0.86,current,0,0,0,18.4,0,15
50,male,3,3,1.95,never,0,0,0,29.1,0,21
62,female,5,2,2.98,never,30,0,0,24.5,0,27
44,female,5,2,1,never,0,0,0,22.8,0,16
56,female,3,4,0,never,0,0,1,30,0,25
41,male,1,1,1.14,former,0,0,0,25.3,0,28
63,male,1,1,1.22,never,0,0,0,27.9,0,29
56,male,5,5,3.25,former,210,1,0,24.1,0,29
63,male,5,2,2.38,never,180,1,0,24.9,0,13
60,female,4,5,3.65,never,210,1,0,43.3,0,17
56,female,5,5,2.11,never,0,0,0,19.7,0,34
77,female,4,4,1.52,never,0,0,1,26.2,0,19
40,female,1,3,NA,never,200,1,0,33.6,0,28
40,female,4,4,1.14,never,0,0,0,30.6,0,19
67,female,3,4,2.49,current,0,0,0,24.8,0,23
80,female,4,4,2.77,never,0,0,0,24.7,0,20
79,male,5,5,4.57,former,0,0,0,24.2,0,35
66,male,5,4,0.75,current,120,0,0,25.1,0,15
68,male,5,4,1.8,former,0,0,0,24.9,0,17
64,male,1,5,5,former,0,0,0,29.9,0,27
65,male,3,4,3.69,former,0,0,0,30.4,0,25
41,female,5,4,3.4,never,0,0,0,45.8,0,29
71,female,5,5,1.82,never,120,0,0,30.7,0,22
73,female,3,4,1.74,never,0,0,0,30.1,0,25
78,female,3,4,2.43,never,0,0,1,29.1,0,31
56,female,2,5,4.08,never,0,0,0,29.5,0,33
51,male,4,3,0.82,former,0,0,0,26,0,27
60,male,3,2,1.58,current,0,0,1,NA,0,32
41,male,1,3,2.2,never,240,1,0,33.7,0,21
49,female,3,4,NA,never,0,0,0,24.5,0,23
74,male,3,3,2.3,former,0,0,1,34.9,0,15
40,female,3,5,1.32,never,0,0,0,39,0,25
69,female,4,5,2.37,never,0,0,0,30.4,0,36
60,male,5,5,5,never,0,0,0,37,0,33
60,female,3,4,1.68,never,90,0,0,20.6,0,33
46,male,2,3,0.1,current,0,0,0,27.9,0,17
73,male,3,5,NA,never,420,1,1,26.1,0,32
69,male,4,5,5,current,225,1,1,32.8,0,17
62,female,4,2,0.87,current,0,0,1,43.8,0,23
77,male,3,4,1.52,former,0,0,1,56,0,31
45,female,1,2,0.48,never,0,0,0,33.2,0,28
41,female,4,3,0.55,never,0,0,0,26.1,0,21
63,male,5,5,5,current,0,0,0,26.6,0,26
49,female,1,1,4.45,never,0,0,0,27.6,0,33
47,female,3,5,3.61,never,0,0,0,50.8,0,14
56,female,4,4,3.32,never,180,1,0,43.2,0,15
60,male,3,3,1.54,never,150,1,0,34.6,0,27
80,male,4,1,0.99,current,0,0,0,NA,0,20
52,female,5,4,1.97,former,0,0,1,28.7,0,25
67,male,4,1,1.17,former,0,0,1,22.3,1,6
47,female,2,5,4.18,never,60,0,0,NA,0,34
55,female,1,3,3.31,never,0,0,0,26.6,0,14
42,male,3,3,5,never,0,0,0,41.8,0,31
54,female,4,3,NA,never,120,0,0,36.6,0,23
50,male,1,4,2.72,current,240,1,0,30.8,0,34
76,male,4,4,3.29,former,0,0,0,30.7,0,13
80,female,3,3,4.27,never,0,0,1,23,0,17
69,female,4,3,1.79,former,0,0,0,32.9,0,17
80,female,4,3,NA,former,0,0,0,23.8,0,17
47,male,5,4,5,never,0,0,0,32.1,0,34
80,male,5,4,3.54,former,0,0,0,27.2,0,20
80,male,3,2,1.32,never,0,0,1,NA,0,30
53,male,4,4,1,current,0,0,0,45.3,0,26
79,male,3,2,1.23,current,0,0,0,21.7,0,32
57,male,3,4,5,former,540,1,1,23.2,0,28
52,female,5,4,NA,current,0,0,0,28.8,0,14
55,male,5,5,5,never,80,0,0,21.1,0,34
66,male,3,5,2.92,never,0,0,0,23.3,0,32
71,male,3,5,3.71,never,360,1,1,25.8,0,30
47,male,4,5,3.47,never,300,1,0,26.1,0,13
50,female,5,5,4.57,never,180,1,1,22.2,0,34
67,male,4,3,4.15,current,0,0,0,28.5,0,20
54,female,2,5,3.59,former,0,0,0,26.8,0,30
77,male,3,5,5,former,0,0,1,38.3,0,23
62,male,3,5,5,never,180,1,0,39.4,0,32
54,female,4,5,0.28,never,0,0,1,43.4,0,17
55,female,2,3,NA,never,0,0,1,41.8,0,20
56,female,4,4,5,never,435,1,0,25.3,0,24
50,female,3,4,5,never,0,0,0,33.6,0,32
45,male,4,5,3.13,never,0,0,0,25.3,0,14
53,female,5,1,2.16,never,0,0,0,24.3,0,16
65,male,5,5,4,current,0,0,0,31.9,0,20
56,female,5,4,1.18,former,0,0,0,28,0,28
80,male,3,4,1.35,former,90,0,0,27.3,0,28
61,female,3,3,0.58,former,0,0,0,42.4,0,19
67,male,5,NA,1.53,former,210,1,0,26.7,0,20
58,female,2,1,NA,never,0,0,0,33.2,0,34
60,male,4,5,5,former,300,1,0,28,0,18
46,female,4,5,1.79,never,180,1,0,32.7,0,15
46,female,4,4,2.73,never,0,0,0,46.4,0,20
52,male,5,4,1.99,former,0,0,0,23.4,0,22
73,male,5,4,4.8,former,0,0,0,29.5,0,26
60,male,1,4,4.86,never,120,0,0,29.1,0,15
45,female,5,5,3.15,never,300,1,0,24.4,0,16
80,male,3,5,5,former,480,1,0,25.3,0,17
71,male,3,3,5,never,0,0,1,34.4,0,31
71,male,5,5,NA,former,240,1,0,37.6,0,17
57,male,5,3,NA,current,720,1,1,24.9,0,13
60,female,3,4,1.79,former,120,0,0,32.4,0,33
64,female,5,3,0.35,never,0,0,0,19.3,0,29
42,female,4,5,5,never,75,0,0,26.6,0,34
50,male,5,5,5,former,840,1,0,27.4,0,34
74,male,1,1,NA,never,840,1,0,25.7,0,26
60,male,3,4,2.47,former,0,0,0,35.5,0,16
73,male,3,3,1.97,former,0,0,1,27.8,0,23
49,female,4,4,NA,never,270,1,0,33.7,0,16
44,female,3,4,5,never,0,0,0,33.4,0,19
47,male,5,4,0.87,current,0,0,1,29.6,1,7
65,female,3,4,4.62,former,60,0,0,23.3,0,11
64,female,2,3,NA,never,0,0,0,37.5,0,19
60,male,5,5,NA,former,0,0,0,22.2,0,33
47,female,3,4,NA,never,0,0,0,32.4,0,26
80,female,3,3,2.55,former,0,0,1,29.4,0,33
64,female,2,4,5,never,0,0,0,36.2,0,29
55,female,3,5,NA,never,0,0,0,28.2,0,34
58,male,3,3,NA,former,0,0,0,30.2,0,31
49,female,4,4,4.07,never,840,1,0,30.9,0,24
71,female,3,4,4.56,never,180,1,0,25.8,0,31
54,female,5,4,3.48,never,0,0,0,20.9,0,33
69,male,5,5,5,never,315,1,1,23.3,0,12
67,female,2,4,1.16,former,0,0,0,31.9,0,20
63,male,3,5,NA,never,270,1,1,23.1,0,22
57,female,5,2,2.03,current,0,0,0,22.1,0,23
58,male,5,3,NA,never,0,0,0,41.2,0,33
45,male,3,5,1.77,never,100,0,0,24.5,0,28
62,male,2,1,0.56,former,450,1,0,27.3,0,32
78,female,3,4,3.4,never,60,0,0,34.1,0,12
64,female,4,2,3.14,current,0,0,0,31.4,0,19
62,male,3,4,1.68,former,0,0,0,28,0,15
45,female,5,4,4.33,never,0,0,0,34.2,0,14
42,female,1,1,0.45,never,180,1,0,28.7,0,27
73,female,3,4,NA,never,0,0,0,48.5,0,22
70,female,4,1,0.31,never,0,0,0,24.2,0,15
43,female,3,3,0.79,current,0,0,0,19.4,0,20
41,male,3,5,5,former,100,0,0,22.1,0,30
80,male,3,4,2.92,never,0,0,NA,25.8,0,25
56,male,1,5,5,never,450,1,0,26,0,28
76,female,3,3,1.34,never,0,0,1,29.7,0,22
61,female,5,5,4.25,never,630,1,0,19,0,34
63,female,3,3,3.69,current,0,0,1,26.3,0,20
80,female,3,5,NA,never,0,0,1,29,0,14
69,female,4,5,2.22,current,180,1,0,27.9,0,20
57,male,5,5,5,never,0,0,0,27.3,0,12
67,female,1,1,0.78,never,0,0,0,35.6,0,34
65,male,3,3,1.45,former,600,1,0,27.5,0,20
80,male,3,3,1.81,former,120,0,0,29.2,0,15
80,male,3,2,1.6,former,0,0,1,NA,1,6
74,male,4,3,1,never,840,1,0,29.1,0,24
54,female,3,4,0.91,never,30,0,0,25.8,0,31
40,female,1,4,4.93,never,660,1,0,27.3,0,33
62,female,1,1,NA,never,100,0,0,34.5,0,14
61,female,4,5,0.85,former,0,0,0,32.9,0,16
71,male,3,5,NA,former,480,1,1,33.4,0,20
64,male,1,1,1.35,never,90,0,0,27.9,0,27
44,female,5,2,1.97,never,0,0,0,24.5,0,31
62,male,2,1,0.25,never,0,0,0,28.4,0,14
40,male,4,4,3.34,current,0,0,0,41.3,0,35
41,female,4,5,5,current,240,1,0,41.7,0,28
78,male,1,2,3.29,never,0,0,1,27.4,0,28
52,female,3,4,NA,never,330,1,0,34.8,0,31
61,male,2,4,4.93,never,240,1,1,33.5,0,32
80,female,4,3,1.15,never,0,0,1,28.8,0,18
58,female,3,2,5,never,150,1,0,21.5,0,32
47,male,1,1,2.39,never,0,0,0,29.9,0,29
75,female,5,1,NA,never,0,0,1,26.2,0,15
70,female,3,4,NA,never,0,0,0,31.8,0,15
80,female,4,5,2.36,former,150,1,1,39.4,0,24
67,male,3,3,1.7,never,0,0,0,28.1,0,21
80,female,3,5,4.88,never,160,1,1,27.9,0,26
57,male,3,3,1.4,current,480,1,0,21.4,0,32
59,female,3,5,5,former,0,0,0,35.8,0,27
49,male,4,3,0.9,current,0,0,0,23.8,0,23
69,female,4,2,0.95,current,0,0,1,29.7,0,25
80,male,5,3,1.34,former,0,0,1,28.9,0,24
61,female,2,1,NA,never,0,0,1,40.5,0,28
66,female,5,5,4.78,never,315,1,0,23.7,0,28
72,male,3,5,5,former,180,1,1,25.6,0,16
42,female,4,4,2.37,never,1800,1,0,26.8,0,33
65,male,5,5,5,former,0,0,0,25.8,0,33
55,female,1,3,1.44,current,0,0,0,36,0,32
61,male,4,5,4.25,former,120,0,0,27.2,0,36
40,female,5,5,0.58,never,1170,1,0,25,0,35
49,female,3,2,0.64,current,0,0,0,38,0,22
53,male,1,3,1.41,former,180,1,1,27.8,0,32
67,male,5,1,1.63,former,140,0,0,24.1,0,18
43,male,3,2,1.67,former,0,0,0,NA,0,27
80,female,1,3,1.63,never,0,0,0,NA,0,25
80,male,3,3,1.66,former,360,1,1,25.3,0,14
80,female,3,3,2.92,former,0,0,1,32.2,0,26
61,female,3,5,5,never,75,0,0,23.7,0,33
66,female,3,5,5,never,0,0,1,24.2,0,14
56,male,4,1,0.81,never,0,0,0,23.3,0,15
46,female,3,4,0.44,never,40,0,0,34.9,0,22
54,female,4,5,NA,never,0,0,0,22.8,0,16
80,female,3,4,1.42,never,0,0,1,NA,0,17
59,male,2,4,5,current,225,1,0,31.2,0,28
74,female,3,3,2.97,never,1380,1,0,27,0,33
41,male,1,2,2.89,current,60,0,0,32.5,0,32
45,female,1,3,1.91,never,320,1,0,38.9,0,27
80,female,3,5,1.89,never,300,1,1,28.6,0,34
54,male,3,4,NA,never,0,0,1,24.6,0,14
76,female,2,1,1.54,never,0,0,0,32,0,14
61,male,1,1,NA,current,0,0,0,32,0,29
77,male,5,2,NA,never,0,0,0,23.4,0,31
74,male,5,5,5,current,0,0,0,29.7,0,31
52,female,4,4,0.66,current,0,0,0,24.3,0,12
41,female,3,5,4.09,current,0,0,0,40.4,0,28
73,male,3,5,2.77,former,0,0,1,26.3,0,14
76,female,3,5,5,never,810,1,0,25.4,0,14
68,male,3,3,1.61,never,60,0,0,36.8,0,30
40,female,4,4,NA,never,0,0,0,38.5,0,18
80,female,3,2,2.88,never,0,0,0,29.8,0,15
42,female,3,3,0.69,current,0,0,0,48.2,0,20
78,female,5,5,NA,never,420,1,1,24.4,0,15
40,male,5,3,0.56,current,420,1,0,29.9,0,27
60,male,1,4,2,never,1890,1,0,25.6,0,27
56,female,1,2,NA,never,0,0,0,34.7,0,25
65,male,4,1,NA,current,0,0,0,NA,1,2
80,female,3,4,1.84,current,15,0,1,19.9,0,25
45,female,3,4,2.43,never,30,0,0,23.5,0,17
62,male,4,3,3.57,current,0,0,1,25.4,0,32
55,male,5,5,1.52,never,630,1,0,22.6,0,12
46,female,1,2,1.1,never,0,0,0,30.2,0,33
69,male,4,4,0.8,current,0,0,0,19.1,0,33
43,female,3,4,1.08,current,180,1,0,35.5,1,13
70,female,2,1,NA,current,0,0,1,25.5,0,33
55,male,3,4,2.22,former,0,0,0,35.1,0,22
55,female,1,5,5,never,240,1,0,23.3,0,27
62,male,1,2,0.25,former,0,0,1,26.4,0,16
71,female,1,1,NA,never,210,1,0,34.5,0,15
48,male,4,3,1.92,never,0,0,0,37.8,0,33
69,female,4,5,5,former,0,0,0,34.8,0,16
47,male,3,5,5,never,784,1,0,26.6,0,34
49,male,1,1,1.73,never,0,0,0,39.3,0,31
43,male,3,4,4.68,never,630,1,0,23.5,0,26
60,female,5,4,5,never,0,0,1,34.7,0,27
69,male,4,4,5,current,150,1,0,31.1,0,13
80,male,3,4,1.82,never,90,0,1,32.2,0,17
50,male,4,2,4.62,former,180,1,0,34.7,0,14
60,male,3,3,1.98,former,0,0,0,21.7,0,20
80,female,3,4,4.56,never,120,0,0,30.5,0,32
46,male,5,4,NA,current,300,1,0,35,0,30
58,male,3,2,1.85,never,0,0,0,26.8,0,25
74,male,2,2,4,former,0,0,1,28.9,0,18
51,female,3,3,1.46,never,0,0,0,30.4,0,20
47,male,2,5,2.92,never,240,1,0,27.4,0,30
50,male,4,4,NA,former,1560,1,0,45.2,0,18
52,male,4,4,2.9,never,360,1,0,35.1,0,15
61,female,1,1,2.95,former,0,0,1,28.5,0,13
52,female,4,4,NA,never,900,1,0,64.7,0,31
61,female,2,3,0.92,never,0,0,0,18.8,0,24
80,female,5,1,1.16,never,0,0,0,21.8,0,15
44,female,5,3,1.02,never,0,0,0,30.9,0,27
53,female,4,5,4.65,former,450,1,0,30.7,0,22
80,male,3,2,1.2,current,0,0,1,17.3,0,26
80,male,3,5,5,former,360,1,1,26.4,0,32
47,male,3,2,NA,never,120,0,0,34.4,0,32
59,female,5,2,2.24,never,0,0,0,25.5,0,27
71,male,3,4,3.43,current,240,1,0,20.3,0,12
73,male,3,5,4.93,former,0,0,0,28.3,0,12
52,female,4,5,2.2,never,360,1,0,67.7,0,23
59,male,3,5,0.75,never,180,1,0,26.6,0,22
72,male,3,5,4.62,never,240,1,0,33.5,0,12
41,female,2,4,NA,current,120,0,1,35.9,0,20
49,male,4,4,NA,former,0,0,0,25.3,0,16
76,male,5,2,3.04,current,0,0,1,19.9,0,22
62,female,4,3,1.35,former,0,0,0,43.2,0,33
50,male,5,5,5,never,45,0,0,28.8,0,33
55,male,2,4,NA,former,0,0,0,41.7,0,21
52,female,3,5,5,never,60,0,0,43.1,0,14
61,female,4,3,NA,never,0,0,0,35.6,0,22
64,male,3,3,NA,never,0,0,0,32,0,22
71,male,4,3,NA,former,0,0,0,29.9,0,33
42,female,4,4,0.73,never,0,0,1,NA,0,14
52,female,4,4,1.82,former,90,0,0,36.3,0,17
64,male,5,3,1.54,former,0,0,0,28.9,0,13
48,female,3,4,2.44,former,0,0,0,34.6,0,22
68,female,4,3,5,never,180,1,1,31.5,0,22
79,female,3,5,2.43,former,150,1,0,20.7,0,30
73,female,3,4,3.65,never,0,0,1,23.2,0,31
47,female,1,5,NA,never,0,0,0,40.5,0,28
63,female,3,3,5,current,0,0,0,31.6,0,17
40,male,3,3,0.39,never,270,1,0,34.5,0,34
55,female,4,5,5,never,0,0,0,20.2,0,12
64,female,5,4,2.38,never,180,1,0,19,0,25
62,male,5,5,4.56,never,495,1,0,29.3,0,13
41,female,4,5,1.57,never,120,0,0,34.7,0,15
54,male,3,3,1.71,never,150,1,1,20.1,0,31
80,male,3,4,1.32,former,0,0,1,35.9,1,16
71,male,3,3,0.83,current,0,0,0,19.1,1,6
80,male,3,5,4.04,former,0,0,1,NA,1,7
80,male,3,5,5,former,270,1,1,19.7,0,24
68,female,5,5,1.23,never,240,1,0,21.9,0,15
57,female,4,4,5,never,420,1,0,43.7,0,20
53,female,5,5,5,never,0,0,1,24.8,0,13
71,male,3,3,1.83,never,0,0,1,28.5,0,26
80,female,4,2,1.1,former,0,0,0,NA,1,9
80,male,3,4,1.65,never,0,0,0,28.3,0,36
69,male,3,3,1.67,former,150,1,0,24.3,0,13
63,female,4,5,NA,never,0,0,0,56.1,0,19
70,male,5,2,1.66,current,0,0,1,19.1,1,19
62,female,3,5,5,never,480,1,0,30.2,0,33
42,female,3,2,0.58,current,0,0,0,34.6,0,24
63,female,4,4,1,former,30,0,0,37.8,0,14
40,male,5,5,4.08,never,60,0,0,27.7,0,33
69,male,1,1,1.96,never,0,0,0,28,0,29
54,female,1,1,5,never,0,0,0,24.9,0,13
61,male,3,5,5,never,1800,1,0,37.3,0,19
65,female,4,3,NA,former,360,1,0,32.1,0,31
80,female,3,2,NA,never,0,0,1,24.8,0,33
47,male,4,4,3.85,never,240,1,0,24,0,27
80,female,3,4,4.21,never,0,0,0,32.1,0,31
54,male,5,5,5,never,150,1,0,27.5,0,25
41,male,4,4,5,never,720,1,0,29.2,0,15
67,female,4,4,2.46,never,135,0,0,34.3,0,12
80,male,5,5,0.83,former,300,1,1,29.5,0,25
70,female,5,3,3.04,never,600,1,1,NA,0,16
79,female,3,3,1.17,never,210,1,0,22.1,0,26
62,male,5,5,NA,never,180,1,0,24.3,0,33
63,female,3,5,2.74,never,240,1,0,27.3,0,15
80,female,4,3,0.91,never,0,0,0,22.4,0,17
80,male,4,2,NA,current,0,0,0,24.8,0,17
80,female,3,4,2.47,never,160,1,1,27.1,1,13
69,female,4,3,0.74,former,0,0,1,31,0,22
71,male,3,5,1.52,never,180,1,0,36.9,0,34
62,female,1,3,1.63,never,0,0,0,35.9,0,25
59,female,3,3,0.65,current,0,0,0,37.9,0,24
52,male,5,3,3.04,former,0,0,0,22.1,0,13
63,female,1,2,2.16,never,0,0,0,31.8,0,15
80,male,4,4,2.2,current,0,0,0,17.5,0,26
54,female,5,3,2.89,never,0,0,0,18.5,0,34
71,male,1,5,5,former,0,0,0,29.4,0,24
66,female,3,4,0.04,former,0,0,0,30.3,0,16
41,male,5,5,5,never,450,1,0,28,0,23
65,female,2,5,0.38,never,345,1,0,35.5,0,16
60,male,5,3,2.06,current,0,0,0,29.8,0,19
55,female,4,3,2.77,former,0,0,0,35.1,0,20
61,female,3,2,1.88,former,0,0,0,58.8,0,20
48,male,3,3,1.81,never,555,1,0,24.9,0,13
74,female,3,5,0.77,former,0,0,0,23.4,0,24
56,female,2,4,0.59,never,0,0,0,28.8,0,14
68,female,2,4,1.73,never,0,0,1,30,0,34
80,female,3,3,1.91,never,0,0,1,39.6,0,20
64,female,4,4,NA,never,0,0,1,39.4,0,31
62,male,5,5,5,never,720,1,0,26,0,24
80,female,3,3,1.28,never,0,0,1,28.3,1,4
40,male,4,3,NA,current,270,1,0,30.7,0,22
40,male,3,2,1.08,former,0,0,0,39.8,0,14
49,female,4,3,2.24,current,180,1,0,36.1,0,24
67,male,3,4,5,former,60,0,1,24.3,0,32
70,female,3,3,1.74,current,0,0,0,23.3,0,25
60,male,5,4,4.57,never,160,1,0,33,0,36
80,female,3,3,1.49,never,0,0,1,21.9,0,34
77,female,3,2,1.64,never,0,0,1,24.8,0,37
59,female,1,2,5,never,0,0,0,32,0,19
63,male,5,2,0.74,current,0,0,0,16.4,0,28
68,female,1,4,2.99,never,140,0,0,33.7,0,25
54,female,4,5,2.45,never,780,1,0,31.7,0,14
43,male,2,4,0.68,former,90,0,0,29.1,0,28
63,female,1,1,2.45,former,0,0,0,30.6,0,29
40,male,4,5,5,never,45,0,0,40.8,0,15
63,female,2,4,0.99,never,210,1,0,22.3,0,14
48,male,5,5,5,never,600,1,0,23.6,0,28
80,male,4,2,1.1,current,0,0,1,21.8,0,32
63,female,4,4,1.84,never,0,0,0,28.3,0,20
44,male,4,5,5,current,120,0,0,36.1,0,12
67,female,4,4,0.86,never,0,0,1,29.2,0,29
57,female,3,4,1.47,current,0,0,0,22.1,0,22
78,male,3,3,2.04,former,0,0,0,30.3,0,31
65,male,2,2,2.12,current,0,0,0,21.8,0,14
56,female,4,3,5,current,0,0,0,25.1,0,18
67,female,3,4,1.72,former,0,0,1,35.5,0,23
51,female,1,4,3.7,never,0,0,1,19,0,32
72,male,3,4,1.81,current,0,0,1,20.6,1,34
68,female,5,3,1.07,never,0,0,1,24.5,0,14
50,female,1,3,NA,never,1860,1,1,28.6,0,25
66,female,1,1,NA,never,110,0,0,36.5,0,30
65,male,4,2,0.7,current,0,0,0,22.1,0,18
80,male,3,3,1.79,former,0,0,1,25.9,0,26
80,male,3,3,NA,never,0,0,1,19.1,0,17
41,female,4,4,1.22,former,0,0,0,29.5,0,20
64,female,1,5,0.99,never,0,0,0,33.8,0,13
69,female,5,4,4.43,never,270,1,0,35,0,27
55,female,4,3,NA,current,0,0,1,50.8,0,22
47,male,4,4,NA,former,1440,1,0,28.1,0,15
62,female,1,4,5,never,350,1,1,27.1,0,20
77,male,3,5,1.08,former,90,0,0,36.4,0,14
59,female,2,3,2.9,never,0,0,0,27.1,0,14
59,female,5,4,NA,never,75,0,0,24.2,0,33
60,male,4,4,1.24,current,100,0,0,29.7,0,17
44,female,5,5,5,never,0,0,0,19.4,0,27
55,female,5,5,3.95,former,0,0,0,30.6,0,13
59,female,4,4,2.36,never,0,0,1,33.7,0,25
53,male,4,3,4.33,never,540,1,0,31.3,0,24
53,male,5,4,2.74,former,360,1,0,24.2,0,18
48,male,1,4,NA,never,0,0,0,28.8,0,27
45,male,3,3,1.64,current,0,0,0,27.4,0,31
64,male,4,5,3.03,never,0,0,0,36,0,16
43,female,3,2,1.67,current,0,0,0,25.9,0,27
75,female,2,4,1.19,never,240,1,0,26.1,0,28
65,male,4,3,1.49,current,0,0,0,23.6,1,25
67,male,3,4,NA,never,240,1,0,26.3,0,14
75,female,3,2,1.49,never,0,0,0,29.7,0,25
43,female,1,1,0.76,current,0,0,0,30.7,0,35
80,female,3,2,NA,never,0,0,0,31,1,7
75,male,3,4,4.62,never,600,1,1,24,0,17
72,male,4,3,NA,never,0,0,0,28.2,0,19
73,female,4,3,4.07,never,0,0,0,30.1,0,19
57,male,4,4,5,former,120,0,0,35.6,0,29
54,male,3,3,2.67,never,0,0,0,31.5,0,31
55,male,2,4,5,never,720,1,0,26.4,0,25
66,female,1,1,NA,never,90,0,0,29.4,0,26
53,male,4,5,NA,never,300,1,0,29.6,0,15
80,female,3,4,4.56,former,180,1,0,26.7,0,24
63,male,3,4,4.86,never,0,0,1,35.8,0,34
55,female,5,5,NA,never,300,1,0,27.8,0,22
61,male,5,5,5,former,120,0,0,22.9,0,28
65,male,1,1,NA,former,0,0,0,24,0,18
80,female,4,4,0.52,never,60,0,1,30.1,0,14
64,male,2,1,0.25,never,1260,1,0,28.2,0,30
71,male,3,3,5,current,0,0,1,27.3,0,20
64,female,5,4,1.74,current,360,1,1,28,0,23
80,male,4,5,5,never,540,1,1,36,1,6
56,male,2,3,0.58,never,0,0,0,29.1,0,21
56,female,1,1,3.11,never,0,0,0,30.7,0,33
54,female,3,4,1.78,never,150,1,0,36.1,0,24
68,female,2,3,4,never,0,0,0,24.5,0,20
74,female,3,3,1.16,never,0,0,0,28.6,0,23
69,female,4,3,1.77,never,135,0,0,44.9,0,14
61,male,5,1,2.15,never,0,0,1,25.6,1,2
63,female,4,4,4.25,current,0,0,1,25.9,0,25
43,male,3,5,2.88,current,0,0,0,19,0,33
53,male,5,4,1.57,current,960,1,0,31.6,0,23
59,female,5,4,0.23,never,0,0,0,27.6,0,25
40,female,1,3,3.25,former,840,1,0,42.4,0,21
41,female,4,4,NA,never,540,1,0,44.3,0,21
64,male,5,5,4.72,never,1260,1,0,23.7,0,34
55,female,4,3,0.96,never,120,0,0,35,0,20
57,female,4,2,0.1,never,0,0,0,48.4,0,22
68,male,5,4,NA,never,0,0,0,27.3,0,25
66,male,3,4,1.19,never,0,0,1,28.1,0,28
64,female,3,4,1.68,former,60,0,0,35.1,0,22
80,female,1,1,3.06,never,80,0,0,29,0,29
61,male,5,5,5,never,110,0,0,28,0,35
64,female,4,NA,NA,never,0,0,0,32.1,0,33
60,female,4,5,1,never,45,0,0,23.9,0,17
60,female,3,3,4.56,current,0,0,0,33.5,0,37
50,male,3,4,1.4,current,210,1,0,18.4,0,32
42,male,5,3,2.24,never,0,0,0,21.1,0,27
68,male,4,5,2.43,former,0,0,0,37.9,0,23
68,female,3,3,1.24,former,90,0,0,25.3,0,32
80,male,3,2,NA,former,0,0,1,24.8,0,29
41,male,3,3,3.47,former,0,0,0,27.2,0,21
51,female,4,4,NA,never,1080,1,1,29.8,0,27
63,female,5,5,5,never,0,0,0,24.8,0,14
76,female,4,3,0.76,former,0,0,1,33.4,0,14
41,male,5,5,5,never,0,0,0,25.2,0,33
46,female,4,4,3.88,never,0,0,0,52.4,0,19
59,male,3,4,0.74,former,2160,1,0,27.4,0,33
45,female,3,4,1.49,never,0,0,0,42.6,0,26
42,male,5,5,4.17,never,240,1,0,21.5,0,28
45,male,4,3,0.36,current,0,0,1,38.1,0,26
55,female,3,4,1.52,former,0,0,0,35.4,0,32
43,female,4,4,2.65,never,0,0,0,29.3,0,19
40,female,3,4,1.49,former,225,1,0,44.2,0,32
53,female,2,4,NA,never,0,0,0,25.5,0,19
44,male,5,4,1.04,current,0,0,0,34.3,0,15
54,male,3,5,3.98,never,420,1,0,21.6,0,24
46,female,5,5,5,never,0,0,0,22.9,0,23
55,female,3,4,3.82,never,0,0,0,22.2,0,22
45,male,1,1,NA,never,0,0,1,44.8,0,20
72,female,2,1,2.49,never,0,0,0,31.8,0,33
55,female,4,4,3.16,current,0,0,0,38.1,0,31
67,male,5,5,NA,never,140,0,0,28.5,0,32
69,male,1,1,NA,former,240,1,0,28.8,0,27
75,female,3,5,4.01,never,0,0,1,20.8,0,16
58,female,4,3,0.49,never,0,0,0,46.1,0,35
63,male,3,3,2.16,former,0,0,1,33.8,0,27
51,female,2,2,0.85,never,30,0,0,34,0,20
80,female,5,4,1.95,former,0,0,0,26.8,0,25
66,male,5,3,1.05,former,0,0,1,33.2,0,32
48,female,4,5,1.96,never,1140,1,0,26.9,0,24
75,female,3,3,1.85,former,0,0,1,25.9,0,15
55,female,3,4,0.7,current,0,0,0,20.4,0,15
80,male,3,4,2.09,former,0,0,0,NA,1,3
70,female,3,3,1.85,current,0,0,0,23,1,22
50,female,5,5,1.22,never,0,0,0,35.1,0,25
79,male,3,3,3.08,former,0,0,0,21.1,0,25
56,male,3,3,0.62,current,240,1,0,22.6,0,16
76,male,4,2,2.08,never,0,0,0,27.1,0,17
50,female,5,3,NA,never,3360,1,0,29.8,0,15
47,female,3,2,0.58,current,0,0,0,29.1,0,31
52,male,3,4,1.57,never,90,0,0,35.3,0,17
78,female,5,4,5,never,210,1,1,22.4,0,29
73,male,3,4,2,never,1080,1,0,25.1,0,27
58,male,5,5,5,former,0,0,0,24.3,0,33
65,female,4,4,2.25,current,0,0,0,33.4,0,22
62,male,5,5,NA,never,240,1,0,33.7,0,24
60,male,4,4,5,former,240,1,0,29.2,0,35
75,male,5,5,1.15,never,120,0,0,24.6,0,34
44,female,4,5,3.4,never,0,0,0,39.7,0,33
42,female,1,2,1.04,never,540,1,1,30.3,0,32
48,male,1,2,NA,never,0,0,0,31.4,0,31
76,male,3,5,2.9,former,840,1,1,29,0,14
53,female,2,1,0.66,never,0,0,0,28.8,0,21
55,male,3,3,2.15,current,30,0,0,22.5,0,21
69,male,2,1,NA,never,0,0,0,29.5,0,35
80,male,3,5,NA,former,480,1,1,27.5,0,12
66,female,3,4,4.89,never,840,1,0,34.7,0,19
65,male,4,4,4.43,former,0,0,1,34.9,0,19
56,female,5,5,5,never,100,0,0,18.9,0,26
73,female,2,4,1.18,former,0,0,0,34.2,0,15
51,female,3,5,5,never,210,1,1,19.1,0,29
63,male,3,3,1.44,current,0,0,0,25.4,0,36
56,male,1,5,1.69,never,160,1,0,24.6,0,34
68,male,2,3,0.52,former,480,1,0,25.9,0,30
63,female,3,4,3.81,former,0,0,1,30.2,0,23
67,male,4,5,2.49,former,360,1,1,20.6,0,18
56,female,3,4,5,never,135,0,0,28.9,0,26
80,male,3,5,5,never,180,1,1,20.9,1,22
48,female,4,4,0.4,current,0,0,0,41,0,17
60,male,2,4,2.82,former,0,0,0,22.5,0,14
48,female,5,NA,0.64,never,300,1,0,21.9,0,27
64,male,1,1,NA,former,600,1,0,31.4,0,24
62,male,1,4,2.22,former,0,0,0,34.9,0,28
68,female,4,5,3.73,never,270,1,0,28.4,0,23
45,male,2,1,3.32,never,180,1,0,35.1,0,24
46,female,3,5,5,never,660,1,0,19.7,0,13
80,female,3,2,4.37,former,0,0,1,28,1,2
64,female,1,2,NA,never,0,0,0,27.9,0,24
59,female,5,2,0.19,never,0,0,0,23.6,0,24
43,male,3,3,1.06,never,0,0,0,39,0,27
65,female,3,3,1.61,never,0,0,1,33,1,6
48,male,5,2,0.88,current,480,1,0,23.4,0,29
52,female,4,4,NA,former,0,0,1,34.1,0,32
74,male,3,4,2.37,former,0,0,1,30.7,0,33
75,male,1,1,2.49,former,270,1,1,26.7,0,33
77,female,1,1,2.59,never,0,0,1,22.2,0,28
80,male,3,2,1.18,former,0,0,1,25.8,0,19
67,female,1,1,1.94,former,0,0,NA,40.6,0,25
68,female,5,5,NA,former,0,0,0,29.9,0,27
67,female,3,4,1.73,never,0,0,0,24.3,0,16
57,female,5,5,5,never,0,0,0,24.4,0,25
67,female,2,1,NA,current,0,0,1,25.7,0,32
54,male,1,3,4.35,current,0,0,0,31.6,0,25
57,male,4,2,0.86,current,0,0,1,NA,0,17
59,female,1,2,0.4,never,0,0,0,37.4,0,30
76,female,3,1,0.4,former,0,0,0,42.1,0,30
64,male,3,3,2.04,current,0,0,1,NA,1,4
56,male,1,5,1.08,current,420,1,0,42.6,0,27
55,female,2,5,2.73,former,1560,1,0,26,0,14
69,female,4,2,1.54,never,0,0,1,26.6,0,17
73,male,4,3,3.34,former,270,1,1,22.8,0,34
51,female,4,4,1.58,never,180,1,0,38,0,28
73,male,5,1,1.3,former,0,0,1,31.2,0,24
77,male,3,2,0.58,current,0,0,0,18.5,0,24
51,female,2,3,0.58,former,120,0,0,26.7,0,20
68,male,3,3,5,former,60,0,0,33.4,0,15
68,female,3,4,1.61,never,300,1,0,31.9,0,31
41,female,1,3,2.49,current,0,0,0,46.5,0,21
45,female,3,4,5,never,0,0,0,22,0,18
75,female,5,2,1.85,never,180,1,0,23.1,0,26
42,female,1,4,1.22,current,0,0,0,35.1,0,32
46,male,4,2,1.63,former,140,0,0,23.9,0,16
56,male,3,4,1.52,current,90,0,0,28.2,0,17
44,male,3,3,NA,never,0,0,0,33.1,0,27
63,male,4,3,0.75,current,0,0,1,20.1,0,26
71,female,3,3,2.32,never,120,0,0,37.7,0,23
80,female,3,2,2.07,never,0,0,0,22.2,0,25
80,female,3,4,1.53,never,0,0,0,28.2,0,30
61,male,4,2,NA,never,0,0,0,25.6,0,32
64,female,5,1,2.08,never,0,0,0,21,0,29
55,male,3,3,5,never,180,1,1,41.3,0,26
41,male,4,4,0.89,current,0,0,0,25.5,0,28
60,female,5,3,0.06,current,0,0,0,33.8,0,13
76,male,4,4,0.89,current,150,1,1,21.5,0,17
80,female,4,2,0.68,former,0,0,1,37.8,0,18
70,male,4,4,1.45,never,0,0,0,25.8,0,19
67,male,5,5,0.99,current,0,0,0,26.7,0,25
59,male,4,2,0.96,current,0,0,0,22.1,0,18
78,male,3,3,1.43,never,0,0,1,20.2,0,32
80,female,3,3,NA,never,0,0,1,33.3,0,14
66,male,2,1,1.81,former,0,0,0,25.2,0,31
47,female,5,5,5,never,330,1,0,19.6,0,24
45,female,1,2,1.64,current,0,0,0,37.4,0,29
75,male,4,5,0.89,former,0,0,0,36.5,0,24
80,female,5,4,3.04,never,0,0,1,31.2,0,13
50,male,1,1,0.96,never,0,0,NA,29.5,0,19
63,female,3,5,5,never,250,1,0,24.6,0,36
51,male,3,4,1.92,current,0,0,0,25.8,0,32
48,female,4,2,0.88,current,0,0,0,24.2,0,17
41,male,2,2,NA,never,80,0,0,27,0,34
53,female,5,5,3.25,never,120,0,0,20.3,0,29
72,female,5,1,NA,never,105,0,0,30,0,19
67,female,5,1,2.47,never,240,1,0,22.1,0,17
59,male,4,3,4.25,never,0,0,0,40.7,0,24
56,female,3,4,0.74,never,0,0,0,52.6,0,20
74,male,3,3,1.68,former,0,0,1,33.5,0,24
71,male,4,4,0.79,current,540,1,0,19,0,31
40,male,4,4,1.63,never,100,0,0,26.6,0,22
62,female,4,4,5,former,0,0,0,29.5,0,17
78,female,4,3,3.18,never,0,0,0,NA,0,11
78,female,3,2,NA,current,0,0,0,23,0,22
72,female,3,3,0.94,former,0,0,1,46,0,33
53,female,5,4,1.79,current,0,0,0,22.6,0,19
61,male,5,3,4.76,current,0,0,0,22.4,0,34
62,female,5,3,4.93,never,0,0,0,21,0,24
57,female,3,4,5,former,0,0,0,25.5,0,32
43,female,5,4,2.16,former,0,0,0,30.2,0,21
50,female,4,4,5,never,75,0,0,30.7,0,31
40,female,2,5,NA,never,1350,1,0,22.9,0,19
60,male,4,3,NA,current,0,0,1,23.9,0,34
68,male,4,4,2.19,never,0,0,1,27.4,0,36
65,female,1,1,0.96,never,0,0,0,32,0,13
69,male,4,4,5,current,900,1,1,23,0,24
63,female,5,3,5,never,480,1,0,25.2,0,27
68,male,4,4,NA,former,0,0,0,28.3,0,28
80,female,4,5,5,never,0,0,1,19.3,1,9
68,male,4,3,1.02,current,80,0,1,34.3,0,17
42,male,3,4,0.25,current,120,0,0,36.8,0,23
80,male,3,4,3.95,never,0,0,1,25.1,0,29
53,female,2,1,NA,never,0,0,0,26.6,0,32
80,female,3,3,1.46,former,0,0,1,25.6,0,16
44,female,5,4,4.52,never,480,1,0,37.3,0,20
43,male,3,3,NA,former,60,0,0,51,0,34
49,female,4,2,0.77,current,360,1,0,36.7,0,28
65,female,1,2,2.77,never,90,0,0,28.4,0,14
41,male,1,5,4.63,never,810,1,0,29.1,0,28
80,female,5,1,NA,former,0,0,0,21.8,0,28
71,male,3,4,1.48,never,0,0,1,42.4,0,14
78,female,4,3,0.75,current,0,0,0,29,0,18
66,female,4,1,NA,never,45,0,0,28.8,0,20
46,female,4,4,2.03,never,120,0,0,35.9,0,29
47,female,2,4,NA,former,0,0,0,29.6,0,15
52,male,1,1,0.99,current,0,0,0,30.9,0,33
61,female,5,4,NA,never,120,0,0,33.4,0,15
44,female,5,5,4.25,never,0,0,0,25.6,0,33
78,female,3,2,1.17,former,0,0,0,48,0,15
54,female,4,4,NA,current,0,0,0,18,0,32
71,male,4,3,0.75,current,0,0,0,33.7,0,23
46,female,1,3,1.73,never,180,1,0,27,0,19
80,male,1,1,1.78,never,0,0,0,29.1,0,32
66,male,5,5,2.77,never,210,1,0,24.2,0,12
45,male,3,5,4.08,never,240,1,0,29.3,0,31
56,female,4,2,1.44,former,0,0,0,57.2,0,29
69,male,1,1,NA,former,0,0,1,29,0,14
49,female,1,3,1.78,never,90,0,0,32.8,0,34
49,male,4,5,5,current,160,1,0,34.4,0,15
80,female,5,4,0.89,never,0,0,0,21.7,0,33
48,female,3,4,4.62,never,0,0,0,39.6,0,21
63,male,4,2,3.71,never,0,0,0,25.5,0,15
50,female,5,4,1.92,never,0,0,0,22.8,0,25
67,female,1,2,2.19,never,0,0,1,37.9,0,28
79,male,3,3,0.93,former,0,0,0,20.4,0,15
62,female,5,3,3.41,never,0,0,0,30.6,0,31
56,female,5,5,1.15,never,40,0,0,18.1,0,29
53,female,2,5,NA,never,0,0,1,28.6,0,14
58,male,1,2,0,current,0,0,0,26,0,33
42,female,4,4,0.96,current,0,0,0,39.5,0,27
68,male,5,1,3.94,former,150,1,0,25.4,0,34
61,female,1,3,4.19,never,0,0,0,33.6,0,14
57,male,1,5,4.31,never,120,0,0,38.8,0,27
64,female,3,4,2.82,never,0,0,1,37.3,0,26
61,male,3,3,4.12,former,0,0,0,24.1,0,31
42,male,4,4,1.54,never,370,1,0,31.2,0,20
75,male,4,3,1.15,former,420,1,0,22.2,0,34
77,female,3,5,0.62,former,180,1,0,20.8,0,17
59,female,5,3,1.44,current,0,0,0,20.6,0,12
62,female,1,1,0.62,never,0,0,1,34.6,0,32
44,female,2,4,1.83,never,0,0,0,27.6,0,27
68,female,4,5,2.82,never,360,1,0,26.3,0,18
50,male,2,4,2.73,never,0,0,0,31.7,0,28
80,female,3,4,NA,never,0,0,0,24.2,0,32
74,female,2,1,NA,never,0,0,1,39.4,0,23
80,male,3,5,NA,never,150,1,1,32.7,1,2
70,male,3,4,2.89,never,0,0,1,32.1,0,13
64,female,3,3,2.57,never,0,0,0,24.6,0,31
47,male,1,4,1.92,never,0,0,0,27.6,0,33
45,male,5,5,5,former,240,1,0,25.4,0,20
59,male,4,3,0.99,former,0,0,0,38.2,0,17
60,male,5,2,2.46,former,150,1,0,26.5,0,15
63,female,1,5,2.2,never,0,0,1,34.6,0,21
73,female,5,5,2.43,never,0,0,1,24.3,0,26
46,male,5,4,2.55,current,0,0,0,24,0,33
52,female,3,2,1.23,current,0,0,0,19.7,0,26
63,female,3,4,4.29,never,0,0,0,29.9,0,12
80,female,4,4,4.41,current,0,0,1,31.5,0,23
45,male,5,5,NA,never,600,1,0,28.8,0,27
52,male,1,1,1.04,never,0,0,0,31,0,29
80,female,3,5,2.55,current,0,0,0,31.7,0,30
80,male,3,4,4.27,former,360,1,1,36.9,0,18
43,male,5,5,5,former,525,1,0,23.5,0,33
52,male,5,1,0.58,current,0,0,0,25,0,31
47,female,1,4,5,current,0,0,0,40.6,0,32
48,female,4,4,1.18,former,0,0,0,38.5,0,15
67,female,3,5,5,never,90,0,1,19.2,0,36
60,female,3,4,1.11,current,0,0,1,24.5,0,28
53,male,5,5,5,current,0,0,0,33.2,0,19
80,female,2,2,4.08,never,0,0,0,29.1,0,34
80,female,3,5,5,former,420,1,1,NA,0,33
80,female,2,NA,NA,never,0,0,0,NA,1,16
75,female,4,4,NA,never,0,0,1,27.9,1,15
68,female,3,5,4.62,never,270,1,1,24.3,0,21
80,female,3,5,5,never,0,0,1,26.7,1,6
55,female,4,5,5,never,0,0,0,48.9,0,17
59,female,3,4,NA,current,144,0,0,36,0,31
41,female,5,3,1.47,former,0,0,0,27.1,0,19
72,male,4,3,5,current,360,1,0,26.4,0,29
48,female,4,5,5,current,0,0,0,22.3,0,32
70,male,2,4,2,never,0,0,0,29.2,0,24
60,male,4,5,NA,never,360,1,0,41.5,0,18
54,male,5,3,0.93,former,0,0,0,42.8,0,16
49,female,4,4,3.25,never,0,0,0,49.9,0,15
52,female,3,4,5,never,0,0,0,37.4,0,33
70,male,2,1,1.27,former,80,0,0,28.4,0,18
73,female,4,5,5,never,60,0,0,30.7,0,26
45,male,2,5,NA,never,40,0,0,24.5,0,29
61,female,4,3,2.03,never,0,0,0,25.2,0,27
46,male,1,1,0.01,never,0,0,0,25.7,0,27
51,female,4,4,NA,never,0,0,0,34,0,16
61,male,4,5,5,former,0,0,0,40.8,0,32
57,male,5,4,5,never,600,1,0,26.6,0,14
54,male,4,3,NA,current,0,0,0,35.4,0,23
57,female,4,4,1.73,never,300,1,0,35.5,0,14
45,female,3,4,2.64,never,0,0,0,40.6,0,22
62,female,4,2,2.55,current,2760,1,0,32,0,35
48,female,5,4,3.07,never,60,0,0,29,0,16
80,female,3,4,4.12,former,0,0,0,25.1,0,30
41,female,5,3,0.89,never,120,0,0,29.2,0,31
55,female,5,3,1.5,never,0,0,0,27.1,0,26
65,female,2,5,1.39,never,210,1,0,25.5,0,35
57,male,3,5,2.79,never,160,1,0,42.7,0,13
52,male,5,4,3.18,former,60,0,0,35.5,0,12
49,male,5,1,0.61,current,0,0,0,24.5,0,31
41,male,4,4,4.74,never,0,0,0,34.1,0,35
63,female,3,3,1.67,current,0,0,0,18.6,1,6
57,male,4,3,1.94,never,0,0,0,30.5,1,8
40,male,1,2,NA,never,100,0,0,25,0,35
61,male,1,2,5,never,120,0,0,23.5,0,33
48,male,3,4,0.09,current,0,0,0,26.9,0,25
70,female,2,1,NA,never,280,1,0,27.3,0,35
59,male,3,4,5,never,0,0,0,36.2,0,12
56,female,4,5,5,never,0,0,0,49.2,0,30
41,male,3,3,2.89,never,960,1,0,25.6,0,30
63,female,3,4,0.21,former,0,0,0,38.8,0,21
60,male,4,5,4.98,never,660,1,0,30.1,0,16
63,male,1,1,1.22,former,660,1,0,28.5,0,15
58,female,1,2,3.32,never,240,1,0,42.8,0,24
74,male,3,3,1.52,never,120,0,0,24,0,16
51,female,2,2,0.07,current,0,0,0,41.7,0,28
62,male,5,5,4.25,former,2070,1,0,23.6,0,34
57,male,1,3,2.88,never,60,0,0,24.8,1,12
51,male,5,4,4.93,never,0,0,0,29.1,1,10
80,male,3,4,1.91,former,180,1,0,28.6,0,22
46,female,1,2,0.68,current,0,0,0,28.7,0,30
43,female,3,4,2.08,current,120,0,0,20.3,0,25
43,female,4,3,0.33,never,0,0,0,25.4,0,29
56,female,5,3,3.4,never,750,1,0,25.7,0,13
70,male,5,5,NA,former,90,0,1,26.4,0,34
61,male,1,4,5,never,0,0,0,23.5,0,14
78,female,4,4,4.31,former,90,0,0,28.5,0,20
61,female,4,5,2.46,never,90,0,0,43.4,0,19
45,female,3,2,0.25,former,0,0,0,26.1,0,14
69,male,4,2,NA,former,240,1,0,39.2,0,24
78,female,4,2,2.64,former,0,0,1,27.6,0,15
73,female,3,4,1.7,never,0,0,0,36.8,0,30
55,female,3,3,3.43,never,0,0,0,32.8,0,23
65,female,4,4,1.2,former,0,0,1,18.2,0,19
73,male,4,3,4.57,never,0,0,1,NA,0,29
80,male,4,4,5,former,90,0,0,30.1,0,26
65,female,3,5,4.53,former,240,1,0,20.7,0,31
77,female,4,4,5,never,0,0,0,33.4,0,16
68,male,2,4,NA,former,0,0,1,42.4,0,26
80,male,2,3,0.91,former,0,0,1,24.6,0,21
55,female,1,4,1.11,never,0,0,1,26.1,0,21
63,female,5,1,1.39,never,0,0,1,23.9,0,28
73,female,3,5,5,former,405,1,1,26.5,0,28
67,female,5,3,NA,never,0,0,0,36,0,33
72,male,1,2,3.29,former,420,1,0,29.3,0,25
66,male,3,3,5,never,120,0,0,30.2,0,26
57,male,5,2,0.62,current,0,0,0,28.5,0,18
43,male,4,3,3.32,never,0,0,0,34.9,0,13
69,male,5,5,5,never,30,0,0,22.5,0,21
66,male,1,3,2.16,never,0,0,0,26.2,0,16
72,male,3,4,2.06,former,180,1,1,32.9,0,27
62,female,3,3,2.03,never,0,0,0,NA,0,18
52,male,4,4,NA,never,0,0,0,29.1,0,14
76,female,2,5,5,never,720,1,0,23.6,0,14
80,male,4,NA,NA,never,0,0,0,26.8,0,15
52,female,2,4,5,never,0,0,0,18.8,0,34
63,male,3,5,3.67,former,0,0,0,33.4,0,25
74,female,3,5,5,never,60,0,1,30.6,0,27
66,male,3,2,2.03,former,0,0,1,26.8,0,18
56,male,4,4,5,former,480,1,0,35.5,0,18
54,female,3,5,0.54,never,0,0,0,35.9,0,14
48,male,5,4,2.59,never,0,0,0,28.4,0,30
80,male,3,5,3.69,former,0,0,1,31,1,15
48,female,3,5,5,never,90,0,0,27.8,0,25
55,female,4,3,0.08,never,0,0,0,29.4,0,25
64,female,1,3,3.69,current,0,0,0,41.8,0,25
70,male,3,2,5,former,0,0,0,35.4,0,12
80,male,3,3,2.16,former,0,0,1,24.6,0,19
46,male,3,4,5,never,570,1,0,42.2,0,33
70,female,1,4,NA,former,90,0,1,46.3,0,26
46,male,4,3,3.88,former,120,0,0,42.2,0,19
65,male,2,2,1.37,former,0,0,1,34.7,0,23
63,female,3,4,0.4,current,0,0,1,44.7,0,30
46,male,4,4,5,current,0,0,0,20.4,0,25
50,male,1,1,0.91,never,3780,1,1,29.8,0,14
63,male,1,1,NA,former,0,0,0,26.3,0,25
61,female,3,5,5,never,0,0,0,35.4,0,17
45,male,3,3,0.42,never,0,0,0,27.2,0,31
68,male,3,5,5,never,90,0,1,28.3,0,21
52,female,1,2,2.54,never,60,0,0,21.4,0,27
73,male,3,4,NA,never,0,0,0,31.3,0,31
40,male,5,5,NA,never,75,0,0,22.4,0,32
60,male,1,4,1.35,never,150,1,0,36.7,0,28
65,female,4,2,NA,never,0,0,0,41.4,0,30
53,female,1,3,2.39,never,0,0,0,49.1,0,29
80,female,3,3,1.78,former,0,0,0,23.5,1,4
80,female,4,2,0.65,former,0,0,0,30.3,0,17
76,male,3,2,1.48,former,0,0,1,28.5,0,20
53,male,2,3,4.62,former,0,0,0,27.4,0,21
66,female,1,4,0.39,never,0,0,1,36.3,0,31
41,female,5,3,1.49,never,90,0,0,24.6,0,22
75,male,3,5,5,former,0,0,1,NA,0,26
48,female,4,4,1.2,current,210,1,0,24.7,0,24
65,female,4,3,2.43,never,0,0,0,36.1,0,18
46,female,5,5,NA,never,315,1,0,30,0,17
63,male,4,4,3.39,current,180,1,0,27.7,0,15
66,male,4,4,NA,current,0,0,0,31.7,1,9
71,male,3,3,3.08,former,180,1,1,30.3,0,27
53,female,3,4,3.71,never,0,0,0,45.1,0,19
51,female,2,5,1.71,never,0,0,0,25.6,0,17
61,male,2,5,5,former,90,0,0,30.1,0,23
62,male,4,3,NA,current,0,0,0,23.8,0,19
80,male,3,5,5,never,0,0,1,25.8,0,37
80,female,3,2,1.6,former,0,0,0,33.9,1,13
64,female,5,1,4.08,never,0,0,0,23.9,0,33
40,male,4,3,1.96,never,0,0,0,22.2,0,28
44,female,1,5,5,never,0,0,0,23.6,0,29
48,male,3,4,5,former,0,0,0,32.8,0,16
74,female,4,2,4.8,never,40,0,0,34.8,0,24
70,male,3,5,4.56,former,240,1,0,25.6,0,31
65,male,4,3,0.7,former,210,1,0,20.2,0,16
80,female,3,4,1.58,never,300,1,0,25.2,0,17
40,female,2,1,0.05,never,0,0,0,35.6,0,33
63,female,2,4,5,former,0,0,0,26.8,0,12
58,female,5,4,3.2,never,0,0,0,28,0,25
60,female,4,1,NA,current,1200,1,0,29.3,0,31
60,female,5,3,NA,current,0,0,0,19.6,0,24
53,male,5,5,5,never,150,1,0,25.7,0,34
56,male,3,5,1.33,former,0,0,0,27.4,0,28
77,female,3,2,0.62,never,0,0,1,25.5,0,16
78,female,3,3,2.6,current,0,0,0,25.5,0,22
62,male,4,5,5,never,0,0,0,31.4,0,22
64,male,3,5,5,never,120,0,0,21.9,0,34
80,male,3,3,2.75,never,210,1,0,28.4,0,26
79,male,5,1,NA,former,0,0,1,33.5,0,34
80,female,3,4,2.06,never,0,0,0,31.3,0,33
51,female,3,3,2.79,current,0,0,0,22.6,0,24
80,female,3,3,1.16,never,0,0,1,36.1,0,13
80,female,3,4,2.16,former,0,0,1,27.8,0,21
50,male,1,1,2.79,never,720,1,0,38.2,0,33
67,male,4,5,5,former,0,0,0,37.5,0,19
55,female,1,4,2,never,2070,1,0,28.1,0,32
54,female,1,4,1.7,former,0,0,0,24.1,0,32
46,female,1,3,1.31,never,0,0,0,26,0,26
49,male,5,5,5,never,225,1,0,25.2,0,30
43,female,4,3,2.92,never,0,0,0,51.3,0,36
80,female,5,5,2.85,never,0,0,0,NA,0,25
71,male,1,4,1.68,former,0,0,0,36.6,0,26
46,male,5,5,5,never,360,1,0,22.4,0,29
41,female,1,5,4.66,current,0,0,0,NA,0,29
53,female,1,5,4.28,current,0,0,0,23.6,0,35
80,female,3,3,5,former,0,0,1,34.6,0,35
44,male,3,3,0.02,never,0,0,0,30.1,0,22
69,male,5,2,2.06,former,0,0,1,27.2,0,15
65,male,3,4,0.88,current,0,0,1,17.5,1,14
61,male,3,3,1.23,former,0,0,1,29,0,25
70,female,2,5,5,never,0,0,1,36.2,0,27
48,female,1,2,NA,never,0,0,0,34.1,0,17
48,male,5,5,5,former,196,1,0,25.8,0,35
71,female,4,3,0.89,former,0,0,0,45.4,0,24
55,female,3,4,3.48,never,0,0,0,41.6,0,31
57,female,4,4,3.37,never,120,0,0,26.5,0,17
50,male,3,3,2.47,never,0,0,0,29.1,0,35
80,male,3,1,3.47,former,120,0,1,26.1,1,25
67,male,4,5,5,former,360,1,1,32.5,0,19
58,male,4,3,1.04,former,210,1,0,31.4,1,5
70,male,3,5,2.99,former,210,1,0,26.7,0,20
44,male,5,5,5,never,150,1,0,21.2,0,28
48,female,3,5,2.79,never,0,0,1,36,0,20
42,male,4,4,4.98,never,330,1,0,30.5,0,16
74,female,2,3,5,never,0,0,0,25.4,0,15
47,male,3,4,4.57,former,0,0,0,31.4,0,20
45,male,4,4,3.18,current,360,1,0,39,0,33
71,female,5,5,NA,never,0,0,1,25.6,0,25
69,female,3,3,1.52,never,0,0,1,39.4,0,30
54,male,4,5,4.11,never,0,0,0,30.8,0,22
58,male,3,4,3.08,never,60,0,1,41.1,0,26
61,male,3,4,2.24,former,0,0,1,47,0,25
70,female,3,5,5,never,390,1,1,39.4,0,17
80,male,3,4,NA,never,0,0,1,31.6,0,22
49,male,5,2,NA,never,0,0,0,26,0,26
60,male,5,1,1,current,0,0,0,23.9,0,18
55,female,5,3,4.86,never,810,1,0,20.4,0,27
51,male,2,1,2.54,former,90,0,0,29.2,0,22
64,male,3,4,5,former,1680,1,1,31.6,0,16
63,female,3,3,0.62,current,0,0,0,25.4,0,15
68,female,3,3,1.97,never,0,0,0,39.6,0,22
41,female,4,4,1.64,never,0,0,0,30.4,0,27
73,male,2,3,2.21,current,20,0,1,34,0,35
47,male,2,1,0.62,never,0,0,0,29.9,0,25
59,male,3,4,5,never,300,1,0,31.1,0,23
50,male,4,3,NA,current,0,0,0,25.6,0,18
45,male,4,5,NA,never,480,1,0,29.8,0,18
66,female,3,3,3.29,never,180,1,0,26.2,0,20
63,female,1,2,1.35,never,0,0,0,31.6,0,27
42,male,2,3,0.34,never,0,0,0,27.8,0,30
74,male,2,4,1.48,former,0,0,0,34.8,0,15
70,female,4,3,1.39,never,80,0,0,34.5,0,22
80,male,4,2,1,never,0,0,0,20.4,1,3
63,male,3,4,4.62,current,0,0,0,29,0,13
54,female,1,1,NA,never,0,0,0,32.5,0,28
63,female,5,5,5,never,0,0,0,21.5,0,21
42,female,1,2,3.88,never,0,0,0,31.4,0,33
54,female,2,4,5,never,580,1,0,27.5,0,26
56,female,5,5,NA,never,0,0,0,33.2,0,33
74,female,5,2,4.57,never,0,0,1,23.2,0,35
56,female,4,4,2.37,never,90,0,0,33.8,0,16
80,female,3,1,1.08,never,0,0,0,24.3,0,21
80,male,4,5,0.66,former,90,0,0,29,0,37
61,male,3,3,4.81,former,0,0,0,30.9,0,28
73,male,4,4,0.78,current,240,1,0,27.1,1,14
71,male,5,5,5,never,270,1,1,22.4,0,24
48,male,4,4,2.92,never,0,0,0,37.9,0,36
46,female,5,5,2.73,never,0,0,0,23.6,0,14
69,male,4,2,0.83,former,0,0,0,29.7,0,25
77,female,4,4,1.65,current,300,1,0,37.9,0,32
80,female,5,1,0.74,never,0,0,1,20.1,0,23
54,female,2,5,5,current,630,1,0,32.3,0,13
58,male,5,4,5,former,180,1,0,33.1,0,19
80,male,3,5,NA,never,300,1,0,33,0,22
64,male,4,2,NA,current,420,1,0,26,0,30
61,female,4,3,0.75,never,80,0,1,37.1,0,17
48,female,1,1,NA,never,240,1,0,29,0,32
51,female,4,4,1.12,current,150,1,0,31.4,0,24
64,female,1,2,0.91,never,0,0,1,27.8,0,20
65,female,2,1,NA,never,120,0,0,23.8,0,28
63,female,4,4,4.15,never,1080,1,0,24.2,0,22
56,female,5,3,1.3,never,75,0,0,29.9,0,25
80,male,3,5,5,never,300,1,1,NA,0,33
51,male,3,5,NA,never,0,0,0,45.1,0,31
43,female,5,5,NA,never,180,1,0,25,0,13
65,male,3,3,1.46,former,120,0,0,37.9,0,31
62,female,1,3,1.94,never,420,1,0,28,0,28
54,male,1,4,5,former,90,0,0,29.6,0,29
47,male,3,5,5,never,780,1,0,27.1,0,21
67,female,4,4,2.16,former,0,0,0,42.8,0,17
51,male,5,4,1.17,current,0,0,0,34.2,0,16
42,male,4,3,NA,former,60,0,0,26.3,0,36
66,male,3,3,2.17,current,0,0,1,42.9,0,24
77,female,5,5,3.92,never,0,0,1,26.4,0,17
47,female,5,5,5,former,240,1,0,32.4,0,27
57,male,1,5,5,never,20,0,0,36.9,0,27
55,female,5,5,3.08,never,0,0,0,20.7,0,12
48,female,5,5,3.59,never,0,0,0,28.2,0,31
71,female,2,4,2.77,never,0,0,0,23.2,1,17
69,male,3,4,3.04,former,240,1,0,44.5,0,32
71,male,3,4,1.68,former,0,0,0,24.9,1,6
80,female,3,3,5,never,0,0,0,24.6,0,19
80,female,3,3,NA,former,0,0,1,22.3,1,4
64,male,3,2,2.28,former,0,0,0,29.7,0,24
75,male,1,1,5,former,0,0,1,27.6,0,15
66,female,4,4,3.25,never,0,0,0,47.2,0,15
61,male,4,5,5,never,660,1,1,35.5,0,15
45,male,3,4,5,never,240,1,0,31.4,0,19
41,male,5,5,4.78,never,0,0,0,32.5,0,27
61,male,2,2,4.07,never,0,0,0,33.5,0,14
50,female,4,4,4.62,never,0,0,0,54.5,0,16
57,female,2,5,5,never,180,1,0,20.9,0,34
79,male,3,3,2.59,former,600,1,1,33.8,0,19
79,male,3,5,NA,former,160,1,NA,27.5,0,30
47,female,3,2,3.33,never,0,0,0,28.4,0,12
63,female,2,2,2.77,never,0,0,1,24.7,0,13
78,male,4,4,5,never,0,0,1,27,0,16
47,female,3,5,3.79,never,50,0,0,44,0,35
65,male,4,4,2.03,current,900,1,1,28.1,0,28
57,male,3,2,1.33,current,0,0,NA,37.2,0,20
55,male,2,4,3.59,former,0,0,0,33.5,0,30
47,male,3,5,3.46,former,480,1,0,42.1,0,14
72,male,1,3,1.7,former,0,0,0,31.5,0,16
67,male,3,4,NA,former,0,0,0,NA,0,13
43,female,2,2,1.79,never,0,0,0,35.8,0,20
72,male,3,5,1.78,never,630,1,1,24.1,0,13
80,female,3,5,5,never,45,0,1,36.4,0,29
45,female,2,4,1.1,never,150,1,0,27.2,0,26
80,female,3,3,2.16,never,0,0,1,19.8,0,14
51,female,1,1,0.67,never,60,0,0,28.5,0,12
60,male,1,1,0.91,current,360,1,0,35.5,0,16
66,male,1,2,1.49,former,30,0,0,30.1,0,22
61,male,4,4,2.97,former,0,0,0,35,0,35
64,female,2,3,1.22,current,0,0,NA,24.7,0,15
69,female,4,5,4.81,never,480,1,0,30,0,15
56,male,3,3,NA,former,0,0,0,24.6,0,15
75,male,1,5,NA,never,90,0,0,23.9,0,32
51,male,2,3,1.74,current,0,0,0,27.3,0,14
42,female,3,5,5,never,135,0,0,31.6,0,31
47,male,3,3,0.59,current,0,0,0,26.7,0,16
40,female,3,3,1.56,current,0,0,0,32,0,30
45,male,4,4,5,never,630,1,0,33,0,22
63,male,5,5,3.16,former,0,0,1,27.8,0,32
80,female,3,4,1.48,never,0,0,0,26,0,21
42,female,3,4,1.06,current,0,0,0,27.2,0,27
56,male,1,3,1.44,never,0,0,0,34.7,0,31
60,male,4,3,NA,never,0,0,0,23.9,0,33
43,female,5,4,0.87,former,0,0,0,39.5,0,21
43,male,3,3,1.02,current,1440,1,0,27.9,0,30
48,male,4,5,2.45,former,0,0,0,34.3,0,18
62,female,2,1,1.35,former,0,0,0,37.9,0,14
60,female,3,3,0.59,former,0,0,0,37.2,0,16
41,female,1,3,0.12,never,0,0,0,31.1,0,28
58,male,3,3,3.85,current,180,1,0,19.6,1,0
66,male,3,3,1.48,former,0,0,0,26.1,0,22
57,male,4,3,0.79,current,90,0,0,52.8,0,29
42,female,1,4,5,never,870,1,0,21.2,0,29
74,male,4,3,2.32,former,120,0,0,30.9,0,18
65,female,4,4,1.04,former,0,0,1,34.4,0,17
74,female,3,4,5,never,300,1,1,31.7,0,30
59,male,3,1,2,never,70,0,0,34.8,0,16
59,female,1,1,2.38,never,0,0,0,35,0,25
69,female,1,2,1.96,never,0,0,0,49.8,0,31
65,female,4,4,NA,never,180,1,0,35.6,0,32
77,male,3,3,NA,never,270,1,1,25.9,0,34
61,male,3,5,1.89,never,0,0,0,36.1,0,17
58,male,3,3,4.93,never,0,0,0,30.5,1,6
70,male,5,1,1.3,current,0,0,1,NA,0,32
62,male,3,4,2.8,former,0,0,0,32.7,1,3
61,female,2,5,0.91,never,90,0,0,39.1,0,15
57,female,3,4,2.6,former,120,0,0,26.2,0,22
45,female,4,5,1.85,never,225,1,0,41.6,0,32
80,male,3,3,1.69,never,0,0,0,28.2,0,21
55,female,5,5,1.07,never,0,0,1,28.6,0,24
80,female,3,3,4.74,never,105,0,0,32.9,1,8
55,female,5,5,3.65,never,300,1,0,20.6,0,25
40,female,3,4,0,current,660,1,0,18.4,0,20
60,female,5,5,5,former,360,1,0,28.3,0,35
71,male,3,3,1.66,former,0,0,0,18.4,0,16
60,female,5,2,0.74,never,0,0,0,38.6,0,27
75,female,3,3,4.1,never,0,0,0,30.2,0,16
59,female,3,3,5,never,0,0,1,41.8,0,13
60,male,3,4,NA,current,0,0,1,26.7,0,16
65,female,2,1,NA,former,0,0,0,44.6,0,25
45,female,4,4,NA,current,0,0,0,33.2,0,17
43,female,5,2,1.15,never,0,0,0,40.4,0,25
66,male,4,3,3.46,current,0,0,0,32.1,0,25
61,female,4,3,NA,never,0,0,1,31.9,1,10
56,female,5,3,0.61,former,90,0,0,52.2,0,15
40,female,4,4,3.25,never,270,1,0,25.8,0,11
70,male,3,5,5,never,240,1,1,27.9,0,23
47,female,4,5,3.34,former,60,0,0,36.4,0,34
53,female,5,4,2.89,former,300,1,1,36.8,0,31
60,male,1,1,1.92,never,0,0,0,27.2,0,32
48,male,5,5,1.52,current,0,0,0,38.8,0,26
80,female,3,3,2.88,former,540,1,0,29,0,34
55,male,1,1,NA,former,240,1,0,32.9,0,29
62,male,2,4,2.39,former,525,1,0,32.9,0,18
41,male,1,4,NA,current,0,0,0,36.5,0,27
47,female,3,3,1.66,former,90,0,0,43.6,0,20
62,male,1,3,NA,current,0,0,0,28.6,0,32
46,female,2,3,1.82,never,360,1,0,29.1,0,20
43,male,3,4,2.01,never,360,1,0,24,0,16
45,male,3,5,0.35,never,360,1,0,24.1,0,22
79,female,5,3,0.62,never,30,0,0,23.7,0,25
57,male,1,5,5,never,240,1,0,27.3,0,29
49,female,4,4,5,never,90,0,1,34.8,0,15
59,male,5,5,0.96,never,0,0,0,17,0,23
80,female,5,1,5,never,0,0,1,NA,0,26
63,female,5,1,5,never,0,0,0,32.7,0,34
62,female,1,2,0.73,never,0,0,1,37.1,0,31
57,male,1,1,2.55,never,0,0,1,37.1,0,33
70,female,3,5,4.86,former,540,1,1,27.3,0,15
63,male,2,5,1.5,never,0,0,0,29.7,0,16
77,male,5,5,5,never,480,1,0,22.7,0,32
55,female,5,4,2.94,never,0,0,0,28.2,0,14
74,male,5,5,3.86,never,300,1,0,22.6,0,19
49,male,4,5,5,never,720,1,0,26.8,0,33
47,male,5,5,5,never,0,0,0,26.9,0,23
44,female,5,4,3.49,former,900,1,0,53.2,0,28
45,male,3,4,NA,current,0,0,0,58,0,20
45,male,5,2,1.34,current,0,0,1,48.5,0,21
56,female,3,3,2.13,former,0,0,1,42.5,0,30
55,female,4,2,0.62,current,0,0,0,31.1,0,17
67,female,4,4,1.27,never,0,0,0,25.5,0,14
52,male,3,3,5,former,0,0,0,34.9,0,20
77,female,4,2,0.74,former,0,0,0,33.1,0,17
65,female,1,2,NA,never,0,0,0,26.3,0,32
74,female,3,3,2.04,never,0,0,0,33.4,0,33
51,female,3,3,0.68,never,0,0,0,28.9,0,28
66,female,5,5,5,former,90,0,0,25.3,0,17
55,male,5,4,NA,never,0,0,0,27.9,0,20
58,female,1,4,2.59,never,20,0,0,32.2,0,31
68,male,4,4,NA,never,60,0,0,24.9,0,34
65,female,1,1,1,never,0,0,0,29.6,0,14
80,male,3,4,2.13,former,0,0,1,28.9,0,15
49,female,4,4,5,never,0,0,0,28.1,0,16
40,male,3,4,0.77,never,0,0,0,38.4,0,14
50,female,2,5,3.65,never,0,0,1,22.7,0,35
66,male,4,4,3.07,current,360,1,0,19.9,0,23
73,female,4,4,4.27,former,0,0,0,23.4,0,26
79,male,4,5,5,never,1800,1,0,37,0,19
67,male,2,5,0.81,never,0,0,0,27,0,20
48,female,1,4,0.93,former,0,0,0,50.3,0,15
68,female,3,4,5,never,0,0,1,42.8,0,32
60,male,2,4,5,never,0,0,1,35.2,0,27
50,male,3,4,2.03,never,180,1,1,27.9,0,15
40,female,5,4,1.79,never,240,1,0,24.2,0,15
52,female,5,1,1.9,never,120,0,0,25.5,0,16
80,male,3,4,2.46,never,0,0,1,29,1,25
55,male,3,5,0.68,never,60,0,0,25.7,0,28
52,female,4,4,3.32,current,135,0,0,33.4,0,17
75,male,3,1,1.88,never,0,0,1,21.2,0,18
67,female,3,2,NA,current,0,0,1,35.8,0,19
80,male,2,1,NA,former,0,0,0,25.3,0,33
59,female,5,5,5,never,375,1,0,28.5,0,13
51,female,1,2,1.96,never,0,0,1,33.9,0,14
55,female,3,3,5,current,0,0,0,33.6,0,33
67,male,3,5,NA,never,360,1,0,34,0,36
74,male,3,3,3.46,never,90,0,0,31.9,0,16
80,female,3,3,2.5,current,0,0,1,18.4,1,18
55,male,4,2,1.21,current,0,0,0,31.6,0,16
80,female,3,3,2.32,never,0,0,0,30.2,0,13
52,female,2,4,1.89,former,0,0,0,51.3,0,30
72,male,1,1,0.87,never,420,1,0,25,0,27
57,female,1,1,NA,never,0,0,0,28.7,0,14
80,female,3,4,1.66,never,1800,1,1,24.5,0,26
79,female,3,2,1.26,former,210,1,1,28.5,0,25
64,female,4,5,1.58,former,480,1,0,33.6,0,18
56,male,4,3,NA,current,0,0,0,23.5,0,16
70,female,5,4,2.01,former,140,0,0,24,0,32
61,male,2,4,1.79,former,480,1,0,38.5,0,25
58,male,5,5,5,former,420,1,0,29,0,27
47,female,3,4,4.9,former,80,0,0,47.7,0,22
52,male,5,5,5,never,0,0,0,28.3,0,33
80,male,5,3,1.19,never,0,0,1,22.9,0,14
46,female,4,2,2.45,never,0,0,0,34.2,0,18
56,female,5,4,1.54,never,0,0,0,27.8,0,13
61,female,4,4,NA,current,210,1,0,34.6,0,15
76,female,3,5,NA,current,0,0,0,25.5,0,19
66,male,3,5,4.29,never,30,0,0,38.8,0,12
65,male,4,4,4.05,never,180,1,0,37.8,0,17
65,female,3,3,1.27,former,0,0,1,17.5,0,30
52,male,4,5,4.9,never,0,0,0,26,0,19
60,male,1,3,1.78,former,540,1,0,26.6,0,25
74,female,3,4,1.41,never,90,0,0,38.5,0,18
45,female,4,4,NA,never,0,0,0,41.6,0,17
70,male,3,3,1.79,current,0,0,0,27.8,0,31
46,male,1,4,4.78,never,180,1,0,33.8,0,33
69,female,1,3,2.59,never,0,0,0,48.2,0,14
41,male,3,4,0.41,current,0,0,0,38.1,0,32
53,female,2,1,0.49,never,0,0,0,38.5,0,34
50,female,5,5,5,never,720,1,0,25.8,0,28
62,male,2,4,1,former,0,0,0,35.5,0,15
59,male,3,3,1.97,former,0,0,0,34.1,0,20
65,male,2,1,0.92,former,0,0,1,31.9,0,35
78,male,4,2,1.46,former,0,0,0,30.5,0,17
54,male,4,1,0.66,current,180,1,0,31.1,0,15
63,male,3,4,5,current,240,1,1,26.8,0,19
80,male,3,2,1.36,former,0,0,1,32.2,0,14
59,male,4,4,0.99,current,0,0,0,15.7,1,11
71,male,1,1,1.04,former,1680,1,0,25.2,0,31
54,male,1,3,3.21,never,20,0,0,29.3,0,27
64,female,1,4,0.53,current,0,0,0,36.1,0,28
41,female,4,4,1.24,never,0,0,0,21.7,0,16
43,male,1,2,2.15,never,0,0,0,26.7,0,14
76,male,3,5,4.86,former,0,0,0,28,0,32
40,male,5,5,5,current,60,0,0,27.8,0,13
43,male,5,3,1.22,current,0,0,0,17.4,0,22
54,female,1,4,2.92,never,0,0,0,33.5,0,21
43,female,5,3,0.12,current,210,1,0,19.5,0,29
67,male,1,1,1.75,former,0,0,0,20.9,0,14
61,male,4,4,2.43,never,360,1,0,28.4,0,24
46,male,4,4,1.15,never,0,0,0,32.5,0,34
42,male,1,2,NA,former,30,0,0,23.8,0,27
80,female,3,3,1.49,former,0,0,0,26.1,1,12
65,male,4,5,1.69,never,0,0,0,46.1,0,15
80,male,3,3,2.11,former,0,0,1,NA,1,9
43,male,3,3,1.51,never,0,0,0,26.9,0,16
61,female,3,2,0,current,0,0,0,NA,0,36
74,female,3,3,2.59,never,0,0,0,38.5,0,22
57,female,4,3,2.49,never,0,0,0,55.1,0,29
71,female,3,5,5,never,60,0,0,31.3,0,33
41,male,5,5,4.08,former,0,0,0,28.6,0,33
80,male,3,4,NA,former,0,0,NA,26.6,0,14
56,female,3,4,1.98,never,0,0,0,25.8,0,21
56,female,2,2,NA,never,0,0,0,28,0,19
62,male,3,3,5,never,80,0,0,28.2,0,25
49,female,4,5,4.98,never,0,0,0,36.2,0,28
70,male,3,3,1.18,current,0,0,1,27.9,0,14
48,female,5,5,5,never,530,1,0,22.7,0,14
56,female,3,3,2.16,former,0,0,1,35.7,0,17
66,male,3,4,1.62,never,0,0,0,34,0,33
69,female,3,5,5,former,0,0,0,23.3,0,20
51,female,3,3,1.49,current,0,0,1,33.4,1,5
79,female,1,4,1.68,never,0,0,1,25.3,0,32
49,female,3,4,0.82,current,0,0,0,42.3,0,31
59,male,3,4,2.65,current,150,1,1,22.7,0,15
73,female,2,1,1.52,never,0,0,0,25.3,0,26
80,male,5,5,0.9,never,0,0,1,NA,0,25
67,female,5,1,3.94,never,0,0,0,26.4,0,34
69,female,1,2,NA,never,0,0,0,35.2,0,27
68,female,3,4,1.04,never,900,1,0,22.2,0,24
44,female,3,4,1.99,never,120,0,0,37.7,0,32
44,female,5,4,3.04,never,0,0,0,33.6,0,13
76,female,2,2,1.6,never,0,0,0,26.9,0,18
79,male,3,4,2.46,former,315,1,1,31.4,0,25
66,male,3,5,5,former,720,1,0,25.5,0,20
52,female,1,4,5,never,0,0,0,27.7,0,21
64,male,1,1,1.22,never,180,1,0,29.4,0,21
55,female,5,3,1.22,never,0,0,0,30.9,0,13
62,female,4,5,1.85,former,180,1,0,25.4,0,23
42,male,5,5,5,never,70,0,0,19.3,0,23
54,male,4,4,4.31,current,0,0,0,30,0,21
60,male,4,3,2.92,never,90,0,0,22.7,0,22
63,female,3,5,5,never,180,1,1,22.4,0,13
80,male,3,5,3.43,former,0,0,1,23.3,1,14
47,female,5,5,2.08,never,360,1,0,24.9,0,15
48,female,5,3,NA,never,0,0,0,23.6,0,15
68,female,3,3,0.7,former,0,0,0,30,0,22
45,female,5,4,0.96,never,0,0,0,31,0,28
61,male,5,5,NA,never,1800,1,1,25.5,0,28
54,male,3,4,1.22,current,0,0,0,28.5,0,23
72,male,3,3,4.57,former,0,0,1,29.6,0,27
60,female,4,5,5,never,240,1,0,27.3,0,30
68,female,4,4,1.99,never,0,0,0,62.1,0,14
78,male,3,5,4.25,former,1440,1,0,26.6,0,26
76,female,3,4,5,never,0,0,0,31,0,20
51,female,4,5,5,never,160,1,0,37.5,0,12
80,female,3,3,1.75,former,0,0,0,19.8,0,25
53,female,4,3,1.33,never,0,0,1,27.7,0,15
43,female,3,1,1.22,current,1200,1,1,32,0,31
60,female,5,4,2.8,never,540,1,0,28.2,0,27
68,female,2,4,1.45,never,0,0,1,27.2,0,15
45,female,3,5,4.08,never,0,0,0,28.5,0,31
43,male,4,2,1.13,never,180,1,0,30.9,0,36
74,female,4,3,2.39,never,0,0,0,26.1,0,35
80,male,1,1,1.03,never,0,0,0,29.6,0,13
63,male,2,2,5,former,30,0,0,27.7,0,14
68,male,3,2,2.13,never,0,0,0,25.8,0,28
76,male,3,4,0.73,former,0,0,0,27.6,0,15
41,female,5,5,5,former,0,0,0,21.9,0,18
59,male,4,3,3.03,never,0,0,0,NA,0,20
57,female,4,3,5,never,0,0,0,53.1,0,28
70,female,3,3,4.65,never,0,0,1,37.7,0,12
71,female,3,5,2.48,never,0,0,1,28.9,0,14
80,male,1,5,3.37,never,0,0,1,32.1,0,30
75,female,5,4,5,former,0,0,0,20.5,0,25
62,female,2,3,4.62,never,0,0,0,32.8,0,15
52,female,3,2,2.43,current,120,0,0,22.4,0,31
46,male,3,4,2.64,never,540,1,0,39.1,0,23
71,female,4,2,1.33,never,0,0,0,29.8,0,16
55,male,5,5,3.19,never,1260,1,0,22.5,0,29
80,male,5,5,5,never,0,0,0,27.1,0,28
77,male,5,3,0.91,former,0,0,0,28.8,0,28
71,male,5,2,1.4,current,150,1,0,26.7,0,13
46,male,3,3,1.27,current,0,0,0,29.1,0,30
72,female,3,3,1.41,former,0,0,1,39.4,0,17
64,female,4,5,1.05,current,0,0,0,29.5,0,31
68,female,4,2,0.75,never,0,0,1,30.3,0,17
58,female,5,5,2.38,never,80,0,0,25.7,0,12
42,female,3,4,NA,never,0,0,0,28.3,0,29
52,female,5,3,4.9,former,0,0,0,23.6,0,25
80,male,3,5,5,former,60,0,1,28.3,0,16
41,male,3,3,2.64,former,0,0,0,32.3,0,26
80,female,3,3,NA,never,0,0,1,33.3,0,30
67,male,3,2,3.86,former,0,0,0,33.5,0,16
80,male,3,5,1.24,former,900,1,1,22.9,0,33
61,female,3,3,1.52,current,0,0,0,28,0,17
40,female,3,3,NA,current,240,1,0,44.9,0,27
45,female,4,1,3.08,current,0,0,0,26.2,0,23
51,male,5,5,4.16,never,375,1,0,21.4,0,13
40,female,4,3,NA,never,0,0,0,35.9,0,15
59,female,2,3,0,never,60,0,0,29.5,0,14
65,female,5,5,NA,never,0,0,0,22.1,0,27
57,female,5,1,2.49,never,180,1,0,31,0,25
55,male,2,1,1.38,never,120,0,0,27.2,0,22
80,female,4,2,1.1,former,0,0,0,18.6,0,17
42,female,1,NA,NA,never,0,0,0,38.5,0,31
68,female,4,4,3.34,never,600,1,0,25.6,0,35
51,female,4,4,5,never,0,0,0,36.3,0,13
61,female,4,4,0.04,current,0,0,0,23.3,1,5
62,male,3,3,0.61,former,0,0,1,30.4,1,0
47,male,5,4,0.88,never,0,0,0,32.6,0,15
64,male,4,5,1.2,current,0,0,0,24.6,0,20
80,male,4,4,1.29,never,0,0,0,23.9,0,14
65,female,1,1,1.7,former,0,0,0,48.2,0,24
61,female,3,4,0.94,former,0,0,0,36.7,0,23
57,male,5,4,0.49,former,0,0,1,30.5,0,18
42,female,5,4,3.43,never,0,0,0,30.2,0,19
50,female,2,1,1.35,never,0,0,0,27.1,0,31
60,male,5,3,0.7,never,0,0,0,28.9,0,27
80,male,3,4,NA,never,120,0,1,35.5,0,33
68,female,4,4,3.46,current,0,0,0,25.3,0,25
52,male,3,4,5,current,360,1,1,29.9,0,30
60,female,2,2,1.13,former,0,0,0,42.8,0,15
67,male,4,4,2.07,never,0,0,0,33.2,0,17
56,male,1,1,NA,former,0,0,0,29.7,0,23
76,male,3,5,5,never,600,1,0,20.9,0,29
43,female,3,3,1.02,current,0,0,0,31.1,0,26
71,male,3,4,2.07,former,30,0,1,31.7,0,30
44,female,4,4,NA,never,360,1,0,31.5,0,16
42,female,3,3,0.63,current,0,0,0,20.4,0,26
80,female,3,2,2.96,never,0,0,1,28.5,0,25
65,male,3,4,2.67,former,0,0,1,20.2,0,30
77,male,3,3,3.4,current,0,0,1,20.4,0,13
49,male,3,5,4,never,720,1,0,32.6,0,13
61,male,4,4,2.65,former,0,0,0,31.1,0,18
75,male,4,1,0.21,former,60,0,1,44.7,1,10
52,male,5,5,5,former,480,1,0,25.2,0,28
53,male,3,4,1.26,never,140,0,0,25.1,0,27
61,female,2,5,1.83,never,180,1,0,26.8,0,34
55,male,3,1,NA,current,0,0,1,NA,0,21
59,female,2,3,1.72,never,0,0,0,24.3,0,27
63,male,4,4,4.35,current,0,0,0,26.1,0,21
46,female,3,4,1.02,never,80,0,0,32.1,0,27
80,female,4,4,5,current,0,0,1,23.7,0,12
41,female,3,4,3.66,never,180,1,0,44.4,0,31
61,male,4,2,0.58,current,0,0,0,32.3,0,36
68,male,5,4,1.2,never,180,1,0,30.2,0,22
57,female,3,4,3.52,never,0,0,0,47.3,0,20
57,male,5,5,3.69,never,0,0,0,26.4,0,15
49,female,4,1,NA,never,0,0,0,39,0,22
71,male,3,4,2.31,never,0,0,1,33.7,0,27
80,male,4,5,4.56,never,240,1,1,24.1,0,30
44,female,1,3,0.8,former,420,1,1,23.9,0,13
55,female,3,4,2.59,never,450,1,0,19.7,0,32
62,male,1,1,0.81,former,0,0,0,23.5,0,17
67,male,1,4,5,never,0,0,0,31.7,0,27
62,male,4,4,1.38,current,0,0,1,31.1,0,15
51,female,5,3,1.47,former,10,0,0,19.3,0,26
46,female,3,4,4.41,never,600,1,0,22.9,0,25
51,female,3,3,3.34,current,0,0,1,18.7,0,31
80,female,3,2,2.46,former,0,0,1,32.2,0,14
58,female,4,4,2.77,never,0,0,1,37.8,0,16
63,female,4,3,0.58,former,0,0,1,38.8,0,25
56,female,5,3,2.46,never,80,0,0,17.7,0,15
56,female,2,1,1.82,never,0,0,0,33.3,0,19
80,male,3,4,1.03,never,0,0,0,29.4,0,31
53,female,4,5,4.78,never,90,0,0,31.8,0,31
49,female,4,4,5,current,30,0,0,39.3,0,17
44,female,1,1,1.58,never,0,0,0,27.6,0,12
59,female,5,4,5,former,0,0,1,22.7,0,17
60,female,4,4,2.07,former,0,0,0,47,0,22
45,female,5,3,4.76,never,30,0,0,19.4,0,33
48,female,1,1,0.29,current,0,0,0,34.5,0,29
80,female,3,3,2.75,never,0,0,1,23.1,0,35
59,female,3,3,2.59,former,0,0,0,17.5,0,26
76,male,3,3,5,former,0,0,1,30.4,0,21
76,male,3,3,1.91,former,0,0,0,32,0,27
54,male,1,3,0.06,never,0,0,0,33.9,0,15
80,male,3,4,2.59,former,360,1,0,40.7,0,15
58,female,5,3,NA,never,180,1,0,23.6,0,25
80,female,4,4,NA,never,0,0,0,19,0,19
59,male,3,3,0.93,never,405,1,1,40.6,0,32
42,male,4,5,5,never,564,1,0,38.5,0,21
52,female,4,1,0.81,current,0,0,1,29.9,0,15
49,female,1,3,3.47,never,120,0,0,28.7,0,21
62,male,4,3,3.49,current,0,0,1,26.4,0,18
60,female,4,2,0.74,never,0,0,0,27.9,0,17
58,female,4,3,0.99,current,70,0,0,27.9,0,23
47,female,3,3,NA,former,0,0,0,24.8,0,19
66,female,3,4,NA,current,0,0,0,21.7,0,17
55,male,3,5,1.58,former,0,0,0,30.3,0,24
80,female,4,3,NA,current,0,0,0,25.1,0,20
64,male,1,1,0.56,never,1080,1,0,24.4,0,16
62,female,1,4,0.73,never,630,1,0,23.3,0,23
80,female,3,4,4.43,never,66,0,1,27,0,15
50,female,2,5,4.74,never,720,1,0,25.2,0,19
58,male,4,3,3.13,never,240,1,0,28.8,0,14
80,female,3,3,3.33,former,0,0,0,35.2,0,26
57,female,5,4,0.24,never,0,0,0,28.5,0,15
63,male,2,5,5,former,180,1,0,25.8,0,12
48,female,3,5,5,never,0,0,0,32.4,0,26
71,female,3,4,2.71,never,360,1,1,25.9,0,14
71,female,4,4,0.37,current,0,0,0,28.1,0,16
61,female,3,5,NA,never,3360,1,1,20.1,0,22
73,male,3,4,1.72,never,0,0,1,21.7,0,25
55,male,5,2,NA,never,0,0,0,26.2,0,25
80,male,3,4,2,never,0,0,0,27.1,1,5
70,female,3,4,4.93,never,0,0,0,NA,0,16
62,female,1,1,0.58,never,0,0,0,20.2,0,12
61,female,4,5,5,never,1020,1,0,32.3,0,23
62,female,5,5,NA,never,0,0,0,38.9,0,24
60,male,3,3,0.89,former,0,0,1,41.9,0,15
55,female,4,3,0.11,current,0,0,0,39.6,0,22
80,male,2,1,NA,never,40,0,0,20.2,0,18
74,male,3,1,NA,former,0,0,0,28.1,0,31
54,male,4,3,NA,never,20,0,0,37.9,0,34
48,male,5,5,5,never,70,0,0,34.1,0,12
44,male,5,2,1.15,current,0,0,0,29.7,0,25
60,male,4,3,3.32,former,300,1,0,31.3,0,16
50,female,4,4,1.05,current,240,1,0,30.6,0,14
65,male,3,4,1.54,former,90,0,1,29.2,0,26
80,female,3,5,3.08,never,45,0,1,21.4,0,13
57,female,3,2,0.81,current,0,0,1,27.5,0,35
63,male,3,4,2,current,0,0,0,25.3,0,15
54,male,5,3,0.87,former,0,0,0,31.1,0,29
52,male,4,3,2.83,never,0,0,0,29.9,0,17
63,female,2,1,2.82,never,0,0,0,30.3,0,13
57,male,4,4,1.94,former,0,0,0,31,0,36
62,female,4,4,NA,never,0,0,0,30.6,0,19
45,male,3,4,0.91,never,0,0,0,39.6,0,20
80,female,3,4,1.89,former,0,0,1,24.9,0,33
47,female,4,5,5,former,40,0,1,26.1,0,17
67,female,4,4,NA,current,90,0,0,34.9,0,20
67,male,2,5,5,never,540,1,0,42.1,0,15
65,female,4,3,0.99,never,0,0,1,25.9,0,36
80,male,4,4,1.64,former,0,0,1,28.9,0,37
75,male,5,4,2.19,former,0,0,1,32.6,0,31
44,male,5,3,1.22,never,360,1,0,29.5,0,15
60,male,3,3,5,never,210,1,0,33.8,0,16
56,female,4,5,4.62,never,345,1,0,42.1,0,16
65,female,4,3,1.22,never,105,0,1,30.8,0,20
52,female,4,3,0.74,former,0,0,0,38.3,0,24
62,female,4,5,5,never,1230,1,0,25.1,0,11
61,female,5,4,NA,never,0,0,0,26.9,0,16
60,female,5,4,1.7,former,0,0,0,32.5,0,25
47,female,4,3,0.77,never,0,0,0,42.8,0,14
80,female,3,3,2.63,never,0,0,0,24.8,0,16
42,female,4,4,0.85,never,0,0,0,29.1,0,35
80,male,3,5,5,never,40,0,1,22.7,0,22
57,male,5,4,5,current,400,1,1,31.6,0,31
74,female,4,3,2.13,current,0,0,1,39.8,0,16
52,female,3,3,0.92,never,0,0,1,26.1,0,26
67,female,5,4,5,former,120,0,0,25.2,0,18
71,female,5,5,5,never,135,0,0,25.3,0,12
80,male,4,4,4.31,former,0,0,0,25.3,0,17
72,female,3,4,2.04,never,125,0,0,26.1,0,32
63,male,1,1,1.16,current,0,0,0,31.3,0,30
80,male,3,4,5,never,360,1,1,30.7,0,33
41,female,3,5,2.55,current,0,0,0,56.9,0,32
80,male,3,5,5,former,240,1,1,28.7,0,26
80,female,3,1,NA,never,0,0,1,36.2,0,30
69,female,4,2,1.57,former,0,0,0,48.2,0,20
46,male,3,3,0.2,current,0,0,0,41.7,0,22
79,female,5,5,3.92,never,10,0,0,26.9,0,17
46,male,4,3,1.2,never,0,0,0,28,0,21
54,female,3,4,5,former,240,1,0,19.5,0,21
72,female,4,4,NA,current,0,0,0,30.9,0,17
52,female,1,2,1.52,never,0,0,0,31.3,0,22
46,male,3,4,1.93,never,360,1,0,29.1,0,15
74,female,3,3,2.07,former,225,1,0,30.7,1,6
69,female,2,1,2.75,never,0,0,0,NA,0,33
52,female,5,5,4.93,never,90,0,0,23.5,0,35
53,female,4,5,5,never,120,0,0,29.1,0,27
53,male,5,3,1.32,never,30,0,0,26.2,0,28
55,male,4,3,0,current,0,0,0,21.2,0,23
64,female,3,5,5,never,180,1,0,31.9,0,19
49,female,2,4,1.37,former,0,0,1,25.6,0,15
73,female,5,5,5,never,0,0,0,27.8,0,28
42,male,5,4,5,former,0,0,0,34.5,0,32
40,male,3,4,3.96,former,270,1,0,33.9,0,22
74,female,3,2,1.23,former,0,0,0,27.7,0,33
80,female,5,5,0,never,0,0,0,24.9,0,19
80,female,3,4,2.46,never,0,0,1,30,0,23
75,male,3,4,3.65,never,0,0,1,34.6,0,31
41,male,3,4,4.86,former,0,0,0,24.8,0,18
53,male,5,5,0.89,former,120,0,0,28.6,0,15
52,male,5,3,NA,former,0,0,0,20.8,0,15
75,female,5,3,2.59,never,0,0,0,27,0,20
56,female,4,4,5,never,0,0,0,33.9,0,25
65,female,3,4,5,never,0,0,0,26.6,0,15
59,female,4,5,NA,former,0,0,1,40.1,0,23
56,female,4,4,0.8,never,0,0,1,23.9,1,3
44,male,3,4,2.52,never,120,0,0,24,0,29
58,male,5,4,2.85,never,320,1,0,30.2,0,26
61,female,4,4,1.98,never,0,0,0,19.9,0,25
41,female,4,4,1.82,never,0,0,0,44.3,0,17
42,female,5,5,4.08,never,600,1,0,21.5,0,24
74,female,3,4,2.99,never,0,0,1,35.7,0,28
70,female,5,5,NA,never,190,1,1,23.4,0,26
48,female,2,5,2.89,never,180,1,0,27.3,0,31
67,female,3,5,3.43,former,0,0,1,40.6,0,12
59,male,4,5,2.89,never,0,0,0,35.8,0,22
63,male,1,4,3.95,former,0,0,0,37.1,0,27
49,male,5,2,0.73,current,0,0,1,26.5,0,21
59,female,4,4,3.29,never,20,0,0,38.9,0,31
55,female,1,3,3.63,current,180,1,0,27.6,0,15
66,female,2,1,0.9,never,0,0,0,42,0,20
67,female,2,1,1.12,never,0,0,1,21.3,0,15
59,female,1,1,0,never,0,0,0,39.8,0,13
62,female,3,1,0.65,never,0,0,1,21.4,1,12
50,female,3,5,1.53,never,315,1,0,20.6,0,29
65,male,1,3,4.93,former,0,0,0,26.8,0,33
57,female,3,4,3.37,never,0,0,1,32.1,0,29
51,female,5,5,5,never,90,0,0,28.9,0,32
50,female,1,1,NA,never,0,0,0,37.7,0,32
60,male,2,3,0.7,current,240,1,0,23.9,0,27
73,female,3,4,1.98,current,0,0,1,29.2,0,19
64,male,5,5,5,never,30,0,0,26.1,0,33
70,male,5,5,1.56,former,0,0,1,24.2,0,27
49,male,3,5,5,never,0,0,0,27.6,0,28
60,female,5,1,2.55,never,40,0,0,29.3,0,14
73,male,2,1,2.26,never,0,0,0,27.4,0,31
64,female,2,4,5,former,0,0,0,33,0,15
51,female,5,5,5,never,0,0,0,21.7,0,18
78,female,3,4,0.73,never,0,0,0,28.7,0,15
71,male,2,3,2.07,former,120,0,0,42.4,0,15
67,female,3,4,2.06,never,120,0,0,31.8,0,17
68,male,3,4,1.83,former,0,0,0,37,0,17
62,female,5,3,NA,current,0,0,0,25.8,0,23
61,female,2,1,1.09,never,120,0,0,26.4,0,25
64,male,2,4,2.99,former,360,1,1,26.5,0,33
51,male,2,4,3.66,never,180,1,0,31,0,20
80,female,3,2,1.98,current,0,0,0,25.5,0,32
52,male,1,3,NA,former,0,0,0,31.7,0,15
76,male,3,5,2.77,current,240,1,1,25.7,0,26
65,male,4,2,4.16,current,60,0,1,36.7,0,18
61,male,1,4,NA,former,0,0,0,26.3,0,31
51,male,2,4,5,never,180,1,0,32,0,24
80,male,3,2,4.37,former,0,0,1,29.4,0,34
63,male,3,4,NA,former,720,1,0,27.8,0,26
48,male,5,4,3.4,never,0,0,0,25.5,0,23
44,female,3,4,4.62,never,600,1,0,27,0,22
61,male,4,2,NA,former,0,0,0,19.9,0,32
42,female,3,4,1.71,never,0,0,0,48.9,0,26
75,female,3,4,5,former,0,0,1,30.9,0,26
43,female,5,5,5,never,150,1,0,25.4,0,32
53,male,4,5,3.23,never,1800,1,0,34.8,0,23
54,male,2,1,1.37,current,0,0,0,26,0,18
63,female,1,4,NA,current,0,0,0,32.6,0,28
71,male,4,4,4.57,never,1605,1,0,27.9,0,17
60,male,1,3,3.19,never,45,0,0,29,0,33
60,female,5,4,3.63,never,480,1,0,27.5,0,29
52,female,5,1,4.17,never,0,0,0,24.9,0,27
55,female,5,5,5,never,360,1,0,21.1,0,33
70,male,1,5,1.25,former,0,0,0,31.5,0,32
61,male,4,5,5,never,300,1,1,27.5,0,20
62,male,4,2,0.95,current,0,0,1,18.9,0,17
55,female,5,5,3.04,never,140,0,0,28.9,0,35
76,female,4,5,1.18,never,135,0,0,41.9,0,14
63,male,4,5,NA,never,390,1,0,44.5,0,16
49,female,5,1,0.7,never,0,0,0,34,0,27
43,female,3,4,4.41,never,60,0,0,28,0,14
44,female,4,5,4.32,never,0,0,0,23.8,0,29
77,female,3,3,NA,former,0,0,0,24,0,25
62,male,3,4,5,former,540,1,0,26.5,0,29
66,male,3,4,1.49,never,0,0,1,24.2,0,23
58,male,2,1,0.41,former,0,0,0,25.5,0,32
62,male,4,4,2.59,former,300,1,1,29.8,0,22
75,male,4,3,5,never,1080,1,1,23.4,0,33
53,male,4,2,1.85,former,60,0,1,30,0,27
56,male,5,4,1.93,current,0,0,0,24.3,0,16
80,male,3,1,1.42,former,0,0,0,28.1,0,19
62,male,5,5,5,never,0,0,1,29,0,34
55,female,3,5,4.57,former,90,0,0,22.1,0,20
76,female,4,4,5,never,30,0,0,31.7,0,12
73,female,3,3,3.04,never,0,0,0,25.7,0,26
80,male,5,1,1.85,never,0,0,0,22.4,0,26
63,female,3,3,3.08,current,60,0,1,30.6,0,27
68,female,1,1,NA,never,0,0,0,28.8,0,15
58,male,3,5,4.9,never,600,1,0,28.3,0,13
55,female,5,5,3.92,former,0,0,0,32.1,0,19
53,female,4,4,NA,never,0,0,0,57.3,0,15
68,male,3,3,0.65,never,60,0,1,35,0,31
58,female,1,5,NA,never,0,0,0,23.6,0,28
40,female,3,5,3.59,current,240,1,0,26.5,0,21
70,female,4,1,3.46,never,0,0,0,NA,0,25
72,male,3,4,2.19,former,0,0,1,31.3,0,31
60,female,2,5,5,former,0,0,0,37.9,0,34
65,male,4,4,5,never,0,0,1,27.3,0,21
61,female,2,4,NA,never,0,0,0,29.9,0,33
58,male,3,5,5,never,600,1,0,29.9,0,30
47,female,3,3,0.49,current,1920,1,0,27.6,0,19
64,female,2,2,0.37,current,0,0,0,33.9,0,35
55,female,4,5,5,never,120,0,0,31.5,0,23
55,female,2,3,1.49,never,240,1,0,30.6,0,26
55,male,5,3,5,never,105,0,0,24.7,0,14
62,female,2,3,0.68,never,0,0,0,29.9,0,30
45,female,3,4,2.61,former,0,0,0,45.4,0,21
75,female,4,4,1.06,current,20,0,0,25.4,0,17
80,male,3,2,0.77,never,0,0,1,24.2,0,23
78,male,3,3,3.08,former,0,0,1,36.9,0,19
60,female,3,5,3.67,never,150,1,1,26.5,0,26
64,male,2,1,1.08,never,0,0,0,31.6,0,32
45,female,5,4,0.79,current,0,0,0,42.4,0,31
60,female,3,4,5,former,180,1,1,27.6,0,25
57,female,1,4,0.67,current,0,0,1,21.4,0,17
80,female,3,3,2.92,former,1080,1,0,30.8,0,29
80,female,3,3,2.99,never,0,0,1,33.5,0,32
80,male,4,1,NA,former,0,0,0,22.4,0,31
60,female,3,2,3.18,current,0,0,0,23.7,0,21
79,female,3,3,1.42,former,0,0,1,34.4,0,36
80,male,3,2,NA,current,0,0,0,26.4,0,11
80,female,3,5,5,never,48,0,0,25.7,0,23
43,male,1,1,1.78,never,0,0,0,35.5,0,32
72,male,1,1,0.58,never,0,0,0,30.4,0,15
69,female,3,4,1.6,never,60,0,1,28.1,0,16
60,male,4,4,5,former,0,0,0,25.6,0,34
59,female,5,5,4.62,never,120,0,0,20.6,0,27
61,male,5,3,3.67,former,0,0,NA,27.6,0,21
65,male,4,5,0.25,never,0,0,0,28,0,13
68,male,4,2,NA,current,0,0,1,24.7,0,22
73,male,3,3,2.37,former,0,0,0,34,0,31
46,male,1,3,0.8,former,0,0,0,26.4,0,13
57,male,3,3,1.25,current,0,0,1,22.8,0,33
59,female,4,4,2.43,current,0,0,0,25,0,19
74,male,2,2,1.52,never,0,0,1,26.8,0,26
71,female,3,5,5,never,210,1,0,30.8,0,31
56,male,2,1,NA,never,0,0,0,30.8,0,28
66,female,5,4,0.86,former,0,0,0,28.8,0,14
61,female,4,3,NA,never,120,0,1,48,0,19
44,male,5,2,1.15,former,180,1,1,35.4,0,32
80,female,3,4,5,never,0,0,1,33.7,0,35
54,female,3,4,1.48,current,180,1,1,28,0,21
49,male,4,4,5,former,0,0,1,30.5,0,19
55,female,5,5,3.43,never,0,0,0,28.3,0,25
80,male,2,NA,NA,former,0,0,0,NA,0,33
77,male,4,3,4.8,former,0,0,1,31,0,24
64,male,4,3,4.86,former,0,0,0,25.1,0,34
64,female,5,5,5,never,180,1,0,18.6,0,28
55,female,3,3,NA,former,0,0,0,29.5,0,15
65,female,3,4,5,never,140,0,0,23.5,0,31
55,male,2,3,2.88,never,480,1,0,31.1,0,34
54,female,4,4,0,never,120,0,0,35.7,0,23
51,male,3,1,2.33,current,135,0,1,30.7,0,34
77,female,3,4,2.32,never,0,0,1,38.6,0,18
53,male,3,4,1.76,current,300,1,0,35,0,23
57,male,2,5,5,never,120,0,0,27.1,0,34
63,male,1,NA,NA,current,0,0,1,31.4,0,33
40,female,1,3,0.81,never,0,0,0,26.7,0,30
57,female,5,5,5,former,60,0,0,20.4,0,32
79,female,5,1,1.1,former,0,0,0,22.9,0,27
61,male,3,4,4.56,current,0,0,1,39.4,0,35
69,male,2,4,0.4,never,320,1,0,27.9,0,18
71,male,3,3,2.32,former,0,0,0,37.7,0,25
53,female,2,5,5,never,30,0,0,20.4,0,20
40,male,3,2,2.03,current,360,1,0,29.6,0,24
67,male,4,3,1.46,former,0,0,0,28.2,0,36
64,female,4,1,1.13,former,0,0,0,37.9,0,37
63,male,3,3,5,never,0,0,0,42.8,0,34
45,female,4,4,2.79,never,165,1,0,36.5,0,15
59,female,3,4,3.39,never,120,0,0,30.1,0,11
66,female,4,5,4.15,never,820,1,0,36,0,22
72,female,1,1,3.11,never,0,0,0,24.5,0,32
74,female,5,3,3.46,never,90,0,0,29.9,0,15
74,male,3,3,1.71,current,0,0,1,34.1,1,26
48,male,4,5,5,never,1080,1,0,28,0,15
77,female,3,3,1.6,never,0,0,0,29.3,0,29
51,male,3,3,5,former,0,0,0,23.1,0,18
63,female,4,4,3.03,never,0,0,0,33.6,0,16
56,female,1,3,2.31,current,0,0,0,19,0,33
40,male,2,1,2.31,former,0,0,0,27.3,0,32
64,female,5,4,0.74,former,225,1,0,30.2,0,36
77,female,5,1,0.56,never,0,0,0,28.9,0,28
49,female,3,4,5,former,900,1,0,26.4,0,34
72,female,5,4,1.8,never,0,0,0,25.8,0,28
53,female,4,4,1.24,current,240,1,1,25.5,0,18
52,male,4,2,1.52,current,0,0,1,32.4,0,20
66,female,3,5,5,never,300,1,0,25.3,0,21
63,female,5,5,5,never,90,0,0,20.9,0,33
49,female,5,5,5,never,300,1,1,28.6,0,16
50,female,2,1,4.07,never,0,0,0,NA,0,21
56,female,1,4,4.23,never,0,0,0,24.3,0,27
52,female,4,3,1.18,never,0,0,0,27.3,0,19
76,male,3,4,4.1,never,0,0,1,28.4,0,35
70,male,3,3,3.73,former,1200,1,0,30.9,0,27
43,female,3,5,1.81,never,420,1,0,21.2,0,13
60,male,2,3,3.69,never,0,0,0,29.8,0,15
46,female,5,5,1.43,current,0,0,0,21.4,0,28
78,female,2,5,1.5,never,0,0,0,30.1,0,15
70,male,4,5,NA,current,120,0,0,26.5,0,31
80,female,3,3,1.78,never,120,0,0,30.8,0,30
69,female,3,3,4.62,never,720,1,0,38.9,0,17
66,male,2,4,2.2,former,90,0,0,30.9,0,22
48,male,5,5,4.93,never,0,0,0,31.2,0,16
55,male,5,5,0.48,never,1140,1,0,23.7,0,31
77,male,4,1,NA,never,0,0,1,45.4,0,28
42,female,4,4,2.77,never,210,1,0,39,1,22
64,female,5,4,3.65,never,50,0,0,33.7,0,28
80,female,4,2,2.94,former,0,0,0,44.7,0,15
44,female,4,5,3.3,never,0,0,0,43.3,0,17
74,male,3,4,1.79,former,0,0,1,19.1,1,15
66,male,4,4,2.07,never,0,0,0,32.8,0,30
79,male,3,4,2.9,former,300,1,0,25.2,0,15
54,male,3,2,0.87,current,0,0,0,35.7,0,21
70,female,3,3,1.83,never,0,0,0,29.8,0,26
79,male,3,4,1.17,former,0,0,1,32.1,0,15
44,female,5,5,3.39,never,0,0,0,28.5,0,12
45,male,4,5,NA,former,360,1,0,34.3,0,23
44,female,4,3,0.18,never,180,1,0,35.1,0,17
67,female,5,5,NA,never,0,0,0,22.3,0,26
66,male,3,3,5,former,0,0,1,31,0,20
80,male,1,1,2.89,former,0,0,0,27,0,31
67,female,3,5,2.89,never,240,1,0,23.3,0,25
59,male,3,4,4.81,never,0,0,0,35.8,0,24
63,female,4,4,3.69,never,240,1,0,26.1,0,32
63,male,2,2,1.39,former,180,1,0,31.7,0,29
77,male,3,4,5,former,0,0,1,54.6,1,12
55,female,5,3,1.7,never,0,0,0,22.6,0,34
47,female,3,5,1.23,never,80,0,0,20.2,0,22
48,female,4,2,0.12,current,0,0,0,54.7,0,17
69,female,4,4,2.32,never,0,0,1,33.6,0,20
65,female,5,3,1.54,never,30,0,0,28.6,0,24
46,male,3,3,4.98,never,0,0,0,31,0,27
67,male,3,3,0.86,never,0,0,1,37.6,0,25
50,female,1,5,1.41,current,0,0,0,34.8,0,32
61,female,3,4,3.49,former,0,0,1,31.8,0,33
67,female,4,3,1.69,former,0,0,0,53.3,0,22
42,male,3,5,NA,former,495,1,0,25.6,0,34
55,male,3,4,0.89,current,60,0,0,49.4,0,33
62,female,2,4,1.43,never,140,0,0,26.6,0,14
78,female,2,1,1.29,never,45,0,0,28.7,0,26
47,male,4,4,3.54,never,0,0,0,33.5,0,17
80,female,1,1,NA,never,0,0,0,39.6,0,24
68,female,3,2,1.77,former,0,0,1,24.1,1,2
69,female,3,2,0.31,former,0,0,0,41.4,0,20
70,male,3,1,1.11,current,0,0,1,27.9,0,21
68,female,3,3,2.88,current,0,0,0,34.3,0,30
80,female,3,2,1.91,never,0,0,0,25.4,0,26
55,male,3,2,0.58,current,0,0,0,26.9,0,19
65,female,5,2,5,never,0,0,0,35.4,0,33
80,female,3,4,2.16,never,0,0,1,24.1,0,14
50,female,1,1,0.94,never,0,0,0,35.1,0,31
43,male,3,3,1.05,current,0,0,0,29.4,0,32
61,male,4,4,0.98,current,2250,1,0,23.6,0,19
60,female,4,3,0.98,never,150,1,0,33.6,0,19
49,female,3,3,1.27,former,0,0,0,40.1,0,31
58,male,5,4,1.64,never,60,0,1,48.1,0,32
60,male,2,5,1.39,former,360,1,0,27.7,0,33
75,female,4,2,1.52,former,540,1,0,29.4,0,15
64,male,4,3,1.73,former,1080,1,0,34.1,0,14
53,male,2,4,1.71,never,0,0,0,27,0,17
75,female,4,4,5,never,0,0,0,23.2,0,25
53,female,1,2,NA,never,0,0,0,28.3,0,13
56,male,3,5,4.15,never,1440,1,0,32,0,17
69,male,5,4,0.88,former,0,0,0,24.6,0,32
42,female,3,3,0.42,never,600,1,0,29.3,0,32
67,male,4,4,2.54,former,300,1,0,28.2,0,15
55,female,5,4,2.15,never,72,0,0,22.3,0,28
80,female,4,4,NA,never,0,0,0,29.4,0,16
44,female,5,4,1.67,never,0,0,0,22.3,0,24
44,male,5,5,5,never,120,0,0,23.9,0,33
77,female,1,4,2.22,never,240,1,0,30.9,1,11
41,male,1,1,2.03,never,0,0,0,32.8,0,19
47,male,1,1,NA,never,0,0,0,30.4,0,27
80,female,4,4,3.21,former,120,0,1,NA,0,25
80,female,3,2,NA,never,420,1,1,27.6,0,14
80,female,3,3,1.69,never,0,0,0,22.6,0,36
59,female,4,3,NA,never,300,1,0,28.9,0,22
66,female,3,4,2,never,0,0,0,27.7,0,24
64,male,4,4,2.06,current,1500,1,0,22.8,0,20
77,female,5,5,2.41,never,0,0,0,20.7,0,25
64,female,3,3,1.19,current,0,0,1,25.8,0,14
80,male,3,4,3.98,never,30,0,0,24.3,0,15
61,female,4,4,0.94,never,0,0,0,34.1,0,23
42,male,4,3,0,current,450,1,0,40.1,0,18
43,female,4,5,1.14,former,650,1,0,32.1,0,17
41,male,5,5,5,never,120,0,0,22.6,0,12
68,male,3,4,5,former,180,1,0,28.2,0,13
45,male,4,5,4.25,never,0,0,0,41.9,0,23
58,male,3,5,3.37,never,60,0,0,33.7,0,29
65,male,3,3,2.34,former,0,0,1,35,0,12
63,female,1,3,4.62,former,0,0,0,39.5,0,21
57,male,2,3,5,never,0,0,0,37.3,0,32
47,female,4,3,0.6,current,0,0,0,20.7,0,30
49,female,3,3,1.83,current,0,0,1,27,0,27
42,male,5,3,NA,current,240,1,0,27.5,0,25
68,male,4,5,1.37,never,360,1,0,25,0,29
77,female,2,4,NA,never,150,1,1,33.5,0,26
48,male,3,2,5,never,80,0,0,30.3,0,22
48,female,4,4,1.54,current,0,0,0,22.4,0,27
54,male,4,4,2.22,current,0,0,1,26.1,0,18
41,male,3,5,5,former,0,0,0,27.8,0,18
57,male,1,1,0.67,former,0,0,0,29.1,0,13
41,male,3,5,1.34,never,120,0,0,44.6,0,32
49,female,3,4,0.82,never,0,0,0,56.5,0,21
60,male,3,3,0,current,0,0,0,34.3,0,17
80,female,4,3,0.1,never,0,0,0,28.1,0,22
42,male,4,5,4.07,current,0,0,0,34.3,0,18
64,female,5,3,0.33,current,0,0,1,19,0,17
48,male,5,5,3.38,current,840,1,0,25.5,0,14
75,male,1,4,4.15,former,0,0,0,30.7,0,27
40,male,2,1,0.05,never,0,0,0,25.8,0,34
51,female,2,5,NA,never,0,0,0,19.5,0,28
56,female,4,4,4.41,never,180,1,0,28.1,0,24
65,female,3,5,5,current,150,1,0,26.4,0,32
79,male,3,3,2.31,former,0,0,0,31.7,0,31
77,female,4,1,1.4,former,0,0,0,51.6,0,16
54,female,4,5,3.08,never,255,1,0,37.2,0,22
79,male,5,5,0.87,never,70,0,1,23.7,0,34
79,female,4,2,0.12,former,210,1,0,29.4,0,30
54,female,5,4,5,never,390,1,0,27.8,0,27
62,female,4,2,3.23,former,0,0,0,27.9,0,16
74,male,3,4,1.58,former,60,0,1,29.1,0,30
78,male,3,1,1.02,never,0,0,1,31.8,0,29
40,female,2,3,0.32,never,0,0,0,NA,0,29
71,male,5,5,1.7,current,840,1,1,27.8,0,32
79,female,3,5,NA,never,0,0,1,33.5,0,17
55,female,3,4,4.74,never,0,0,0,38.6,0,34
80,male,3,1,2.1,former,0,0,0,31.3,1,12
59,male,3,4,1.83,former,0,0,1,36.1,0,26
63,female,4,3,1.59,never,240,1,1,28.9,0,33
56,male,1,3,1.37,former,0,0,0,29.6,0,15
45,male,4,4,NA,former,270,1,0,19,0,32
72,female,2,1,0.74,never,0,0,0,27.5,0,33
80,female,3,4,1.23,never,60,0,NA,18.2,0,20
72,male,1,1,NA,former,450,1,1,34.4,0,14
53,male,3,4,0.1,former,1890,1,0,24.6,0,14
50,female,4,4,4.07,never,0,0,0,45.9,0,19
68,male,2,1,0.93,never,0,0,0,33.6,0,19
54,male,3,4,4.74,never,300,1,0,28.9,0,34
52,male,2,3,NA,current,0,0,0,27.9,0,16
67,female,5,5,5,never,120,0,0,26.4,0,28
64,male,3,2,1.91,former,0,0,0,25.5,0,23
80,male,3,4,2.46,former,0,0,1,29,0,22
75,male,3,4,1.85,former,180,1,0,25.7,0,14
66,female,4,4,NA,current,0,0,1,NA,0,31
67,male,3,5,5,former,720,1,0,30.9,0,36
42,female,1,4,NA,never,280,1,0,27.8,0,27
80,female,3,3,1.36,never,0,0,1,25.3,0,26
54,male,4,3,2.13,never,60,0,1,26.8,0,33
80,male,3,2,1.11,former,1920,1,0,33.1,0,30
59,female,1,3,1.44,never,300,1,0,27.3,0,30
40,female,1,2,0.91,never,0,0,0,28.9,0,25
71,female,2,NA,NA,never,0,0,0,39.6,0,34
42,male,3,4,0.95,former,210,1,0,33.4,0,36
44,male,5,5,5,never,410,1,0,24.9,0,31
68,male,3,3,1.24,former,0,0,0,30.2,1,12
71,female,4,5,1.81,never,0,0,1,32,0,15
80,female,3,3,1.03,never,0,0,0,31,0,32
45,male,5,3,0.94,former,280,1,0,31.3,0,20
73,female,3,4,4,never,280,1,1,26.8,0,12
80,male,3,2,2.16,former,0,0,1,34.3,0,21
42,male,1,3,2.02,never,780,1,0,25.7,0,27
44,female,2,3,0.41,former,0,0,0,19.8,0,18
49,male,1,3,2.88,never,180,1,0,31.9,0,31
75,female,3,4,3.08,never,0,0,1,48.7,0,21
44,male,1,4,3.42,never,900,1,0,36.1,0,28
80,male,3,2,5,never,0,0,1,24.2,0,32
54,female,2,1,1.08,never,0,0,0,38.5,0,32
63,male,3,4,5,never,150,1,0,29,0,32
70,female,1,1,NA,never,0,0,1,25.5,0,16
57,female,2,3,0.86,never,0,0,0,23.1,0,27
62,female,4,3,0.91,never,0,0,0,33.2,0,17
63,male,1,1,2.59,never,0,0,0,32.7,0,14
41,male,3,4,2.13,former,0,0,0,46.1,0,33
44,female,4,3,5,never,1620,1,0,40.7,0,13
56,female,3,3,5,never,560,1,0,23.2,0,32
62,female,3,4,5,former,0,0,1,28.9,0,20
56,female,3,5,1.83,never,480,1,0,19.8,0,33
58,male,3,2,0.58,current,0,0,0,40.9,1,4
80,female,1,2,1.03,former,150,1,1,23.9,0,12
79,female,4,4,4.31,former,0,0,1,19,0,19
60,female,1,4,5,never,0,0,1,34.5,0,28
66,male,4,3,3.69,never,0,0,0,26.2,0,18
58,male,3,4,2.43,current,0,0,0,24.7,0,29
46,male,3,4,4.41,never,0,0,0,26.3,0,14
79,male,5,5,2.22,never,0,0,0,24.9,0,25
58,female,4,5,3.92,never,0,0,0,34.9,0,12
62,female,2,2,1.06,never,0,0,0,26.3,0,21
41,male,4,4,5,never,900,1,0,32.3,0,34
41,female,2,4,5,never,510,1,0,26.4,0,32
52,female,5,4,1.57,never,0,0,0,42.2,0,20
60,male,4,2,3.49,current,0,0,1,33.2,0,18
77,male,4,3,3.08,never,315,1,0,32.1,0,15
60,female,3,4,1.21,never,0,0,0,36.6,0,26
73,male,3,5,5,former,90,0,0,31.2,0,26
71,female,5,5,2.22,never,0,0,0,25.7,0,25
79,male,3,2,2.13,never,60,0,0,34,0,33
76,male,3,3,5,never,300,1,0,26.6,0,29
75,male,3,3,3.04,former,420,1,0,26.4,0,26
45,male,3,4,1.67,current,75,0,0,36.6,0,33
80,female,3,4,1.24,never,0,0,0,20.1,1,13
51,female,2,1,NA,never,0,0,0,27.7,0,25
68,female,4,2,NA,former,0,0,0,29.5,0,19
62,male,1,1,1.45,never,0,0,0,19.5,0,31
59,female,3,4,1.02,former,0,0,0,31,0,14
56,male,3,4,0.56,former,60,0,0,24.9,0,34
46,male,3,4,1.15,never,240,1,0,40.2,0,22
63,female,2,5,4.86,never,0,0,0,31.9,0,24
44,female,1,2,NA,never,0,0,0,39.1,0,28
63,male,2,5,5,former,360,1,0,31.1,0,14
60,male,1,2,0.05,current,0,0,0,28.7,0,15
63,male,1,1,1.52,former,0,0,0,28.7,0,22
42,male,4,4,3.03,never,300,1,0,38.6,0,18
64,male,3,3,1.49,former,0,0,1,28.5,0,34
80,male,4,2,1.39,current,0,0,0,20.4,1,3
55,male,1,1,NA,current,540,1,1,38.9,0,33
66,female,2,1,1.29,never,0,0,0,31,0,25
80,male,3,2,1.46,former,0,0,1,30,0,15
41,male,5,2,NA,never,840,1,0,NA,0,14
58,female,4,4,0,current,0,0,0,44,0,24
50,male,5,5,4.98,never,0,0,0,26.3,0,22
66,male,5,3,1.34,never,0,0,1,22.7,1,3
50,male,2,4,1.47,current,0,0,0,33.1,0,15
53,male,1,1,NA,never,0,0,0,29.2,0,32
54,male,4,5,5,never,0,0,0,30.5,0,34
68,male,1,1,0.58,former,0,0,0,37.2,0,27
60,male,4,5,5,never,0,0,1,28.2,0,12
70,male,4,5,NA,former,840,1,0,30,0,15
63,female,3,4,5,never,0,0,1,43,0,14
50,male,4,4,5,current,360,1,0,21.7,0,14
80,female,1,1,0.73,never,90,0,0,29.4,0,31
52,male,1,1,2,former,120,0,0,27.2,0,25
68,female,3,4,1.48,current,0,0,1,29.9,0,15
80,male,3,3,1.94,former,900,1,0,NA,0,16
59,female,3,4,4.45,never,0,0,0,31.4,0,32
70,female,3,2,3.04,never,0,0,0,38.6,0,30
75,female,5,5,NA,never,0,0,0,21,0,27
57,female,4,4,1.85,former,0,0,1,34.7,0,26
65,male,4,3,2.82,current,0,0,0,20.6,0,12
80,female,3,3,1.41,never,0,0,0,29,0,25
64,male,3,3,2,former,0,0,1,29.9,0,14
79,male,3,2,1.52,current,0,0,0,21.6,0,15
56,female,3,4,4.41,never,240,1,0,23.2,0,19
63,female,3,4,3.95,never,60,0,0,33.5,0,32
70,female,1,1,0.64,never,0,0,0,26.8,0,27
61,female,3,3,5,former,100,0,1,34,0,18
48,male,5,5,NA,never,330,1,0,28.6,0,33
46,male,3,4,1.82,current,0,0,0,30.6,0,24
66,male,3,3,0.8,current,0,0,1,28.4,0,28
56,male,4,3,3.18,never,20,0,1,30.6,0,12
46,male,1,4,1.74,never,1020,1,0,27,0,14
69,female,3,5,5,former,450,1,0,29.3,0,36
73,female,2,1,1.72,former,0,0,0,25.1,0,35
41,female,2,2,NA,never,0,0,0,34,0,34
80,male,3,4,4.43,former,0,0,1,31.7,0,15
40,female,5,5,5,never,660,1,0,21.6,0,19
64,male,4,5,3.55,never,45,0,1,32.3,0,16
44,female,5,5,5,never,225,1,0,28.3,0,34
53,male,3,3,4.81,former,720,1,0,29.6,0,29
57,male,4,3,NA,current,0,0,0,33.7,0,23
66,female,3,4,5,former,0,0,0,36.3,0,29
71,female,3,5,5,never,510,1,1,28.9,0,17
68,female,3,4,4.41,never,0,0,1,30,0,25
80,female,1,4,0.7,never,0,0,0,14.2,0,25
59,female,3,4,2.92,former,0,0,0,48.1,0,22
51,male,5,2,2.79,never,1140,1,0,30.1,0,33
80,male,3,4,5,former,0,0,1,23.2,1,2
44,female,3,5,2.89,never,330,1,1,28.5,0,22
50,male,1,1,1.7,never,280,1,0,29.7,0,31
80,male,3,5,5,former,0,0,1,NA,1,11
47,female,5,5,3.08,never,60,0,0,18.2,0,27
60,male,3,1,1.54,former,0,0,0,24.2,0,27
80,male,3,4,3.61,former,360,1,0,29.3,0,34
80,male,3,3,1.73,never,420,1,0,22.8,0,19
65,male,1,1,1,never,0,0,0,32.3,0,21
51,female,3,4,0.8,never,40,0,0,28.9,0,16
64,female,4,4,2.24,never,40,0,0,26.3,0,20
53,female,3,4,0.86,never,60,0,0,28,0,27
55,female,3,4,1.32,never,0,0,0,33.4,0,20
67,male,4,4,3.62,former,0,0,1,31.2,0,26
75,male,4,3,5,former,240,1,1,22.5,0,12
61,female,3,3,3.05,never,120,0,0,23.6,0,18
75,male,3,4,1.97,former,140,0,1,30.8,0,19
52,female,3,4,2.67,never,80,0,0,36.9,0,30
40,male,5,5,4.78,current,0,0,0,24.1,0,34
80,male,3,4,2.43,never,0,0,1,28.1,0,30
73,female,3,4,0.48,current,0,0,0,33.2,0,32
59,male,3,4,5,never,0,0,0,29.7,0,27
53,female,2,2,0.59,never,0,0,0,28,0,16
62,female,1,1,0.58,never,0,0,0,28.7,0,16
63,female,5,3,0.8,former,440,1,NA,31.4,0,26
43,male,1,2,2.47,former,0,0,0,31,0,36
62,male,4,3,0.94,current,0,0,0,31.6,0,14
61,female,3,4,1.29,never,0,0,1,20.8,0,30
54,male,5,4,1.92,former,0,0,0,32.6,0,26
80,male,3,5,0.91,current,0,0,0,23.2,0,30
70,male,3,5,1.85,former,450,1,1,29.4,0,35
61,male,4,1,NA,former,0,0,0,28.9,0,19
50,female,3,4,1.92,former,60,0,0,29.9,0,33
45,male,1,3,0.83,former,280,1,0,32.5,0,18
57,female,3,4,1.71,former,135,0,0,24.3,0,28
50,male,5,4,NA,never,60,0,0,31.7,0,15
50,male,3,5,3.65,never,120,0,0,30.6,0,32
50,male,4,4,5,never,180,1,0,31,0,34
46,female,5,3,0.64,never,0,0,0,23.1,0,27
47,female,3,4,5,never,1440,1,0,21.7,0,17
62,male,2,5,4.56,former,180,1,0,29.1,0,28
46,female,5,2,0.88,never,0,0,0,20.7,0,29
49,male,3,5,5,former,90,0,0,32.1,0,17
60,female,1,4,4.25,never,30,0,0,40.8,0,13
56,male,3,4,NA,never,720,1,0,32.8,0,30
63,female,3,5,2.31,never,180,1,0,18.8,0,25
58,male,3,3,0.61,former,0,0,0,41,1,4
60,female,3,3,0.82,current,0,0,0,32.7,0,14
67,female,4,4,1.17,never,0,0,1,84.4,0,16
57,male,3,4,5,never,150,1,0,31.9,0,32
52,female,5,5,1.54,never,0,0,0,26.4,0,28
54,female,3,4,5,never,0,0,0,24.6,0,18
46,female,5,5,5,former,70,0,0,23.6,0,19
42,female,4,2,NA,never,120,0,0,33.5,0,21
61,male,1,1,1.19,former,0,0,1,30.8,0,15
47,male,3,4,3.03,never,270,1,0,28.6,0,17
61,male,4,3,0.99,former,0,0,0,30,0,16
61,male,3,1,1.72,former,0,0,0,29.8,0,26
67,male,2,3,1.52,current,0,0,0,30.6,0,15
57,female,2,4,0.82,never,0,0,0,32.6,0,34
62,female,5,5,1.45,never,0,0,0,23.8,0,23
65,male,3,2,5,former,0,0,1,23.6,0,34
58,female,4,5,1.94,never,0,0,0,35.1,0,20
60,male,4,2,1.08,current,0,0,0,21.8,0,33
79,male,4,4,4.27,never,0,0,1,39.2,0,24
62,male,4,2,1.84,current,0,0,1,34.6,0,19
41,female,1,3,0.96,never,480,1,0,24.3,0,14
80,male,3,4,1.02,never,0,0,1,18.7,1,3
42,female,2,3,1.96,never,0,0,1,32.5,0,21
48,female,3,3,4.81,current,0,0,0,26.2,0,32
57,female,1,4,3.85,former,480,1,1,26.7,0,28
55,female,2,4,1.46,former,0,0,0,25,0,37
58,female,1,1,NA,never,0,0,1,32.7,0,33
80,female,4,2,NA,never,0,0,0,34.5,0,19
51,female,5,1,2.71,never,0,0,0,27.5,0,22
57,male,4,3,4.25,current,0,0,0,34,0,24
67,female,4,3,0.85,never,0,0,0,36.4,0,34
40,male,1,2,1.45,former,0,0,0,34.3,0,14
41,male,5,4,4.28,never,0,0,0,31.6,0,34
78,male,2,NA,2.31,never,0,0,0,28.2,0,30
63,male,4,4,1.32,former,0,0,1,21.8,0,17
61,female,3,3,3.86,never,0,0,1,25.4,0,16
54,male,2,5,5,never,90,0,1,44.3,0,34
58,male,1,4,5,former,0,0,0,31.5,0,12
45,male,3,1,0.75,current,0,0,0,22.5,0,31
45,male,5,5,NA,never,0,0,0,40.9,0,23
61,male,5,4,4.93,never,0,0,0,26.5,0,24
80,male,5,2,3.48,never,0,0,0,19.7,0,32
63,male,5,5,5,never,0,0,0,25.9,0,13
41,female,4,3,1.24,never,90,0,0,57.7,0,25
61,female,1,1,1.78,never,210,1,0,38.1,0,25
44,female,3,5,5,former,540,1,0,47,0,22
73,female,3,3,5,never,180,1,0,30.8,0,18
70,female,5,4,1.56,never,0,0,0,23,0,20
67,male,3,4,0.99,former,0,0,0,48.8,0,27
51,female,5,5,5,never,0,0,1,26.4,0,14
80,female,5,2,3.48,never,0,0,0,19.4,0,33
44,female,4,5,NA,never,0,0,0,26.6,0,23
66,male,4,3,2.13,former,1320,1,0,39,0,32
61,male,3,3,1.74,former,0,0,0,25.6,0,16
65,male,2,5,5,never,600,1,0,27.4,0,12
61,male,1,2,4.19,former,0,0,0,34.8,0,13
51,female,5,5,5,never,0,0,0,25.7,0,33
80,male,3,5,5,never,0,0,1,30.4,0,27
50,female,5,5,NA,never,150,1,1,30.2,0,32
60,female,4,4,2.57,never,30,0,0,37.2,0,21
47,male,1,4,0.21,never,0,0,0,31.6,0,28
80,male,4,4,5,former,0,0,1,28.1,0,13
42,female,1,3,0.91,former,0,0,0,43.5,0,20
44,female,3,4,1.57,current,600,1,0,27.2,0,22
43,male,4,4,NA,current,60,0,0,35.6,0,22
66,male,4,2,2.46,never,0,0,0,36.5,0,31
75,female,3,5,3.04,never,255,1,1,27.6,0,22
51,male,3,3,2.24,current,360,1,0,24.7,0,24
71,male,3,4,1.73,never,60,0,0,30.7,1,11
55,female,5,3,1.17,current,0,0,1,19.8,0,16
73,female,5,4,5,never,90,0,0,21.9,0,32
66,male,2,4,2.77,former,180,1,0,27.8,0,12
61,female,4,5,NA,never,90,0,0,24.6,0,22
62,female,2,4,5,former,0,0,0,28.7,0,14
53,male,1,1,1.24,former,120,0,1,30.6,0,14
43,female,3,3,0.95,former,0,0,1,35.1,0,16
75,female,3,4,1.74,former,0,0,1,43.7,0,16
60,male,4,2,NA,never,0,0,0,34.8,0,19
48,male,4,3,2.89,current,0,0,0,26.3,0,36
48,female,1,4,4.31,never,0,0,0,37.4,0,26
55,male,5,3,3.59,never,0,0,0,29.6,0,32
65,male,5,4,2.79,never,0,0,1,30.4,0,12
75,male,4,5,4.28,former,90,0,1,25.2,0,31
70,female,5,3,0.95,never,360,1,0,20,0,34
42,male,1,3,NA,former,0,0,0,35.8,0,30
41,female,4,5,1.18,never,60,0,0,26.1,0,17
